"","id","polarity","block","mz","calibrated_mz","calculated_mz","formula"
"X3274_NEG_2_153.019361764789",3274,"NEG",2,153.019329797538,153.019361764789,153.019332219339,"C7 H6 O4"
"X3276_NEG_2_159.066270697947",3276,"NEG",2,159.066231639329,159.066270697947,159.066282412719,"C7 H12 O4"
"X3278_NEG_2_161.060774429765",3278,"NEG",2,161.060737540088,161.060774429765,161.060803109119,"C10 H10 O2"
"X3279_NEG_2_164.035306801865",3279,"NEG",2,164.035269100795,164.035306801865,164.035316636429,"C8 H7 O3 N1"
"X3283_NEG_2_171.102660758809",3283,"NEG",2,171.102632002596,171.102660758809,171.102667922069,"C9 H16 O3"
"X3286_NEG_2_177.055721989852",3286,"NEG",2,177.05568805983,177.055721989852,177.055717728689,"C10 H10 O3"
"X3287_NEG_2_181.050627741974",3287,"NEG",2,181.050604625324,181.050627741974,181.050632348259,"C9 H10 O4"
"X3289_NEG_2_189.030573293321",3289,"NEG",2,189.03054235369,189.030573293321,189.030565608629,"C9 H6 O3 N2"
"X3294_NEG_2_207.051044973546",3294,"NEG",2,207.051034007703,207.051044973546,207.051026271429,"C7 H12 O7"
"X3297_NEG_2_243.062290734115",3297,"NEG",2,243.062291951519,243.062290734115,243.062259660719,"C9 H12 O6 N2"
"X3298_NEG_2_255.232967866092",3298,"NEG",2,255.232989529097,255.232967866092,255.232953818179,"C16 H32 O2"
"X3300_NEG_2_269.212220549285",3300,"NEG",2,269.212249202412,269.212220549285,269.212218373289,"C16 H30 O3"
"X3304_NEG_2_283.264296382116",3304,"NEG",2,283.264317455349,283.264296382116,283.264253947099,"C18 H36 O2"
"X3307_NEG_2_380.976964729359",3307,"NEG",2,380.976841064779,380.976964729359,380.976935098789,"C11 H10 O13 S1"
"X3308_NEG_2_463.160939775053",3308,"NEG",2,463.160542065731,463.160939775053,463.160970645819,"C23 H28 O10"
"X3309_NEG_2_468.160501696256",3309,"NEG",2,468.160082722149,468.160501696256,468.160517152109,"C32 H23 O3 N1"
"X3310_NEG_2_489.140272683139",3310,"NEG",2,489.139911130298,489.140272683139,489.140235200929,"C24 H26 O11"
"X3324_NEG_3_191.107774407544",3324,"NEG",3,191.107767326993,191.107774407544,191.107753302498,"C12 H16 O2"
"X3326_NEG_3_217.065900832895",3326,"NEG",3,217.065910722503,217.065900832895,217.065888489549,"C16 H10 O1"
"X3327_NEG_3_221.081943145464",3327,"NEG",3,221.081954107015,221.081943145464,221.081932477179,"C12 H14 O4"
"X3328_NEG_3_230.155046300766",3328,"NEG",3,230.155069630978,230.155046300766,230.155037848509,"C15 H21 O1 N1"
"X3329_NEG_3_233.103074249557",3329,"NEG",3,233.103100211696,233.103074249557,233.103061845239,"C10 H18 O6"
"X3330_NEG_3_233.154718442705",3330,"NEG",3,233.154745773418,233.154718442705,233.154703495879,"C15 H22 O2"
"X3332_NEG_3_243.062279538775",3332,"NEG",3,243.062305111839,243.062279538775,243.062259660719,"C9 H12 O6 N2"
"X3333_NEG_3_255.232945814034",3333,"NEG",3,255.233004602144,255.232945814034,255.232953818179,"C16 H32 O2"
"X3336_NEG_3_283.264262561325",3336,"NEG",3,283.264332348386,283.264262561325,283.264253947099,"C18 H36 O2"
"X3346_NEG_4_119.025081660665",3346,"NEG",4,119.025041211328,119.025081660665,119.025086305029,"C6 H4 O1 N2"
"X3347_NEG_4_122.024752854151",3347,"NEG",4,122.024725030265,122.024752854151,122.024751952399,"C6 H5 O2 N1"
"X3349_NEG_4_133.029520166312",3349,"NEG",4,133.029479446483,133.029520166312,133.029502980199,"C8 H6 O2"
"X3352_NEG_4_141.01935171163",3352,"NEG",4,141.019319523117,141.01935171163,141.019332219339,"C6 H6 O4"
"X3357_NEG_4_169.050626861407",3357,"NEG",4,169.050598064546,169.050626861407,169.050632348259,"C8 H10 O4"
"X3358_NEG_4_171.102644141823",3358,"NEG",4,171.102616165854,171.102644141823,171.102667922069,"C9 H16 O3"
"X3359_NEG_4_173.045544581252",3359,"NEG",4,173.045516471935,173.045544581252,173.045546967829,"C7 H10 O5"
"X3361_NEG_4_181.050635515235",3361,"NEG",4,181.050609359265,181.050635515235,181.050632348259,"C9 H10 O4"
"X3364_NEG_4_189.019364122526",3364,"NEG",4,189.019338155934,189.019364122526,189.019332219339,"C10 H6 O4"
"X3365_NEG_4_189.055736373965",3365,"NEG",4,189.055716972521,189.055736373965,189.055717728689,"C11 H10 O3"
"X3366_NEG_4_191.035025493333",3366,"NEG",4,191.035004054105,191.035025493333,191.034982283799,"C10 H8 O4"
"X3367_NEG_4_193.050623564896",3367,"NEG",4,193.050602925525,193.050623564896,193.050632348259,"C10 H10 O4"
"X3369_NEG_4_233.103105493872",3369,"NEG",4,233.103095519533,233.103105493872,233.103061845239,"C10 H18 O6"
"X3370_NEG_4_237.06162530852",3370,"NEG",4,237.061612340341,237.06162530852,237.061590955459,"C8 H14 O8"
"X3372_NEG_4_243.062302146666",3372,"NEG",4,243.062300328963,243.062302146666,243.06225966072,"C9 H12 O6 N2"
"X3374_NEG_4_255.232974059557",3374,"NEG",4,255.232999218587,255.232974059557,255.232953818179,"C16 H32 O2"
"X3375_NEG_4_269.212201961144",3375,"NEG",4,269.21224229742,269.212201961144,269.212218373289,"C16 H30 O3"
"X3377_NEG_4_283.264284874405",3377,"NEG",4,283.264322519532,283.264284874405,283.264253947099,"C18 H36 O2"
"X3380_NEG_4_469.15983740925",3380,"NEG",4,469.159991728231,469.15983740925,469.159788876309,"C36 H22 O1"
"X3392_NEG_5_171.102649212538",3392,"NEG",5,171.102622502832,171.102649212538,171.102667922069,"C9 H16 O3"
"X3393_NEG_5_172.040386107077",3393,"NEG",5,172.040360619143,172.040386107077,172.040402016859,"C10 H7 O2 N1"
"X3394_NEG_5_173.118309622005",3394,"NEG",5,173.118288485378,173.118309622005,173.118317986529,"C9 H18 O3"
"X3395_NEG_5_175.040060462034",3395,"NEG",5,175.040038317538,175.040060462034,175.040067664229,"C10 H8 O3"
"X3396_NEG_5_181.050634854223",3396,"NEG",5,181.050610484319,181.050634854223,181.050632348259,"C9 H10 O4"
"X3397_NEG_5_189.055737966431",3397,"NEG",5,189.055722015164,189.055737966431,189.055717728689,"C11 H10 O3"
"X3399_NEG_5_233.103091559221",3399,"NEG",5,233.103091782908,233.103091559221,233.103061845239,"C10 H18 O6"
"X3400_NEG_5_233.154725968558",3400,"NEG",5,233.154737487782,233.154725968558,233.154703495879,"C15 H22 O2"
"X3402_NEG_5_243.062287962542",3402,"NEG",5,243.062301546732,243.062287962542,243.062259660719,"C9 H12 O6 N2"
"X3404_NEG_5_252.996564857284",3404,"NEG",5,252.996618956018,252.996564857284,252.996488774169,"C14 H6 O3 S1"
"X3405_NEG_5_255.232967629354",3405,"NEG",5,255.233003798518,255.232967629354,255.232953818179,"C16 H32 O2"
"X3407_NEG_5_269.212245783559",3407,"NEG",5,269.212283741846,269.212245783559,269.212218373289,"C16 H30 O3"
"X3409_NEG_5_283.264302778698",3409,"NEG",5,283.264322142797,283.264302778698,283.264253947099,"C18 H36 O2"
"X3411_NEG_5_477.140111742677",3411,"NEG",5,477.13942712317,477.140111742677,477.140235200929,"C23 H26 O11"
"X3412_NEG_5_487.139921889607",3412,"NEG",5,487.139405360994,487.139921889607,487.139841277759,"C28 H24 O8"
"X3416_NEG_6_161.060775970443",3416,"NEG",6,161.060742653251,161.060775970443,161.060803109119,"C10 H10 O2"
"X3417_NEG_6_164.035300963846",3417,"NEG",6,164.035271041672,164.035300963846,164.035316636429,"C8 H7 O3 N1"
"X3419_NEG_6_171.102651796255",3419,"NEG",6,171.102625183529,171.102651796255,171.102667922069,"C9 H16 O3"
"X3422_NEG_6_179.071374717524",3422,"NEG",6,179.071347657587,179.071374717524,179.071367793149,"C10 H12 O3"
"X3423_NEG_6_181.050628950273",3423,"NEG",6,181.050604882968,181.050628950273,181.050632348259,"C9 H10 O4"
"X3426_NEG_6_189.055726617682",3426,"NEG",6,189.055718653073,189.055726617682,189.055717728689,"C11 H10 O3"
"X3429_NEG_6_199.018264671239",3429,"NEG",6,199.018235697452,199.018264671239,199.018286847489,"C7 H8 O3 N2 S1"
"X3430_NEG_6_207.051044110628",3430,"NEG",6,207.051023498542,207.051044110628,207.051026271429,"C7 H12 O7"
"X3432_NEG_6_243.06228094216",3432,"NEG",6,243.062292589629,243.06228094216,243.062259660719,"C9 H12 O6 N2"
"X3435_NEG_6_255.232970732561",3435,"NEG",6,255.233001170027,255.232970732561,255.232953818179,"C16 H32 O2"
"X3436_NEG_6_269.212241676311",3436,"NEG",6,269.212276296986,269.212241676311,269.212218373289,"C16 H30 O3"
"X3438_NEG_6_283.264309998185",3438,"NEG",6,283.264325660449,283.264309998185,283.264253947099,"C18 H36 O2"
"X3441_NEG_6_465.16078027835",3441,"NEG",6,465.160230739377,465.16078027835,465.160851504738,"C32 H22 O2 N2"
"X3442_NEG_6_468.160535820272",3442,"NEG",6,468.160051071424,468.160535820272,468.160517152108,"C32 H23 O3 N1"
"X3443_NEG_6_477.140141912241",3443,"NEG",6,477.139425958377,477.140141912241,477.140235200929,"C23 H26 O11"
"X3445_NEG_6_480.139339521856",3445,"NEG",6,480.138783389422,480.139339521856,480.139387784048,"C36 H19 O1 N1"
"X3450_NEG_7_122.024755535855",3450,"NEG",7,122.024723588238,122.024755535855,122.024751952399,"C6 H5 O2 N1"
"X3454_NEG_7_133.029519345767",3454,"NEG",7,133.029481640322,133.029519345767,133.029502980199,"C8 H6 O2"
"X3456_NEG_7_161.060775501068",3456,"NEG",7,161.060737829766,161.060775501068,161.060803109119,"C10 H10 O2"
"X3460_NEG_7_169.050626816311",3460,"NEG",7,169.050592956374,169.050626816311,169.050632348259,"C8 H10 O4"
"X3462_NEG_7_171.102650297549",3462,"NEG",7,171.102618281202,171.102650297549,171.102667922069,"C9 H16 O3"
"X3463_NEG_7_172.040393531787",3463,"NEG",7,172.040362296582,172.040393531787,172.040402016859,"C10 H7 O2 N1"
"X3466_NEG_7_177.055712251855",3466,"NEG",7,177.055682430917,177.055712251855,177.055717728689,"C10 H10 O3"
"X3467_NEG_7_181.050640363489",3467,"NEG",7,181.050611021436,181.050640363489,181.050632348259,"C9 H10 O4"
"X3474_NEG_7_199.097556380828",3474,"NEG",7,199.097535168784,199.097556380828,199.097582541639,"C10 H16 O4"
"X3475_NEG_7_237.061625564416",3475,"NEG",7,237.061623191549,237.061625564416,237.061590955459,"C8 H14 O8"
"X3477_NEG_7_243.062292190165",3477,"NEG",7,243.062297981189,243.062292190165,243.062259660719,"C9 H12 O6 N2"
"X3479_NEG_7_255.232957150275",3479,"NEG",7,255.232984865539,255.232957150275,255.232953818179,"C16 H32 O2"
"X3480_NEG_7_269.21221534219",3480,"NEG",7,269.21226312328,269.21221534219,269.212218373289,"C16 H30 O3"
"X3483_NEG_7_283.264281707901",3483,"NEG",7,283.264330661126,283.264281707901,283.264253947099,"C18 H36 O2"
"X3493_NEG_8_133.029528039406",3493,"NEG",8,133.029487431886,133.029528039406,133.029502980199,"C8 H6 O2"
"X3499_NEG_8_147.029931405877",3499,"NEG",8,147.029896944638,147.029931405877,147.029896903369,"C5 H8 O5"
"X3502_NEG_8_161.060778076536",3502,"NEG",8,161.060743986429,161.060778076536,161.060803109119,"C10 H10 O2"
"X3503_NEG_8_164.035306889369",3503,"NEG",8,164.035275476045,164.035306889369,164.035316636429,"C8 H7 O3 N1"
"X3505_NEG_8_171.102658096735",3505,"NEG",8,171.102629384926,171.102658096735,171.102667922069,"C9 H16 O3"
"X3506_NEG_8_172.040380028041",3506,"NEG",8,172.040351859485,172.040380028041,172.040402016859,"C10 H7 O2 N1"
"X3507_NEG_8_175.040055789088",3507,"NEG",8,175.040026164698,175.040055789088,175.040067664229,"C10 H8 O3"
"X3508_NEG_8_181.05063865167",3508,"NEG",8,181.050614155974,181.05063865167,181.050632348259,"C9 H10 O4"
"X3509_NEG_8_187.061223704599",3509,"NEG",8,187.061199018072,187.061223704599,187.061197032289,"C8 H12 O5"
"X3510_NEG_8_189.04047940968",3510,"NEG",8,189.040453834418,189.04047940968,189.040461587399,"C7 H10 O6"
"X3511_NEG_8_189.055741652453",3511,"NEG",8,189.055721409886,189.055741652453,189.055717728689,"C11 H10 O3"
"X3513_NEG_8_193.050631703251",3513,"NEG",8,193.050608460107,193.050631703251,193.050632348259,"C10 H10 O4"
"X3515_NEG_8_199.09756188787",3515,"NEG",8,199.097539204381,199.09756188787,199.097582541639,"C10 H16 O4"
"X3516_NEG_8_207.05104674617",3516,"NEG",8,207.051028303694,207.05104674617,207.051026271429,"C7 H12 O7"
"X3518_NEG_8_233.10310331501",3518,"NEG",8,233.103096809939,233.10310331501,233.103061845239,"C10 H18 O6"
"X3519_NEG_8_242.176168151346",3519,"NEG",8,242.176189529577,242.176168151346,242.176167216569,"C13 H25 O3 N1"
"X3520_NEG_8_255.232967576681",3520,"NEG",8,255.232995319206,255.232967576681,255.232953818179,"C16 H32 O2"
"X3521_NEG_8_269.212208088049",3521,"NEG",8,269.212246641163,269.212208088049,269.212218373289,"C16 H30 O3"
"X3523_NEG_8_283.264277568446",3523,"NEG",8,283.264328160262,283.264277568446,283.264253947099,"C18 H36 O2"
"X3525_NEG_8_478.138904589915",3525,"NEG",8,478.139122896469,478.138904589915,478.138855476449,"C19 H29 O11 N1 S1"
"X3526_NEG_8_483.138471421295",3526,"NEG",8,483.138685355627,483.138471421295,483.138401982739,"C28 H24 O4 N2 S1"
"X3527_NEG_9_133.029533217302",3527,"NEG",9,133.029476427506,133.029533217302,133.029502980199,"C8 H6 O2"
"X3530_NEG_9_139.040100562049",3530,"NEG",9,139.04004409298,139.040100562049,139.040067664229,"C7 H8 O3"
"X3532_NEG_9_153.019370437983",3532,"NEG",9,153.019326777735,153.019370437983,153.019332219339,"C7 H6 O4"
"X3533_NEG_9_153.055754564132",3533,"NEG",9,153.055710857597,153.055754564132,153.055717728689,"C8 H10 O3"
"X3534_NEG_9_155.035023254894",3534,"NEG",9,155.034981833565,155.035023254894,155.034982283799,"C7 H8 O4"
"X3536_NEG_9_158.082248306587",3536,"NEG",9,158.082211331219,158.082248306587,158.082266829809,"C7 H13 O3 N1"
"X3539_NEG_9_161.060773103012",3539,"NEG",9,161.060739166617,161.060773103012,161.060803109119,"C10 H10 O2"
"X3540_NEG_9_164.035306444069",3540,"NEG",9,164.035277173996,164.035306444069,164.035316636429,"C8 H7 O3 N1"
"X3541_NEG_9_165.055692492733",3541,"NEG",9,165.055663312799,165.055692492733,165.055717728689,"C9 H10 O3"
"X3542_NEG_9_167.071353159504",3542,"NEG",9,167.071325743796,167.071353159504,167.071367793149,"C9 H12 O3"
"X3543_NEG_9_169.014223555402",3543,"NEG",9,169.014201039802,169.014223555402,169.014246838909,"C7 H6 O5"
"X3544_NEG_9_169.087006863931",3544,"NEG",9,169.086981636026,169.087006863931,169.087017857609,"C9 H14 O3"
"X3546_NEG_9_171.102653240083",3546,"NEG",9,171.102630497675,171.102653240083,171.102667922069,"C9 H16 O3"
"X3547_NEG_9_172.040371300739",3547,"NEG",9,172.040354259527,172.040371300739,172.040402016859,"C10 H7 O2 N1"
"X3549_NEG_9_175.04004306298",3549,"NEG",9,175.040029226506,175.04004306298,175.040067664229,"C10 H8 O3"
"X3550_NEG_9_181.014225080858",3550,"NEG",9,181.014218253136,181.014225080858,181.014246838909,"C8 H6 O5"
"X3551_NEG_9_183.066271870484",3551,"NEG",9,183.066270341843,183.066271870484,183.066282412719,"C9 H12 O4"
"X3552_NEG_9_185.045533857874",3552,"NEG",9,185.045535618242,185.045533857874,185.045546967828,"C8 H10 O5"
"X3554_NEG_9_189.05572585484",3554,"NEG",9,189.055729173772,189.05572585484,189.055717728689,"C11 H10 O3"
"X3555_NEG_9_191.0349901529",3555,"NEG",9,191.034998436472,191.0349901529,191.034982283799,"C10 H8 O4"
"X3556_NEG_9_193.050607841711",3556,"NEG",9,193.050618175556,193.050607841711,193.050632348259,"C10 H10 O4"
"X3557_NEG_9_195.029886761156",3557,"NEG",9,195.029898224905,195.029886761156,195.029896903369,"C9 H8 O5"
"X3558_NEG_9_195.066288113395",3558,"NEG",9,195.066295197033,195.066288113395,195.066282412719,"C10 H12 O4"
"X3559_NEG_9_197.009185556962",3559,"NEG",9,197.009205148094,197.009185556962,197.009161458479,"C8 H6 O6"
"X3560_NEG_9_197.045569354678",3560,"NEG",9,197.045581430456,197.045569354678,197.045546967829,"C9 H10 O5"
"X3561_NEG_9_199.018243908926",3561,"NEG",9,199.018255449954,199.018243908926,199.018286847489,"C7 H8 O3 N2 S1"
"X3562_NEG_9_199.061152486353",3562,"NEG",9,199.061169184506,199.061152486353,199.061197032289,"C9 H12 O5"
"X3563_NEG_9_201.07680883435",3563,"NEG",9,201.076826943007,201.07680883435,201.076847096749,"C9 H14 O5"
"X3566_NEG_9_207.051005046601",3566,"NEG",9,207.051030018586,207.051005046601,207.051026271429,"C7 H12 O7"
"X3568_NEG_9_209.04553308374",3568,"NEG",9,209.04555540006,209.04553308374,209.045546967829,"C10 H10 O5"
"X3570_NEG_9_211.061178447863",3570,"NEG",9,211.061207687263,211.061178447863,211.061197032289,"C10 H12 O5"
"X3572_NEG_9_213.076847456499",3572,"NEG",9,213.076877610337,213.076847456499,213.076847096749,"C10 H14 O5"
"X3574_NEG_9_223.061201355774",3574,"NEG",9,223.061235563598,223.061201355774,223.061197032289,"C11 H12 O5"
"X3575_NEG_9_225.004046282401",3575,"NEG",9,225.004095299787,225.004046282401,225.004076078049,"C9 H6 O7"
"X3576_NEG_9_225.040438980355",3576,"NEG",9,225.040482216425,225.040438980355,225.040461587399,"C10 H10 O6"
"X3577_NEG_9_225.076840358693",3577,"NEG",9,225.076879402887,225.076840358693,225.076847096749,"C11 H14 O5"
"X3578_NEG_9_227.056092946117",3578,"NEG",9,227.056134999412,227.056092946117,227.056111651859,"C10 H12 O6"
"X3579_NEG_9_229.071737672017",3579,"NEG",9,229.071789277203,229.071737672017,229.071761716319,"C10 H14 O6"
"X3580_NEG_9_237.040454014347",3580,"NEG",9,237.040502577752,237.040454014347,237.040461587399,"C11 H10 O6"
"X3581_NEG_9_239.056102846753",3581,"NEG",9,239.056154390229,239.056102846753,239.056111651859,"C11 H12 O6"
"X3582_NEG_9_241.071745662739",3582,"NEG",9,241.071800125371,241.071745662739,241.071761716319,"C11 H14 O6"
"X3583_NEG_9_242.176148810246",3583,"NEG",9,242.176207010659,242.176148810246,242.176167216569,"C13 H25 O3 N1"
"X3585_NEG_9_252.996529295124",3585,"NEG",9,252.996617439232,252.996529295124,252.99648877417,"C14 H6 O3 S1"
"X3586_NEG_9_253.071744812359",3586,"NEG",9,253.071811993545,253.071744812359,253.071761716319,"C12 H14 O6"
"X3587_NEG_9_255.051007668798",3587,"NEG",9,255.051074498404,255.051007668798,255.051026271429,"C11 H12 O7"
"X3588_NEG_9_255.087403741807",3588,"NEG",9,255.087471987787,255.087403741807,255.087411780779,"C12 H16 O6"
"X3589_NEG_9_255.232930060428",3589,"NEG",9,255.233001036331,255.232930060428,255.232953818179,"C16 H32 O2"
"X3590_NEG_9_257.066644698613",3590,"NEG",9,257.066725005383,257.066644698613,257.066676335889,"C11 H14 O7"
"X3592_NEG_9_267.050998449513",3592,"NEG",9,267.051077833452,267.050998449513,267.051026271429,"C12 H12 O7"
"X3593_NEG_9_269.066631011416",3593,"NEG",9,269.0667177228,269.066631011416,269.066676335889,"C12 H14 O7"
"X3595_NEG_9_271.045908297319",3595,"NEG",9,271.045992559934,271.045908297319,271.045940890999,"C11 H12 O8"
"X3596_NEG_9_271.082278954189",3596,"NEG",9,271.082366171952,271.082278954189,271.082326400349,"C12 H16 O7"
"X3599_NEG_9_281.066649951848",3599,"NEG",9,281.066748397554,281.066649951848,281.066676335889,"C13 H14 O7"
"X3600_NEG_9_283.045919470565",3600,"NEG",9,283.04601730737,283.045919470565,283.045940890999,"C12 H12 O8"
"X3601_NEG_9_283.082300087025",3601,"NEG",9,283.082402625506,283.082300087025,283.082326400349,"C13 H16 O7"
"X3602_NEG_9_283.26423253399",3602,"NEG",9,283.264330064007,283.26423253399,283.264253947099,"C18 H36 O2"
"X3603_NEG_9_285.061566584048",3603,"NEG",9,285.061671613294,285.061566584048,285.061590955459,"C12 H14 O8"
"X3604_NEG_9_285.097957562185",3604,"NEG",9,285.098061193348,285.097957562185,285.097976464809,"C13 H18 O7"
"X3605_NEG_9_287.077215128479",3605,"NEG",9,287.077317441734,287.077215128479,287.077241019919,"C12 H16 O8"
"X3606_NEG_9_295.045926020057",3606,"NEG",9,295.046038445514,295.045926020057,295.045940890999,"C13 H12 O8"
"X3607_NEG_9_295.082300018613",3607,"NEG",9,295.082416294381,295.082300018613,295.082326400349,"C14 H16 O7"
"X3608_NEG_9_297.061599910017",3608,"NEG",9,297.061715899631,297.061599910017,297.061590955459,"C13 H14 O8"
"X3609_NEG_9_297.09797188327",3609,"NEG",9,297.098089044522,297.09797188327,297.097976464809,"C14 H18 O7"
"X3612_NEG_9_299.077241820153",3612,"NEG",9,299.077359599442,299.077241820153,299.07724101992,"C13 H16 O8"
"X3614_NEG_9_301.056519348153",3614,"NEG",9,301.056635100849,301.056519348153,301.056505575029,"C12 H14 O9"
"X3615_NEG_9_301.092888976156",3615,"NEG",9,301.093011277209,301.092888976156,301.092891084379,"C13 H18 O8"
"X3617_NEG_9_309.025202934255",3617,"NEG",9,309.025335530074,309.025202934255,309.025205446109,"C13 H10 O9"
"X3618_NEG_9_309.061602319948",3618,"NEG",9,309.06173175984,309.061602319948,309.061590955459,"C14 H14 O8"
"X3619_NEG_9_311.040863251868",3619,"NEG",9,311.040997976396,311.040863251868,311.040855510569,"C13 H12 O9"
"X3620_NEG_9_311.077259595775",3620,"NEG",9,311.07738947103,311.077259595775,311.07724101992,"C14 H16 O8"
"X3621_NEG_9_311.113638583277",3621,"NEG",9,311.113758196355,311.113638583277,311.113626529269,"C15 H20 O7"
"X3622_NEG_9_313.056525817292",3622,"NEG",9,313.056653156257,313.056525817292,313.05650557503,"C13 H14 O9"
"X3623_NEG_9_313.092912248082",3623,"NEG",9,313.093045415905,313.092912248082,313.092891084379,"C14 H18 O8"
"X3624_NEG_9_315.072179745714",3624,"NEG",9,315.072315217682,315.072179745714,315.072155639489,"C13 H16 O9"
"X3625_NEG_9_315.108568570497",3625,"NEG",9,315.108715725922,315.108568570497,315.108541148839,"C14 H20 O8"
"X3628_NEG_9_323.040887035315",3628,"NEG",9,323.041037840811,323.040887035315,323.040855510569,"C14 H12 O9"
"X3629_NEG_9_323.077294467763",3629,"NEG",9,323.07744429519,323.077294467763,323.077241019919,"C15 H16 O8"
"X3631_NEG_9_325.056563539496",3631,"NEG",9,325.056710052031,325.056563539496,325.056505575029,"C14 H14 O9"
"X3632_NEG_9_325.092926058082",3632,"NEG",9,325.093074547329,325.092926058082,325.092891084379,"C15 H18 O8"
"X3633_NEG_9_327.035827316848",3633,"NEG",9,327.035984598932,327.035827316848,327.035770130139,"C13 H12 O10"
"X3634_NEG_9_327.072222613276",3634,"NEG",9,327.072366548421,327.072222613276,327.072155639489,"C14 H16 O9"
"X3635_NEG_9_327.10857431634",3635,"NEG",9,327.108730996121,327.10857431634,327.108541148839,"C15 H20 O8"
"X3636_NEG_9_329.051483961051",3636,"NEG",9,329.051634929803,329.051483961051,329.051420194599,"C13 H14 O10"
"X3637_NEG_9_329.087866023056",3637,"NEG",9,329.088020821431,329.087866023056,329.087805703949,"C14 H18 O9"
"X3639_NEG_9_335.040925266085",3639,"NEG",9,335.041093313443,335.040925266085,335.040855510569,"C15 H12 O9"
"X3641_NEG_9_337.056595388255",3641,"NEG",9,337.056764698396,337.056595388255,337.056505575029,"C15 H14 O9"
"X3642_NEG_9_339.03576634218",3642,"NEG",9,339.035932522457,339.03576634218,339.035770130139,"C14 H12 O10"
"X3643_NEG_9_339.072151272329",3643,"NEG",9,339.072298033314,339.072151272329,339.072155639489,"C15 H16 O9"
"X3644_NEG_9_341.051417925488",3644,"NEG",9,341.051577720473,341.051417925488,341.051420194599,"C14 H14 O10"
"X3645_NEG_9_341.087813412907",3645,"NEG",9,341.087960918068,341.087813412907,341.087805703949,"C15 H18 O9"
"X3646_NEG_9_343.067070942828",3646,"NEG",9,343.067223275854,343.067070942828,343.067070259059,"C14 H16 O10"
"X3647_NEG_9_343.103437835706",3647,"NEG",9,343.103605045733,343.103437835706,343.103455768409,"C15 H20 O9"
"X3648_NEG_9_345.082690432978",3648,"NEG",9,345.08286362833,345.082690432978,345.082720323519,"C14 H18 O10"
"X3649_NEG_9_351.035779694766",3649,"NEG",9,351.035963382246,351.035779694766,351.035770130139,"C15 H12 O10"
"X3650_NEG_9_351.072160639009",3650,"NEG",9,351.072351646042,351.072160639009,351.072155639489,"C16 H16 O9"
"X3651_NEG_9_353.051437586612",3651,"NEG",9,353.051615513287,353.051437586612,353.051420194599,"C15 H14 O10"
"X3652_NEG_9_353.087829317054",3652,"NEG",9,353.088001936962,353.087829317054,353.087805703949,"C16 H18 O9"
"X3653_NEG_9_355.067120392936",3653,"NEG",9,355.067284616744,355.067120392936,355.067070259058,"C15 H16 O10"
"X3654_NEG_9_355.103464690827",3654,"NEG",9,355.103657200956,355.103464690827,355.103455768409,"C16 H20 O9"
"X3655_NEG_9_357.046335494187",3655,"NEG",9,357.046519455401,357.046335494187,357.046334814169,"C14 H14 O11"
"X3656_NEG_9_357.082759867881",3656,"NEG",9,357.082925767435,357.082759867881,357.082720323519,"C15 H18 O10"
"X3657_NEG_9_359.062010229584",3657,"NEG",9,359.062199720748,359.062010229584,359.061984878629,"C14 H16 O11"
"X3659_NEG_9_365.051438497213",3659,"NEG",9,365.051631298644,365.051438497213,365.051420194599,"C16 H14 O10"
"X3660_NEG_9_367.030688638544",3660,"NEG",9,367.030892907565,367.030688638544,367.030684749709,"C15 H12 O11"
"X3661_NEG_9_367.067119154863",3661,"NEG",9,367.06730157577,367.067119154863,367.067070259059,"C16 H16 O10"
"X3662_NEG_9_369.046369676869",3662,"NEG",9,369.046550195905,369.046369676869,369.046334814169,"C15 H14 O11"
"X3663_NEG_9_369.082756151968",3663,"NEG",9,369.08294119041,369.082756151968,369.08272032352,"C16 H18 O10"
"X3664_NEG_9_371.062044986959",3664,"NEG",9,371.062221679279,371.062044986959,371.061984878629,"C15 H16 O11"
"X3665_NEG_9_371.098399840636",3665,"NEG",9,371.098604636536,371.098399840636,371.098370387979,"C16 H20 O10"
"X3666_NEG_9_373.077667059376",3666,"NEG",9,373.077866094806,373.077667059376,373.077634943089,"C15 H18 O11"
"X3668_NEG_9_379.030708112635",3668,"NEG",9,379.030929628627,379.030708112635,379.030684749709,"C16 H12 O11"
"X3669_NEG_9_379.067099148823",3669,"NEG",9,379.067329109066,379.067099148823,379.067070259059,"C17 H16 O10"
"X3670_NEG_9_381.046378697367",3670,"NEG",9,381.046589626159,381.046378697367,381.046334814169,"C16 H14 O11"
"X3671_NEG_9_381.082754801428",3671,"NEG",9,381.082958016752,381.082754801428,381.082720323519,"C17 H18 O10"
"X3672_NEG_9_383.062042664448",3672,"NEG",9,383.062240386672,383.062042664448,383.061984878629,"C16 H16 O11"
"X3673_NEG_9_385.041274597",3673,"NEG",9,385.041504747274,385.041274597,385.041249433739,"C15 H14 O12"
"X3674_NEG_9_385.077688933976",3674,"NEG",9,385.077892183383,385.077688933976,385.077634943089,"C16 H18 O11"
"X3675_NEG_9_387.056935385168",3675,"NEG",9,387.057156954377,387.056935385168,387.056899498199,"C15 H16 O12"
"X3677_NEG_9_393.046390359423",3677,"NEG",9,393.046622237712,393.046390359423,393.046334814169,"C17 H14 O11"
"X3679_NEG_9_395.062023934712",3679,"NEG",9,395.062239992032,395.062023934712,395.061984878629,"C17 H16 O11"
"X3680_NEG_9_397.041259192953",3680,"NEG",9,397.041483835426,397.041259192953,397.041249433739,"C16 H14 O12"
"X3681_NEG_9_397.077663294523",3681,"NEG",9,397.077879883508,397.077663294523,397.077634943089,"C17 H18 O11"
"X3682_NEG_9_399.05692582443",3682,"NEG",9,399.057145683301,399.05692582443,399.056899498199,"C16 H16 O12"
"X3683_NEG_9_399.093314438381",3683,"NEG",9,399.093545652922,399.093314438381,399.093285007549,"C17 H20 O11"
"X3684_NEG_9_401.072590223174",3684,"NEG",9,401.072819747549,401.072590223174,401.072549562659,"C16 H18 O12"
"X3685_NEG_9_409.04129115295",3685,"NEG",9,409.041537555154,409.04129115295,409.041249433739,"C17 H14 O12"
"X3686_NEG_9_411.056913802653",3686,"NEG",9,411.057150535776,411.056913802653,411.056899498199,"C17 H16 O12"
"X3687_NEG_9_413.072586462153",3687,"NEG",9,413.072817985747,413.072586462153,413.072549562659,"C17 H18 O12"
"X3688_NEG_9_415.051820077424",3688,"NEG",9,415.0520876122,415.051820077424,415.051814117769,"C16 H16 O13"
"X3691_NEG_9_423.056912899473",3691,"NEG",9,423.057170682376,423.056912899473,423.056899498199,"C18 H16 O12"
"X3692_NEG_9_425.072579323842",3692,"NEG",9,425.072838911219,425.072579323842,425.072549562659,"C18 H18 O12"
"X3693_NEG_9_427.051791614217",3693,"NEG",9,427.052054383073,427.051791614217,427.051814117769,"C17 H16 O13"
"X3695_NEG_9_429.067448444892",3695,"NEG",9,429.06771959038,429.067448444892,429.067464182229,"C17 H18 O13"
"X3697_NEG_9_439.051805227397",3697,"NEG",9,439.052081417392,439.051805227397,439.05181411777,"C18 H16 O13"
"X3698_NEG_9_441.06745542322",3698,"NEG",9,441.06774401888,441.06745542322,441.067464182229,"C18 H18 O13"
"X3700_NEG_9_453.067439909732",3700,"NEG",9,453.06775497466,453.067439909732,453.067464182229,"C19 H18 O13"
"X3709_NEG_9_483.138364521394",3709,"NEG",9,483.138707508773,483.138364521394,483.138401982739,"C28 H24 O4 N2 S1"
"X3710_NEG_9_485.068657570002",3710,"NEG",9,485.069083166583,485.068657570002,485.06852681066,"C18 H18 O14 N2"
"X3711_NEG_9_487.139173831188",3711,"NEG",9,487.139481388969,487.139173831188,487.139189829079,"C20 H28 O10 N2 S1"
"X3712_NEG_9_507.090819826395",3712,"NEG",9,507.091280030192,507.090819826395,507.090783084099,"C30 H20 O6 S1"
"X3719_NEG_10_117.019365347243",3719,"NEG",10,117.019305094011,117.019365347243,117.019332219339,"C4 H6 O4"
"X3720_NEG_10_119.025093353623",3720,"NEG",10,119.02503347173,119.025093353623,119.025086305029,"C6 H4 O1 N2"
"X3721_NEG_10_119.050282531447",3721,"NEG",10,119.050227720562,119.050282531447,119.050238425089,"C8 H8 O1"
"X3722_NEG_10_121.029542565924",3722,"NEG",10,121.029485287242,121.029542565924,121.029502980199,"C7 H6 O2"
"X3723_NEG_10_123.008805990709",3723,"NEG",10,123.008749891733,123.008805990709,123.008767535309,"C6 H4 O3"
"X3724_NEG_10_123.045195108775",3724,"NEG",10,123.045141230058,123.045195108775,123.045153044659,"C7 H8 O2"
"X3725_NEG_10_125.024450348106",3725,"NEG",10,125.024395771026,125.024450348106,125.024417599769,"C6 H6 O3"
"X3726_NEG_10_125.035691433784",3726,"NEG",10,125.035638315436,125.035691433784,125.035650989059,"C5 H6 O2 N2"
"X3727_NEG_10_126.019694417987",3727,"NEG",10,126.019642212815,126.019694417987,126.019666571969,"C5 H5 O3 N1"
"X3728_NEG_10_127.003712161899",3728,"NEG",10,127.003660123239,127.003712161899,127.003682154879,"C5 H4 O4"
"X3729_NEG_10_127.014944410574",3729,"NEG",10,127.014891365195,127.014944410574,127.014915544169,"C4 H4 O3 N2"
"X3730_NEG_10_127.040110521199",3730,"NEG",10,127.040059505641,127.040110521199,127.040067664229,"C6 H8 O3"
"X3731_NEG_10_127.076486910814",3731,"NEG",10,127.07643528154,127.076486910814,127.076453173579,"C7 H12 O2"
"X3732_NEG_10_129.019366841441",3732,"NEG",10,129.01931556565,129.019366841441,129.019332219339,"C5 H6 O4"
"X3733_NEG_10_129.055759910406",3733,"NEG",10,129.05571021614,129.055759910406,129.055717728689,"C6 H10 O3"
"X3735_NEG_10_131.035017286626",3735,"NEG",10,131.034968367809,131.035017286626,131.034982283799,"C5 H8 O4"
"X3736_NEG_10_131.071406670442",3736,"NEG",10,131.071358269805,131.071406670442,131.071367793149,"C6 H12 O3"
"X3737_NEG_10_136.040438447594",3737,"NEG",10,136.040393944066,136.040438447594,136.040402016859,"C7 H7 O2 N1"
"X3738_NEG_10_137.024455542618",3738,"NEG",10,137.024410951039,137.024455542618,137.024417599769,"C7 H6 O3"
"X3739_NEG_10_139.003711555271",3739,"NEG",10,139.00366875428,139.003711555271,139.003682154879,"C6 H4 O4"
"X3741_NEG_10_141.019359930368",3741,"NEG",10,141.019318789235,141.019359930368,141.019332219339,"C6 H6 O4"
"X3742_NEG_10_143.035017390799",3742,"NEG",10,143.0349777313,143.035017390799,143.034982283799,"C6 H8 O4"
"X3743_NEG_10_143.071407605838",3743,"NEG",10,143.071368816675,143.071407605838,143.071367793149,"C7 H12 O3"
"X3744_NEG_10_146.024780349782",3744,"NEG",10,146.024744547551,146.024780349782,146.024751952399,"C8 H5 O2 N1"
"X3745_NEG_10_147.029928685358",3745,"NEG",10,147.029894272287,147.029928685358,147.029896903369,"C5 H8 O5"
"X3746_NEG_10_153.055742870019",3746,"NEG",10,153.055712316786,153.055742870019,153.055717728689,"C8 H10 O3"
"X3747_NEG_10_155.035011933359",3747,"NEG",10,155.034983339605,155.035011933359,155.034982283799,"C7 H8 O4"
"X3750_NEG_10_167.071341996418",3750,"NEG",10,167.071324070322,167.071341996418,167.071367793149,"C9 H12 O3"
"X3751_NEG_10_168.030216133171",3751,"NEG",10,168.030196890541,168.030216133171,168.030231255999,"C7 H7 O4 N1"
"X3752_NEG_10_169.01422114409",3752,"NEG",10,169.014205378356,169.01422114409,169.014246838909,"C7 H6 O5"
"X3753_NEG_10_171.029870792551",3753,"NEG",10,171.029856502445,171.029870792551,171.029896903369,"C7 H8 O5"
"X3754_NEG_10_171.102636403515",3754,"NEG",10,171.102622342831,171.102636403515,171.102667922069,"C9 H16 O3"
"X3755_NEG_10_172.097892392511",3755,"NEG",10,172.097878167488,172.097892392511,172.097916894269,"C8 H15 O3 N1"
"X3756_NEG_10_173.118285262638",3756,"NEG",10,173.118278515307,173.118285262638,173.118317986529,"C9 H18 O3"
"X3757_NEG_10_175.040041361598",3757,"NEG",10,175.040030725731,175.040041361598,175.040067664229,"C10 H8 O3"
"X3759_NEG_10_176.035294408708",3759,"NEG",10,176.035280463135,176.035294408708,176.035316636429,"C9 H7 O3 N1"
"X3760_NEG_10_178.050953694705",3760,"NEG",10,178.050944073359,178.050953694705,178.050966700889,"C9 H9 O3 N1"
"X3762_NEG_10_181.014230226635",3762,"NEG",10,181.014225423541,181.014230226635,181.014246838909,"C8 H6 O5"
"X3763_NEG_10_181.087003410708",3763,"NEG",10,181.086996390661,181.087003410708,181.087017857609,"C10 H14 O3"
"X3764_NEG_10_182.045857664152",3764,"NEG",10,182.045853844637,182.045857664152,182.045881320459,"C8 H9 O4 N1"
"X3765_NEG_10_183.029887686524",3765,"NEG",10,183.029885070122,183.029887686524,183.029896903369,"C8 H8 O5"
"X3767_NEG_10_189.019322472221",3767,"NEG",10,189.019325226225,189.019322472221,189.01933221934,"C10 H6 O4"
"X3768_NEG_10_189.055720927855",3768,"NEG",10,189.055723962111,189.055720927855,189.055717728689,"C11 H10 O3"
"X3769_NEG_10_193.014238269727",3769,"NEG",10,193.01424513093,193.014238269727,193.014246838909,"C9 H6 O5"
"X3770_NEG_10_193.050611235318",3770,"NEG",10,193.050617973978,193.050611235318,193.050632348259,"C10 H10 O4"
"X3771_NEG_10_193.087007909273",3771,"NEG",10,193.087014476176,193.087007909273,193.087017857609,"C11 H14 O3"
"X3772_NEG_10_195.029890259018",3772,"NEG",10,195.029899003272,195.029890259018,195.029896903369,"C9 H8 O5"
"X3773_NEG_10_197.009221613825",3773,"NEG",10,197.009235802151,197.009221613825,197.009161458479,"C8 H6 O6"
"X3774_NEG_10_197.045561314203",3774,"NEG",10,197.045572010937,197.045561314203,197.045546967828,"C9 H10 O5"
"X3775_NEG_10_199.018239473415",3775,"NEG",10,199.018252678931,199.018239473415,199.018286847489,"C7 H8 O3 N2 S1"
"X3776_NEG_10_201.113228728481",3776,"NEG",10,201.113242576619,201.113228728481,201.113232606099,"C10 H18 O4"
"X3777_NEG_10_203.034980088921",3777,"NEG",10,203.034993957319,203.034980088921,203.034982283799,"C11 H8 O4"
"X3779_NEG_10_205.014247153299",3779,"NEG",10,205.014264805655,205.014247153299,205.014246838909,"C10 H6 O5"
"X3780_NEG_10_205.050605364179",3780,"NEG",10,205.050624181578,205.050605364179,205.050632348259,"C11 H10 O4"
"X3781_NEG_10_207.02988902715",3781,"NEG",10,207.029909553041,207.02988902715,207.029896903369,"C10 H8 O5"
"X3782_NEG_10_207.066279355836",3782,"NEG",10,207.066299628476,207.066279355836,207.066282412719,"C11 H12 O4"
"X3783_NEG_10_209.081908712224",3783,"NEG",10,209.081931477641,209.081908712224,209.081932477179,"C11 H14 O4"
"X3784_NEG_10_211.024796326797",3784,"NEG",10,211.02482118539,211.024796326797,211.02481152294,"C9 H8 O6"
"X3785_NEG_10_211.061179146422",3785,"NEG",10,211.061203569418,211.061179146422,211.06119703229,"C10 H12 O5"
"X3786_NEG_10_211.097572215303",3786,"NEG",10,211.097597037535,211.097572215303,211.097582541639,"C11 H16 O4"
"X3788_NEG_10_213.040456425996",3788,"NEG",10,213.040480327322,213.040456425996,213.040461587399,"C9 H10 O6"
"X3789_NEG_10_213.113220567958",3789,"NEG",10,213.113247238355,213.113220567958,213.113232606099,"C11 H18 O4"
"X3790_NEG_10_219.029913029037",3790,"NEG",10,219.029945489137,219.029913029037,219.029896903369,"C11 H8 O5"
"X3791_NEG_10_219.066264650905",3791,"NEG",10,219.066296865815,219.066264650905,219.066282412719,"C12 H12 O4"
"X3792_NEG_10_221.009141401253",3792,"NEG",10,221.009176262491,221.009141401253,221.009161458479,"C10 H6 O6"
"X3793_NEG_10_221.045534536925",3793,"NEG",10,221.045569314298,221.045534536925,221.045546967828,"C11 H10 O5"
"X3794_NEG_10_223.024787218078",3794,"NEG",10,223.024823942471,223.024787218078,223.02481152294,"C10 H8 O6"
"X3795_NEG_10_223.061184762813",3795,"NEG",10,223.061221808438,223.061184762813,223.061197032289,"C11 H12 O5"
"X3796_NEG_10_223.097572088598",3796,"NEG",10,223.097607995212,223.097572088598,223.097582541639,"C12 H16 O4"
"X3797_NEG_10_225.040443327728",3797,"NEG",10,225.040482094611,225.040443327728,225.040461587399,"C10 H10 O6"
"X3798_NEG_10_225.076834272594",3798,"NEG",10,225.076873153352,225.076834272594,225.076847096749,"C11 H14 O5"
"X3799_NEG_10_227.05609437668",3799,"NEG",10,227.056134870225,227.05609437668,227.056111651859,"C10 H12 O6"
"X3800_NEG_10_227.092481281378",3800,"NEG",10,227.092521882652,227.092481281378,227.092497161209,"C11 H16 O5"
"X3802_NEG_10_233.045539850641",3802,"NEG",10,233.045586159109,233.045539850641,233.045546967829,"C12 H10 O5"
"X3803_NEG_10_235.024800288086",3803,"NEG",10,235.024849358177,235.024800288086,235.024811522939,"C11 H8 O6"
"X3804_NEG_10_235.061164300728",3804,"NEG",10,235.061213632846,235.061164300728,235.061197032289,"C12 H12 O5"
"X3806_NEG_10_237.04044849946",3806,"NEG",10,237.040500038704,237.04044849946,237.040461587399,"C11 H10 O6"
"X3807_NEG_10_237.076828533682",3807,"NEG",10,237.07687984105,237.076828533682,237.076847096749,"C12 H14 O5"
"X3808_NEG_10_239.01971106797",3808,"NEG",10,239.019764513159,239.01971106797,239.019726142509,"C10 H8 O7"
"X3809_NEG_10_239.056086059273",3809,"NEG",10,239.056139685062,239.056086059273,239.056111651859,"C11 H12 O6"
"X3810_NEG_10_239.092475935196",3810,"NEG",10,239.092529762657,239.092475935196,239.092497161209,"C12 H16 O5"
"X3811_NEG_10_241.035357849197",3811,"NEG",10,241.035412425259,241.035357849197,241.035376206969,"C10 H10 O7"
"X3812_NEG_10_241.071745409734",3812,"NEG",10,241.071801029361,241.071745409734,241.071761716318,"C11 H14 O6"
"X3813_NEG_10_241.108123821946",3813,"NEG",10,241.108178444914,241.108123821946,241.108147225669,"C12 H18 O5"
"X3814_NEG_10_242.176158271358",3814,"NEG",10,242.176214322982,242.176158271358,242.176167216569,"C13 H25 O3 N1"
"X3815_NEG_10_242.996851221546",3815,"NEG",10,242.996908455578,242.996851221546,242.996882697339,"C9 H8 O6 S1"
"X3816_NEG_10_243.051000041377",3816,"NEG",10,243.051057516677,243.051000041377,243.05102627143,"C10 H12 O7"
"X3818_NEG_10_247.061172211201",3818,"NEG",10,247.061234436585,247.061172211201,247.061197032289,"C13 H12 O5"
"X3819_NEG_10_249.004034076508",3819,"NEG",10,249.004099235841,249.004034076508,249.004076078049,"C11 H6 O7"
"X3820_NEG_10_249.040431077486",3820,"NEG",10,249.040495067832,249.040431077486,249.040461587399,"C12 H10 O6"
"X3821_NEG_10_249.07682673929",3821,"NEG",10,249.076891612191,249.07682673929,249.076847096749,"C13 H14 O5"
"X3822_NEG_10_251.019702125179",3822,"NEG",10,251.019768494553,251.019702125179,251.019726142509,"C11 H8 O7"
"X3823_NEG_10_251.056083195605",3823,"NEG",10,251.056149541058,251.056083195605,251.056111651859,"C12 H12 O6"
"X3824_NEG_10_251.09247543094",3824,"NEG",10,251.092542317045,251.09247543094,251.092497161209,"C13 H16 O5"
"X3825_NEG_10_253.035354821611",3825,"NEG",10,253.035423454585,253.035354821611,253.035376206969,"C11 H10 O7"
"X3826_NEG_10_253.071734014259",3826,"NEG",10,253.071802518415,253.071734014259,253.071761716318,"C12 H14 O6"
"X3827_NEG_10_253.10812469593",3827,"NEG",10,253.108193166472,253.10812469593,253.108147225669,"C13 H18 O5"
"X3828_NEG_10_255.050999130972",3828,"NEG",10,255.051069712385,255.050999130972,255.05102627143,"C11 H12 O7"
"X3829_NEG_10_255.087384253084",3829,"NEG",10,255.087454878574,255.087384253084,255.087411780779,"C12 H16 O6"
"X3830_NEG_10_255.232917449607",3830,"NEG",10,255.232989286903,255.232917449607,255.232953818179,"C16 H32 O2"
"X3831_NEG_10_257.066639707144",3831,"NEG",10,257.066712466246,257.066639707144,257.066676335889,"C11 H14 O7"
"X3832_NEG_10_257.103041209387",3832,"NEG",10,257.103113801359,257.103041209387,257.103061845239,"C12 H18 O6"
"X3833_NEG_10_261.040431297556",3833,"NEG",10,261.0405086153,261.040431297556,261.040461587399,"C13 H10 O6"
"X3835_NEG_10_263.019686256865",3835,"NEG",10,263.019765363486,263.019686256865,263.019726142509,"C12 H8 O7"
"X3836_NEG_10_263.056072943025",3836,"NEG",10,263.056152100941,263.056072943025,263.056111651859,"C13 H12 O6"
"X3837_NEG_10_263.092460214941",3837,"NEG",10,263.092540511254,263.092460214941,263.092497161209,"C14 H16 O5"
"X3838_NEG_10_264.124094005513",3838,"NEG",10,264.124174442141,264.124094005513,264.124131642759,"C14 H19 O4 N1"
"X3839_NEG_10_265.03532586648",3839,"NEG",10,265.03540721309,265.03532586648,265.035376206969,"C12 H10 O7"
"X3840_NEG_10_265.071723211377",3840,"NEG",10,265.071805153199,265.071723211377,265.071761716318,"C13 H14 O6"
"X3841_NEG_10_265.108107982757",3841,"NEG",10,265.108190028055,265.108107982757,265.108147225669,"C14 H18 O5"
"X3842_NEG_10_267.014607959868",3842,"NEG",10,267.014691543559,267.014607959868,267.014640762079,"C11 H8 O8"
"X3843_NEG_10_267.050985789944",3843,"NEG",10,267.051069542113,267.050985789944,267.05102627143,"C12 H12 O7"
"X3844_NEG_10_267.087368075863",3844,"NEG",10,267.08745231261,267.087368075863,267.087411780779,"C13 H16 O6"
"X3845_NEG_10_269.030263959817",3845,"NEG",10,269.030349507851,269.030263959817,269.030290826539,"C11 H10 O8"
"X3846_NEG_10_269.066631580548",3846,"NEG",10,269.066717513117,269.066631580548,269.066676335889,"C12 H14 O7"
"X3847_NEG_10_269.103018389074",3847,"NEG",10,269.103104449619,269.103018389074,269.103061845239,"C13 H18 O6"
"X3848_NEG_10_269.212175226247",3848,"NEG",10,269.212260907789,269.212175226247,269.212218373289,"C16 H30 O3"
"X3849_NEG_10_271.045910262541",3849,"NEG",10,271.045997591913,271.045910262541,271.045940890999,"C11 H12 O8"
"X3850_NEG_10_271.082276197452",3850,"NEG",10,271.082364112244,271.082276197452,271.082326400349,"C12 H16 O7"
"X3851_NEG_10_271.118668876579",3851,"NEG",10,271.118757067243,271.118668876579,271.118711909699,"C13 H20 O6"
"X3852_NEG_10_271.227829663654",3852,"NEG",10,271.227919153566,271.227829663654,271.227868437749,"C16 H32 O3"
"X3854_NEG_10_273.061545355263",3854,"NEG",10,273.061635485971,273.061545355263,273.061590955459,"C11 H14 O8"
"X3855_NEG_10_275.056060014713",3855,"NEG",10,275.056153687183,275.056060014713,275.056111651859,"C14 H12 O6"
"X3856_NEG_10_277.035335584059",3856,"NEG",10,277.035430525292,277.035335584059,277.035376206969,"C13 H10 O7"
"X3857_NEG_10_277.071724741542",3857,"NEG",10,277.071819703719,277.071724741542,277.071761716319,"C14 H14 O6"
"X3858_NEG_10_279.014604273138",3858,"NEG",10,279.01470080312,279.014604273138,279.014640762079,"C12 H8 O8"
"X3859_NEG_10_279.050989947479",3859,"NEG",10,279.051086851581,279.050989947479,279.05102627143,"C13 H12 O7"
"X3860_NEG_10_279.087374002801",3860,"NEG",10,279.087471229332,279.087374002801,279.08741178078,"C14 H16 O6"
"X3861_NEG_10_281.030261719021",3861,"NEG",10,281.030361714881,281.030261719021,281.03029082654,"C12 H10 O8"
"X3862_NEG_10_281.066645901792",3862,"NEG",10,281.066745505569,281.066645901792,281.066676335889,"C13 H14 O7"
"X3863_NEG_10_281.103026498643",3863,"NEG",10,281.103125783649,281.103026498643,281.103061845239,"C14 H18 O6"
"X3864_NEG_10_283.045908427487",3864,"NEG",10,283.046010290245,283.045908427487,283.045940890999,"C12 H12 O8"
"X3865_NEG_10_283.082296177972",3865,"NEG",10,283.08239804625,283.082296177972,283.082326400349,"C13 H16 O7"
"X3866_NEG_10_283.118683997392",3866,"NEG",10,283.118785375651,283.118683997392,283.118711909699,"C14 H20 O6"
"X3867_NEG_10_283.264225450696",3867,"NEG",10,283.264326563541,283.264225450696,283.264253947099,"C18 H36 O2"
"X3868_NEG_10_285.061572987484",3868,"NEG",10,285.061676908557,285.061572987484,285.061590955459,"C12 H14 O8"
"X3869_NEG_10_285.097942716165",3869,"NEG",10,285.09804689185,285.097942716165,285.097976464808,"C13 H18 O7"
"X3870_NEG_10_285.134354951802",3870,"NEG",10,285.134457636848,285.134354951802,285.134361974159,"C14 H22 O6"
"X3871_NEG_10_287.07722045084",3871,"NEG",10,287.077326944554,287.07722045084,287.07724101992,"C12 H16 O8"
"X3872_NEG_10_289.035359081144",3872,"NEG",10,289.035467569052,289.035359081144,289.035376206969,"C14 H10 O7"
"X3873_NEG_10_289.092869762369",3873,"NEG",10,289.092977635423,289.092869762369,289.092891084379,"C12 H18 O8"
"X3874_NEG_10_291.014625877071",3874,"NEG",10,291.014736179016,291.014625877071,291.014640762079,"C13 H8 O8"
"X3875_NEG_10_291.051009301722",3875,"NEG",10,291.051120448689,291.051009301722,291.05102627143,"C14 H12 O7"
"X3876_NEG_10_291.087390520411",3876,"NEG",10,291.087501832026,291.087390520411,291.087411780779,"C15 H16 O6"
"X3877_NEG_10_293.030275278357",3877,"NEG",10,293.030388425092,293.030275278357,293.03029082654,"C13 H10 O8"
"X3878_NEG_10_293.103049787463",3878,"NEG",10,293.103163436064,293.103049787463,293.103061845239,"C15 H18 O6"
"X3880_NEG_10_295.045927885052",3880,"NEG",10,295.046043393112,295.045927885052,295.045940890999,"C13 H12 O8"
"X3881_NEG_10_295.082316279061",3881,"NEG",10,295.082431999049,295.082316279061,295.082326400349,"C14 H16 O7"
"X3882_NEG_10_295.118688070713",3882,"NEG",10,295.118803529443,295.118688070713,295.118711909699,"C15 H20 O6"
"X3883_NEG_10_297.025193245098",3883,"NEG",10,297.025310390559,297.025193245098,297.025205446109,"C12 H10 O9"
"X3884_NEG_10_297.061595315545",3884,"NEG",10,297.061713638901,297.061595315545,297.061590955459,"C13 H14 O8"
"X3885_NEG_10_297.097961831676",3885,"NEG",10,297.098079905383,297.097961831676,297.097976464808,"C14 H18 O7"
"X3886_NEG_10_297.134349578253",3886,"NEG",10,297.134467382803,297.134349578253,297.134361974159,"C15 H22 O6"
"X3887_NEG_10_299.040841842629",3887,"NEG",10,299.040960652817,299.040841842629,299.040855510569,"C12 H12 O9"
"X3888_NEG_10_299.077241858452",3888,"NEG",10,299.077362250986,299.077241858452,299.07724101992,"C13 H16 O8"
"X3889_NEG_10_299.113618448368",3889,"NEG",10,299.113738910358,299.113618448368,299.113626529269,"C14 H20 O7"
"X3890_NEG_10_301.056522430083",3890,"NEG",10,301.056643687788,301.056522430083,301.056505575029,"C12 H14 O9"
"X3891_NEG_10_301.092897281086",3891,"NEG",10,301.093019977129,301.092897281086,301.092891084379,"C13 H18 O8"
"X3892_NEG_10_301.129268432011",3892,"NEG",10,301.129391073288,301.129268432011,301.129276593729,"C14 H22 O7"
"X3894_NEG_10_303.051028793871",3894,"NEG",10,303.051154010631,303.051028793871,303.051026271429,"C15 H12 O7"
"X3896_NEG_10_305.030301336141",3896,"NEG",10,305.030428086483,305.030301336141,305.03029082654,"C14 H10 O8"
"X3897_NEG_10_305.066698540382",3897,"NEG",10,305.066825091426,305.066698540382,305.066676335889,"C15 H14 O7"
"X3899_NEG_10_307.00957072789",3899,"NEG",10,307.009698044706,307.00957072789,307.009555381649,"C13 H8 O9"
"X3900_NEG_10_307.045959292481",3900,"NEG",10,307.046088663255,307.045959292481,307.045940890999,"C14 H12 O8"
"X3901_NEG_10_307.082338673867",3901,"NEG",10,307.082468759911,307.082338673867,307.082326400349,"C15 H16 O7"
"X3903_NEG_10_309.025207993721",3903,"NEG",10,309.025339427108,309.025207993721,309.025205446109,"C13 H10 O9"
"X3904_NEG_10_309.061604809301",3904,"NEG",10,309.061736990192,309.061604809301,309.06159095546,"C14 H14 O8"
"X3905_NEG_10_309.097974507535",3905,"NEG",10,309.09810675649,309.097974507535,309.097976464808,"C15 H18 O7"
"X3906_NEG_10_311.040876970439",3906,"NEG",10,311.041010841398,311.040876970439,311.040855510568,"C13 H12 O9"
"X3907_NEG_10_311.113636714106",3907,"NEG",10,311.113771352682,311.113636714106,311.113626529269,"C15 H20 O7"
"X3909_NEG_10_313.056518965535",3909,"NEG",10,313.056656073994,313.056518965535,313.056505575029,"C13 H14 O9"
"X3910_NEG_10_313.09290367513",3910,"NEG",10,313.09304070234,313.09290367513,313.092891084379,"C14 H18 O8"
"X3911_NEG_10_313.129286326257",3911,"NEG",10,313.129423375097,313.129286326257,313.12927659373,"C15 H22 O7"
"X3912_NEG_10_315.072183924234",3912,"NEG",10,315.072323315269,315.072183924234,315.072155639488,"C13 H16 O9"
"X3913_NEG_10_315.108551996685",3913,"NEG",10,315.108691377106,315.108551996685,315.108541148839,"C14 H20 O8"
"X3914_NEG_10_315.144929514767",3914,"NEG",10,315.145068602653,315.144929514767,315.144926658189,"C15 H24 O7"
"X3915_NEG_10_317.03033812097",3915,"NEG",10,317.030479245527,317.03033812097,317.030290826539,"C15 H10 O8"
"X3916_NEG_10_317.087841424194",3916,"NEG",10,317.087982345475,317.087841424194,317.087805703949,"C13 H18 O9"
"X3917_NEG_10_317.124206154644",3917,"NEG",10,317.124346829626,317.124206154644,317.124191213298,"C14 H22 O8"
"X3918_NEG_10_319.045983869569",3918,"NEG",10,319.04612699843,319.045983869569,319.045940890999,"C15 H12 O8"
"X3919_NEG_10_319.082356532116",3919,"NEG",10,319.082499686124,319.082356532116,319.082326400349,"C16 H16 O7"
"X3920_NEG_10_321.025250955141",3920,"NEG",10,321.025396396554,321.025250955141,321.025205446109,"C14 H10 O9"
"X3921_NEG_10_321.061646326366",3921,"NEG",10,321.061792626244,321.061646326366,321.061590955459,"C15 H14 O8"
"X3922_NEG_10_321.098015329703",3922,"NEG",10,321.098161877031,321.098015329703,321.097976464808,"C16 H18 O7"
"X3923_NEG_10_323.040902338928",3923,"NEG",10,323.041051115577,323.040902338928,323.040855510568,"C14 H12 O9"
"X3924_NEG_10_323.077295730442",3924,"NEG",10,323.077444837174,323.077295730442,323.07724101992,"C15 H16 O8"
"X3925_NEG_10_323.11366905505",3925,"NEG",10,323.113818376484,323.11366905505,323.113626529269,"C16 H20 O7"
"X3926_NEG_10_325.020165305948",3926,"NEG",10,325.02031428415,325.020165305948,325.020120065679,"C13 H10 O10"
"X3927_NEG_10_325.056572141234",3927,"NEG",10,325.056723923798,325.056572141234,325.056505575029,"C14 H14 O9"
"X3928_NEG_10_325.092935368524",3928,"NEG",10,325.093086937016,325.092935368524,325.092891084379,"C15 H18 O8"
"X3929_NEG_10_325.129318353963",3929,"NEG",10,325.129469393798,325.129318353963,325.129276593729,"C16 H22 O7"
"X3931_NEG_10_327.035824535327",3931,"NEG",10,327.035976252831,327.035824535327,327.035770130139,"C13 H12 O10"
"X3932_NEG_10_327.072219112648",3932,"NEG",10,327.072373106068,327.072219112648,327.072155639488,"C14 H16 O9"
"X3933_NEG_10_327.108599317017",3933,"NEG",10,327.108752298891,327.108599317017,327.108541148839,"C15 H20 O8"
"X3934_NEG_10_327.144972383989",3934,"NEG",10,327.145127303179,327.144972383989,327.144926658189,"C16 H24 O7"
"X3935_NEG_10_329.051485275921",3935,"NEG",10,329.051638837867,329.051485275921,329.051420194599,"C13 H14 O10"
"X3936_NEG_10_329.087867250791",3936,"NEG",10,329.088023649178,329.087867250791,329.08780570395,"C14 H18 O9"
"X3937_NEG_10_329.124249732205",3937,"NEG",10,329.124406484011,329.124249732205,329.124191213298,"C15 H22 O8"
"X3938_NEG_10_331.046019660416",3938,"NEG",10,331.046175762154,331.046019660416,331.045940890999,"C16 H12 O8"
"X3939_NEG_10_331.067147373078",3939,"NEG",10,331.0673036567,331.067147373078,331.067070259059,"C13 H16 O10"
"X3940_NEG_10_331.103537068997",3940,"NEG",10,331.103695189724,331.103537068997,331.10345576841,"C14 H20 O9"
"X3941_NEG_10_331.139884886424",3941,"NEG",10,331.140044323778,331.139884886424,331.139841277759,"C15 H24 O8"
"X3942_NEG_10_333.025273700955",3942,"NEG",10,333.025433172483,333.025273700955,333.025205446109,"C15 H10 O9"
"X3943_NEG_10_333.061669265756",3943,"NEG",10,333.061828813365,333.061669265756,333.061590955459,"C16 H14 O8"
"X3944_NEG_10_335.040934669153",3944,"NEG",10,335.041098368203,335.040934669153,335.040855510568,"C15 H12 O9"
"X3945_NEG_10_335.077327910213",3945,"NEG",10,335.077492605326,335.077327910213,335.07724101992,"C16 H16 O8"
"X3946_NEG_10_335.113713736714",3946,"NEG",10,335.113875446522,335.113713736714,335.113626529269,"C17 H20 O7"
"X3947_NEG_10_337.020192734666",3947,"NEG",10,337.020356732358,337.020192734666,337.020120065679,"C14 H10 O10"
"X3948_NEG_10_337.056598313669",3948,"NEG",10,337.056764649981,337.056598313669,337.056505575029,"C15 H14 O9"
"X3949_NEG_10_337.092981601349",3949,"NEG",10,337.093147984611,337.092981601349,337.092891084379,"C16 H18 O8"
"X3950_NEG_10_337.12935086614",3950,"NEG",10,337.129516768742,337.12935086614,337.129276593729,"C17 H22 O7"
"X3951_NEG_10_339.035754350985",3951,"NEG",10,339.035921644856,339.035754350985,339.035770130139,"C14 H12 O10"
"X3952_NEG_10_339.072130793534",3952,"NEG",10,339.072299649292,339.072130793534,339.072155639488,"C15 H16 O9"
"X3953_NEG_10_339.108503592544",3953,"NEG",10,339.10867249377,339.108503592544,339.108541148839,"C16 H20 O8"
"X3955_NEG_10_341.05140013217",3955,"NEG",10,341.051571298408,341.05140013217,341.051420194599,"C14 H14 O10"
"X3956_NEG_10_341.087786363936",3956,"NEG",10,341.087957743206,341.087786363936,341.08780570395,"C15 H18 O9"
"X3957_NEG_10_341.12415931623",3957,"NEG",10,341.124330672046,341.12415931623,341.124191213298,"C16 H22 O8"
"X3958_NEG_10_343.067052623803",3958,"NEG",10,343.067226330855,343.067052623803,343.067070259058,"C14 H16 O10"
"X3959_NEG_10_343.139817726813",3959,"NEG",10,343.139990109352,343.139817726813,343.13984127776,"C16 H24 O8"
"X3960_NEG_10_345.025189894188",3960,"NEG",10,345.02536013291,345.025189894188,345.025205446109,"C16 H10 O9"
"X3962_NEG_10_345.082707105513",3962,"NEG",10,345.0828826505,345.082707105513,345.082720323519,"C14 H18 O10"
"X3963_NEG_10_345.119084820007",3963,"NEG",10,345.119260476033,345.119084820007,345.11910583287,"C15 H22 O9"
"X3964_NEG_10_347.040868822",3964,"NEG",10,347.041045954953,347.040868822,347.040855510569,"C16 H12 O9"
"X3965_NEG_10_347.077268043732",3965,"NEG",10,347.077440698479,347.077268043732,347.077241019919,"C17 H16 O8"
"X3966_NEG_10_349.020117403223",3966,"NEG",10,349.020293138089,349.020117403223,349.020120065679,"C15 H10 O10"
"X3967_NEG_10_349.056524753768",3967,"NEG",10,349.0567053443,349.056524753768,349.056505575029,"C16 H14 O9"
"X3968_NEG_10_349.092914697558",3968,"NEG",10,349.093094733266,349.092914697558,349.092891084379,"C17 H18 O8"
"X3969_NEG_10_351.035775913873",3969,"NEG",10,351.035958970218,351.035775913873,351.035770130139,"C15 H12 O10"
"X3970_NEG_10_351.072178177857",3970,"NEG",10,351.072361958743,351.072178177857,351.072155639488,"C16 H16 O9"
"X3971_NEG_10_351.108560873195",3971,"NEG",10,351.108744919192,351.108560873195,351.108541148839,"C17 H20 O8"
"X3973_NEG_10_353.051443309682",3973,"NEG",10,353.051630025379,353.051443309682,353.051420194599,"C15 H14 O10"
"X3974_NEG_10_353.087829009089",3974,"NEG",10,353.088015572901,353.087829009089,353.08780570395,"C16 H18 O9"
"X3975_NEG_10_353.124186898479",3975,"NEG",10,353.12437349157,353.124186898479,353.124191213298,"C17 H22 O8"
"X3976_NEG_10_355.03070457726",3976,"NEG",10,355.030885564609,355.03070457726,355.030684749709,"C14 H12 O11"
"X3977_NEG_10_355.067097950949",3977,"NEG",10,355.067287045767,355.067097950949,355.067070259058,"C15 H16 O10"
"X3978_NEG_10_355.10348249742",3978,"NEG",10,355.103671638834,355.10348249742,355.10345576841,"C16 H20 O9"
"X3979_NEG_10_355.139857109341",3979,"NEG",10,355.140045383586,355.139857109341,355.139841277759,"C17 H24 O8"
"X3980_NEG_10_357.046369156723",3980,"NEG",10,357.046555029675,357.046369156723,357.046334814169,"C14 H14 O11"
"X3981_NEG_10_357.082744796735",3981,"NEG",10,357.082936476786,357.082744796735,357.082720323519,"C15 H18 O10"
"X3982_NEG_10_357.119121765492",3982,"NEG",10,357.119313469725,357.119121765492,357.11910583287,"C16 H22 O9"
"X3983_NEG_10_358.187137741595",3983,"NEG",10,358.187330892915,358.187137741595,358.187125823768,"C17 H29 O7 N1"
"X3984_NEG_10_359.040882658565",3984,"NEG",10,359.041069780202,359.040882658565,359.040855510569,"C17 H12 O9"
"X3985_NEG_10_359.062028535404",3985,"NEG",10,359.06221707547,359.062028535404,359.061984878629,"C14 H16 O11"
"X3986_NEG_10_359.098403901939",3986,"NEG",10,359.098597716404,359.098403901939,359.098370387978,"C15 H20 O10"
"X3987_NEG_10_359.134779208551",3987,"NEG",10,359.13497366273,359.134779208551,359.134755897329,"C16 H24 O9"
"X3988_NEG_10_361.020158776282",3988,"NEG",10,361.02034711138,361.020158776282,361.020120065679,"C16 H10 O10"
"X3989_NEG_10_361.056560216287",3989,"NEG",10,361.056753871349,361.056560216287,361.056505575029,"C17 H14 O9"
"X3991_NEG_10_363.035806349453",3991,"NEG",10,363.036003947613,363.035806349453,363.035770130139,"C16 H12 O10"
"X3992_NEG_10_363.072219666266",3992,"NEG",10,363.072417803281,363.072219666266,363.072155639488,"C17 H16 O9"
"X3993_NEG_10_363.108569477341",3993,"NEG",10,363.108766568409,363.108569477341,363.108541148839,"C18 H20 O8"
"X3994_NEG_10_365.01504558346",3994,"NEG",10,365.015239145023,365.01504558346,365.015034685249,"C15 H10 O11"
"X3995_NEG_10_365.051453070283",3995,"NEG",10,365.051654877065,365.051453070283,365.051420194599,"C16 H14 O10"
"X3996_NEG_10_365.087851306016",3996,"NEG",10,365.088053165536,365.087851306016,365.08780570395,"C17 H18 O9"
"X3997_NEG_10_365.124211272772",3997,"NEG",10,365.124411820048,365.124211272772,365.124191213298,"C18 H22 O8"
"X3998_NEG_10_367.030716553898",3998,"NEG",10,367.030915883481,367.030716553898,367.030684749709,"C15 H12 O11"
"X3999_NEG_10_367.067108530633",3999,"NEG",10,367.067313131158,367.067108530633,367.067070259058,"C16 H16 O10"
"X4000_NEG_10_367.103491680491",4000,"NEG",10,367.103696328447,367.103491680491,367.10345576841,"C17 H20 O9"
"X4001_NEG_10_367.139850580421",4001,"NEG",10,367.140053645832,367.139850580421,367.139841277759,"C18 H24 O8"
"X4002_NEG_10_369.046349043961",4002,"NEG",10,369.046554577396,369.046349043961,369.046334814169,"C15 H14 O11"
"X4003_NEG_10_369.082748108536",4003,"NEG",10,369.082955340598,369.082748108536,369.082720323518,"C16 H18 O10"
"X4004_NEG_10_369.119123812365",4004,"NEG",10,369.119331167302,369.119123812365,369.11910583287,"C17 H22 O9"
"X4005_NEG_10_371.062014857118",4005,"NEG",10,371.062224592127,371.062014857118,371.06198487863,"C15 H16 O11"
"X4006_NEG_10_371.098402904064",4006,"NEG",10,371.098612775462,371.098402904064,371.098370387978,"C16 H20 O10"
"X4007_NEG_10_371.134767981621",4007,"NEG",10,371.134976314075,371.134767981621,371.134755897329,"C17 H24 O9"
"X4008_NEG_10_373.07766507353",4008,"NEG",10,373.077875839582,373.07766507353,373.077634943089,"C15 H18 O11"
"X4009_NEG_10_373.114047578849",4009,"NEG",10,373.114259615512,373.114047578849,373.11402045244,"C16 H22 O10"
"X4010_NEG_10_375.03579978555",4010,"NEG",10,375.036007802857,375.03579978555,375.035770130139,"C17 H12 O10"
"X4011_NEG_10_375.072179167242",4011,"NEG",10,375.07238484563,375.072179167242,375.072155639489,"C18 H16 O9"
"X4012_NEG_10_375.093307609456",4012,"NEG",10,375.09351154851,375.093307609456,375.093285007549,"C15 H20 O11"
"X4013_NEG_10_377.015099818165",4013,"NEG",10,377.015306341038,377.015099818165,377.015034685249,"C16 H10 O11"
"X4014_NEG_10_377.051456371122",4014,"NEG",10,377.051673404171,377.051456371122,377.051420194599,"C17 H14 O10"
"X4015_NEG_10_377.087872236972",4015,"NEG",10,377.088087429292,377.087872236972,377.087805703949,"C18 H18 O9"
"X4017_NEG_10_379.030718129459",4017,"NEG",10,379.030935609943,379.030718129459,379.030684749709,"C16 H12 O11"
"X4018_NEG_10_379.067133909199",4018,"NEG",10,379.067353942279,379.067133909199,379.067070259058,"C17 H16 O10"
"X4019_NEG_10_379.103503254853",4019,"NEG",10,379.103723548008,379.103503254853,379.10345576841,"C18 H20 O9"
"X4020_NEG_10_379.139868939701",4020,"NEG",10,379.140086541893,379.139868939701,379.13984127776,"C19 H24 O8"
"X4021_NEG_10_381.046373986126",4021,"NEG",10,381.046596674865,381.046373986126,381.046334814169,"C16 H14 O11"
"X4022_NEG_10_381.082774985559",4022,"NEG",10,381.082998045389,381.082774985559,381.082720323518,"C17 H18 O10"
"X4023_NEG_10_381.119141457351",4023,"NEG",10,381.119364451835,381.119141457351,381.11910583287,"C18 H22 O9"
"X4024_NEG_10_383.025657981336",4024,"NEG",10,383.02586998387,383.025657981336,383.025599369279,"C15 H12 O12"
"X4025_NEG_10_383.062023816544",4025,"NEG",10,383.062249517155,383.062023816544,383.06198487863,"C16 H16 O11"
"X4026_NEG_10_383.098405861332",4026,"NEG",10,383.098631606781,383.098405861332,383.098370387978,"C17 H20 O10"
"X4027_NEG_10_383.134792681978",4027,"NEG",10,383.135018424445,383.134792681978,383.134755897329,"C18 H24 O9"
"X4028_NEG_10_385.041291539875",4028,"NEG",10,385.041510183984,385.041291539875,385.041249433739,"C15 H14 O12"
"X4029_NEG_10_385.077687309182",4029,"NEG",10,385.077915805059,385.077687309182,385.077634943089,"C16 H18 O11"
"X4030_NEG_10_385.114067453851",4030,"NEG",10,385.1142956464,385.114067453851,385.11402045244,"C17 H22 O10"
"X4033_NEG_10_387.056922746855",4033,"NEG",10,387.05714528148,387.056922746855,387.056899498199,"C15 H16 O12"
"X4034_NEG_10_387.093332633288",4034,"NEG",10,387.093563150603,387.093332633288,387.093285007548,"C16 H20 O11"
"X4035_NEG_10_387.129714322088",4035,"NEG",10,387.129940338557,387.129714322088,387.1296705169,"C17 H24 O10"
"X4037_NEG_10_389.051472743826",4037,"NEG",10,389.051699337151,389.051472743826,389.051420194599,"C18 H14 O10"
"X4038_NEG_10_389.108976011337",4038,"NEG",10,389.109200634634,389.108976011337,389.108935072009,"C16 H22 O11"
"X4039_NEG_10_391.030727685466",4039,"NEG",10,391.030957518363,391.030727685466,391.030684749709,"C17 H12 O11"
"X4040_NEG_10_391.067108495251",4040,"NEG",10,391.067342735529,391.067108495251,391.067070259058,"C18 H16 O10"
"X4041_NEG_10_391.103497979333",4041,"NEG",10,391.103725195811,391.103497979333,391.103455768409,"C19 H20 O9"
"X4043_NEG_10_393.046378586142",4043,"NEG",10,393.046617308726,393.046378586142,393.046334814169,"C17 H14 O11"
"X4044_NEG_10_393.082773282195",4044,"NEG",10,393.083011778815,393.082773282195,393.082720323519,"C18 H18 O10"
"X4045_NEG_10_393.119157223145",4045,"NEG",10,393.119394251349,393.119157223145,393.11910583287,"C19 H22 O9"
"X4046_NEG_10_395.025657593538",4046,"NEG",10,395.025888609434,395.025657593538,395.02559936928,"C16 H12 O12"
"X4047_NEG_10_395.062008045694",4047,"NEG",10,395.062249611394,395.062008045694,395.06198487863,"C17 H16 O11"
"X4048_NEG_10_395.098403374892",4048,"NEG",10,395.098645118605,395.098403374892,395.098370387978,"C18 H20 O10"
"X4049_NEG_10_395.134771552851",4049,"NEG",10,395.135012779552,395.134771552851,395.134755897329,"C19 H24 O9"
"X4050_NEG_10_397.041272078116",4050,"NEG",10,397.041511642759,397.041272078116,397.041249433739,"C16 H14 O12"
"X4051_NEG_10_397.077660793077",4051,"NEG",10,397.077905378501,397.077660793077,397.077634943089,"C17 H18 O11"
"X4052_NEG_10_397.114038104042",4052,"NEG",10,397.114282620475,397.114038104042,397.11402045244,"C18 H22 O10"
"X4053_NEG_10_397.150425264025",4053,"NEG",10,397.15066574505,397.150425264025,397.150405961788,"C19 H26 O9"
"X4054_NEG_10_399.056915397759",4054,"NEG",10,399.057160343272,399.056915397759,399.0568994982,"C16 H16 O12"
"X4055_NEG_10_399.093311836444",4055,"NEG",10,399.093559272485,399.093311836444,399.093285007548,"C17 H20 O11"
"X4056_NEG_10_399.129694450155",4056,"NEG",10,399.129941241527,399.129694450155,399.1296705169,"C18 H24 O10"
"X4057_NEG_10_400.197697420731",4057,"NEG",10,400.197946262133,400.197697420731,400.197690507799,"C19 H31 O8 N1"
"X4058_NEG_10_401.072574869009",4058,"NEG",10,401.072822322264,401.072574869009,401.072549562659,"C16 H18 O12"
"X4059_NEG_10_401.10895966357",4059,"NEG",10,401.109207875585,401.10895966357,401.108935072009,"C17 H22 O11"
"X4061_NEG_10_403.030702733431",4061,"NEG",10,403.030941690082,403.030702733431,403.030684749709,"C18 H12 O11"
"X4062_NEG_10_403.067066986442",4062,"NEG",10,403.067305883445,403.067066986442,403.067070259059,"C19 H16 O10"
"X4063_NEG_10_403.088244304734",4063,"NEG",10,403.088482233406,403.088244304734,403.088199627119,"C16 H20 O12"
"X4065_NEG_10_405.046346705007",4065,"NEG",10,405.046595557537,405.046346705007,405.046334814169,"C18 H14 O11"
"X4066_NEG_10_405.082751189216",4066,"NEG",10,405.082995253174,405.082751189216,405.082720323519,"C19 H18 O10"
"X4067_NEG_10_407.025632255868",4067,"NEG",10,407.02587833481,407.025632255868,407.02559936928,"C17 H12 O12"
"X4068_NEG_10_407.062016169036",4068,"NEG",10,407.062273463564,407.062016169036,407.06198487863,"C18 H16 O11"
"X4069_NEG_10_407.098378326172",4069,"NEG",10,407.098633874987,407.098378326172,407.098370387978,"C19 H20 O10"
"X4070_NEG_10_409.041259032077",4070,"NEG",10,409.041516574134,409.041259032077,409.041249433739,"C17 H14 O12"
"X4071_NEG_10_409.077648757375",4071,"NEG",10,409.077909483233,409.077648757375,409.077634943089,"C18 H18 O11"
"X4072_NEG_10_409.114044781026",4072,"NEG",10,409.114305802671,409.114044781026,409.11402045244,"C19 H22 O10"
"X4074_NEG_10_411.056920033823",4074,"NEG",10,411.057181747206,411.056920033823,411.0568994982,"C17 H16 O12"
"X4075_NEG_10_411.09331318406",4075,"NEG",10,411.093577081187,411.09331318406,411.093285007548,"C18 H20 O11"
"X4076_NEG_10_411.129690739885",4076,"NEG",10,411.129954546499,411.129690739885,411.1296705169,"C19 H24 O10"
"X4077_NEG_10_413.072570559485",4077,"NEG",10,413.07283694853,413.072570559485,413.07254956266,"C17 H18 O12"
"X4078_NEG_10_413.108957804348",4078,"NEG",10,413.109224345399,413.108957804348,413.108935072008,"C18 H22 O11"
"X4079_NEG_10_413.14533414536",4079,"NEG",10,413.14559078649,413.14533414536,413.145320581359,"C19 H26 O10"
"X4080_NEG_10_415.051837341883",4080,"NEG",10,415.052094092128,415.051837341883,415.05181411777,"C16 H16 O13"
"X4081_NEG_10_415.08822329941",4081,"NEG",10,415.088490718758,415.08822329941,415.08819962712,"C17 H20 O12"
"X4082_NEG_10_415.124612660575",4082,"NEG",10,415.124873587295,415.124612660575,415.124585136469,"C18 H24 O11"
"X4083_NEG_10_417.046349960203",4083,"NEG",10,417.046606354445,417.046349960203,417.046334814169,"C19 H14 O11"
"X4085_NEG_10_417.103883243096",4085,"NEG",10,417.104141667258,417.103883243096,417.103849691579,"C17 H22 O12"
"X4086_NEG_10_419.025623162456",4086,"NEG",10,419.025884237233,419.025623162456,419.02559936928,"C18 H12 O12"
"X4087_NEG_10_419.062011733487",4087,"NEG",10,419.062276452555,419.062011733487,419.061984878629,"C19 H16 O11"
"X4088_NEG_10_421.041270177966",4088,"NEG",10,421.041541604597,421.041270177966,421.041249433739,"C18 H14 O12"
"X4089_NEG_10_421.077664435106",4089,"NEG",10,421.077939396763,421.077664435106,421.077634943089,"C19 H18 O11"
"X4091_NEG_10_423.020565490298",4091,"NEG",10,423.020826009104,423.020565490298,423.020513988849,"C17 H12 O13"
"X4092_NEG_10_423.056912889031",4092,"NEG",10,423.057190387805,423.056912889031,423.0568994982,"C18 H16 O12"
"X4093_NEG_10_423.093307472161",4093,"NEG",10,423.093586545358,423.093307472161,423.093285007548,"C19 H20 O11"
"X4094_NEG_10_423.129670004178",4094,"NEG",10,423.129947688678,423.129670004178,423.1296705169,"C20 H24 O10"
"X4095_NEG_10_425.036188097175",4095,"NEG",10,425.036459368552,425.036188097175,425.036164053309,"C17 H14 O13"
"X4096_NEG_10_425.072564547702",4096,"NEG",10,425.072846729432,425.072564547702,425.07254956266,"C18 H18 O12"
"X4097_NEG_10_425.10895683989",4097,"NEG",10,425.109240008087,425.10895683989,425.108935072008,"C19 H22 O11"
"X4098_NEG_10_425.145347955529",4098,"NEG",10,425.14562430731,425.145347955529,425.145320581359,"C20 H26 O10"
"X4099_NEG_10_427.051811059981",4099,"NEG",10,427.052090612508,427.051811059981,427.051814117769,"C17 H16 O13"
"X4100_NEG_10_427.088196221198",4100,"NEG",10,427.08848172085,427.088196221198,427.08819962712,"C18 H20 O12"
"X4101_NEG_10_427.124582532245",4101,"NEG",10,427.124867073381,427.124582532245,427.124585136468,"C19 H24 O11"
"X4103_NEG_10_429.067457375556",4103,"NEG",10,429.067740562482,429.067457375556,429.067464182229,"C17 H18 O13"
"X4104_NEG_10_429.103842950806",4104,"NEG",10,429.104127548384,429.103842950806,429.103849691579,"C18 H22 O12"
"X4105_NEG_10_429.140251044046",4105,"NEG",10,429.140521559895,429.140251044046,429.140235200929,"C19 H26 O11"
"X4108_NEG_10_431.083121728536",4108,"NEG",10,431.083394697421,431.083121728536,431.083114246689,"C17 H20 O13"
"X4109_NEG_10_431.119525697992",4109,"NEG",10,431.119795705218,431.119525697992,431.119499756039,"C18 H24 O12"
"X4110_NEG_10_433.041234740635",4110,"NEG",10,433.041517150284,433.041234740635,433.04124943374,"C19 H14 O12"
"X4112_NEG_10_435.056884596451",4112,"NEG",10,435.057175595853,435.056884596451,435.0568994982,"C19 H16 O12"
"X4113_NEG_10_435.09325654194",4113,"NEG",10,435.093541765217,435.09325654194,435.093285007549,"C20 H20 O11"
"X4114_NEG_10_437.036156080991",4114,"NEG",10,437.036443016652,437.036156080991,437.036164053309,"C18 H14 O13"
"X4115_NEG_10_437.072521804643",4115,"NEG",10,437.072819099288,437.072521804643,437.072549562659,"C19 H18 O12"
"X4116_NEG_10_437.108925370546",4116,"NEG",10,437.109220997997,437.108925370546,437.108935072009,"C20 H22 O11"
"X4117_NEG_10_439.051804701058",4117,"NEG",10,439.052101591087,439.051804701058,439.051814117769,"C18 H16 O13"
"X4118_NEG_10_439.088181147166",4118,"NEG",10,439.088483948203,439.088181147166,439.08819962712,"C19 H20 O12"
"X4119_NEG_10_439.124565884017",4119,"NEG",10,439.12486581509,439.124565884017,439.124585136468,"C20 H24 O11"
"X4120_NEG_10_441.067459513001",4120,"NEG",10,441.067760448497,441.067459513001,441.067464182228,"C18 H18 O13"
"X4121_NEG_10_441.103846164878",4121,"NEG",10,441.104150476031,441.103846164878,441.103849691579,"C19 H22 O12"
"X4122_NEG_10_441.14024152254",4122,"NEG",10,441.140533433462,441.14024152254,441.140235200928,"C20 H26 O11"
"X4125_NEG_10_443.083110713503",4125,"NEG",10,443.083414765582,443.083110713503,443.08311424669,"C18 H20 O13"
"X4126_NEG_10_443.119487432404",4126,"NEG",10,443.119783908517,443.119487432404,443.119499756039,"C19 H24 O12"
"X4128_NEG_10_445.098749307782",4128,"NEG",10,445.099043240066,445.098749307782,445.098764311149,"C18 H22 O13"
"X4130_NEG_10_447.056870132126",4130,"NEG",10,447.057170645184,447.056870132126,447.056899498199,"C20 H16 O12"
"X4131_NEG_10_449.03614530492",4131,"NEG",10,449.036449255868,449.03614530492,449.036164053309,"C19 H14 O13"
"X4132_NEG_10_449.072518744665",4132,"NEG",10,449.072822695732,449.072518744665,449.072549562658,"C20 H18 O12"
"X4133_NEG_10_451.051791413631",4133,"NEG",10,451.052102360102,451.051791413631,451.051814117769,"C19 H16 O13"
"X4134_NEG_10_451.088173455909",4134,"NEG",10,451.08848507903,451.088173455909,451.08819962712,"C20 H20 O12"
"X4135_NEG_10_453.031083800091",4135,"NEG",10,453.03138295891,453.031083800091,453.031078672879,"C18 H14 O14"
"X4136_NEG_10_453.067441285659",4136,"NEG",10,453.067760197401,453.067441285659,453.067464182228,"C19 H18 O13"
"X4137_NEG_10_453.103833035061",4137,"NEG",10,453.104151858835,453.103833035061,453.103849691579,"C20 H22 O12"
"X4138_NEG_10_455.046725204537",4138,"NEG",10,455.047034359113,455.046725204537,455.046728737339,"C18 H16 O14"
"X4139_NEG_10_455.083101204492",4139,"NEG",10,455.08342293029,455.083101204492,455.08311424669,"C19 H20 O13"
"X4140_NEG_10_455.119490177358",4140,"NEG",10,455.119809787563,455.119490177358,455.119499756038,"C20 H24 O12"
"X4141_NEG_10_457.062375321582",4141,"NEG",10,457.06269366794,457.062375321582,457.062378801799,"C18 H18 O14"
"X4142_NEG_10_457.09877138148",4142,"NEG",10,457.099091899058,457.09877138148,457.098764311149,"C19 H22 O13"
"X4146_NEG_10_461.036118773276",4146,"NEG",10,461.036430505769,461.036118773276,461.036164053309,"C20 H14 O13"
"X4147_NEG_10_461.072534612463",4147,"NEG",10,461.07284546123,461.072534612463,461.072549562659,"C21 H18 O12"
"X4148_NEG_10_463.05180399189",4148,"NEG",10,463.052127451426,463.05180399189,463.05181411777,"C20 H16 O13"
"X4149_NEG_10_463.088180165789",4149,"NEG",10,463.088495685801,463.088180165789,463.088199627119,"C21 H20 O12"
"X4150_NEG_10_465.031065215737",4150,"NEG",10,465.031381013147,465.031065215737,465.031078672879,"C19 H14 O14"
"X4151_NEG_10_465.067414085063",4151,"NEG",10,465.067742017919,465.067414085063,465.067464182229,"C20 H18 O13"
"X4152_NEG_10_465.103809723849",4152,"NEG",10,465.104133472316,465.103809723849,465.103849691579,"C21 H22 O12"
"X4153_NEG_10_467.046693130316",4153,"NEG",10,467.047021425275,467.046693130316,467.046728737339,"C19 H16 O14"
"X4154_NEG_10_467.0830821868",4154,"NEG",10,467.083416272735,467.0830821868,467.08311424669,"C20 H20 O13"
"X4155_NEG_10_467.11946945351",4155,"NEG",10,467.119797959978,467.11946945351,467.119499756039,"C21 H24 O12"
"X4156_NEG_10_469.062343533041",4156,"NEG",10,469.062679088773,469.062343533041,469.062378801799,"C19 H18 O14"
"X4157_NEG_10_469.098749613204",4157,"NEG",10,469.099086964858,469.098749613204,469.098764311149,"C20 H22 O13"
"X4158_NEG_10_471.078003134091",4158,"NEG",10,471.078341351241,471.078003134091,471.07802886626,"C19 H20 O14"
"X4159_NEG_10_471.114410547771",4159,"NEG",10,471.114740812452,471.114410547771,471.114414375609,"C20 H24 O13"
"X4160_NEG_10_473.093674881974",4160,"NEG",10,473.094005239153,473.093674881974,473.093678930719,"C19 H22 O14"
"X4161_NEG_10_475.05173351744",4161,"NEG",10,475.052064081644,475.05173351744,475.051814117769,"C21 H16 O13"
"X4163_NEG_10_477.067420340203",4163,"NEG",10,477.067757338588,477.067420340203,477.06746418223,"C21 H18 O13"
"X4164_NEG_10_479.04669351295",4164,"NEG",10,479.047039096592,479.04669351295,479.046728737339,"C20 H16 O14"
"X4165_NEG_10_479.083063261907",4165,"NEG",10,479.083402604132,479.083063261907,479.083114246689,"C21 H20 O13"
"X4166_NEG_10_481.062316045393",4166,"NEG",10,481.06266671196,481.062316045393,481.062378801799,"C20 H18 O14"
"X4167_NEG_10_481.098743253644",4167,"NEG",10,481.099091254472,481.098743253644,481.098764311148,"C21 H22 O13"
"X4168_NEG_10_483.077997951007",4168,"NEG",10,483.078352315176,483.077997951007,483.078028866259,"C20 H20 O14"
"X4169_NEG_10_483.114398688594",4169,"NEG",10,483.114744041513,483.114398688594,483.114414375609,"C21 H24 O13"
"X4170_NEG_10_485.068682071155",4170,"NEG",10,485.069058688579,485.068682071155,485.06852681066,"C18 H18 O14 N2"
"X4171_NEG_10_485.093648264919",4171,"NEG",10,485.093998436991,485.093648264919,485.09367893072,"C20 H22 O14"
"X4173_NEG_10_491.046676375735",4173,"NEG",10,491.04702841392,491.046676375735,491.046728737339,"C21 H16 O14"
"X4174_NEG_10_493.062318566852",4174,"NEG",10,493.062679412105,493.062318566852,493.062378801799,"C21 H18 O14"
"X4176_NEG_10_495.041581336861",4176,"NEG",10,495.041934014339,495.041581336861,495.041643356909,"C20 H16 O15"
"X4177_NEG_10_495.077974838588",4177,"NEG",10,495.0783418776,495.077974838588,495.07802886626,"C21 H20 O14"
"X4178_NEG_10_497.057259289554",4178,"NEG",10,497.05762182161,497.057259289554,497.057293421369,"C20 H18 O15"
"X4179_NEG_10_497.093613878824",4179,"NEG",10,497.09397684635,497.093613878824,497.09367893072,"C21 H22 O14"
"X4180_NEG_10_499.072929588493",4180,"NEG",10,499.073295468856,499.072929588493,499.072943485829,"C20 H20 O15"
"X4183_NEG_10_505.062304647914",4183,"NEG",10,505.062671290713,505.062304647914,505.062378801799,"C22 H18 O14"
"X4184_NEG_10_507.077948266218",4184,"NEG",10,507.078319300855,507.077948266218,507.07802886626,"C22 H20 O14"
"X4185_NEG_10_509.057219843229",4185,"NEG",10,509.057596783411,509.057219843229,509.05729342137,"C21 H18 O15"
"X4187_NEG_10_511.072876533378",4187,"NEG",10,511.073258180646,511.072876533378,511.072943485829,"C21 H20 O15"
"X4193_NEG_10_521.05719118952",4193,"NEG",10,521.057584309595,521.05719118952,521.057293421369,"C22 H18 O15"
"X4204_NEG_11_113.02445873869",4204,"NEG",11,113.024409645338,113.02445873869,113.024417599769,"C5 H6 O3"
"X4209_NEG_11_118.029879575466",4209,"NEG",11,118.029831720791,118.029879575466,118.029837332829,"C7 H5 O1 N1"
"X4210_NEG_11_119.035024515197",4210,"NEG",11,119.034978892312,119.035024515197,119.034982283799,"C4 H8 O4"
"X4211_NEG_11_125.060834120781",4211,"NEG",11,125.060785410622,125.060834120781,125.060803109119,"C7 H10 O2"
"X4212_NEG_11_125.097212457812",4212,"NEG",11,125.097162885868,125.097212457812,125.097188618469,"C8 H14 O1"
"X4214_NEG_11_130.050998194747",4214,"NEG",11,130.050948282715,130.050998194747,130.050966700889,"C5 H9 O3 N1"
"X4215_NEG_11_133.029529086522",4215,"NEG",11,133.029481564952,133.029529086522,133.029502980199,"C8 H6 O2"
"X4217_NEG_11_136.04043377674",4217,"NEG",11,136.040389548756,136.04043377674,136.040402016859,"C7 H7 O2 N1"
"X4218_NEG_11_137.060825148548",4218,"NEG",11,137.060781556222,137.060825148548,137.060803109119,"C8 H10 O2"
"X4219_NEG_11_139.076480198254",4219,"NEG",11,139.076437114098,139.076480198254,139.076453173579,"C8 H12 O2"
"X4220_NEG_11_141.019360618551",4220,"NEG",11,141.019318690646,141.019360618551,141.019332219339,"C6 H6 O4"
"X4221_NEG_11_141.055755334192",4221,"NEG",11,141.055715906481,141.055755334192,141.055717728689,"C7 H10 O3"
"X4222_NEG_11_146.024778274122",4222,"NEG",11,146.024740574763,146.024778274122,146.024751952399,"C8 H5 O2 N1"
"X4223_NEG_11_147.045180547455",4223,"NEG",11,147.045142003225,147.045180547455,147.045153044659,"C9 H8 O2"
"X4224_NEG_11_151.076481554825",4224,"NEG",11,151.076444094189,151.076481554825,151.076453173579,"C9 H12 O2"
"X4225_NEG_11_154.998637042188",4225,"NEG",11,154.998609609498,154.998637042188,154.998596774449,"C6 H4 O5"
"X4226_NEG_11_155.035011500718",4226,"NEG",11,155.034981687067,155.035011500718,155.034982283799,"C7 H8 O4"
"X4227_NEG_11_158.082239647527",4227,"NEG",11,158.082208467874,158.082239647527,158.082266829809,"C7 H13 O3 N1"
"X4228_NEG_11_160.04036616476",4228,"NEG",11,160.040335539592,160.04036616476,160.040402016859,"C9 H7 O2 N1"
"X4229_NEG_11_168.030206756741",4229,"NEG",11,168.030188804284,168.030206756741,168.030231255999,"C7 H7 O4 N1"
"X4230_NEG_11_169.014218809378",4230,"NEG",11,169.014202674675,169.014218809378,169.014246838909,"C7 H6 O5"
"X4231_NEG_11_171.029870944072",4231,"NEG",11,171.029854609743,171.029870944072,171.029896903369,"C7 H8 O5"
"X4232_NEG_11_172.040377065385",4232,"NEG",11,172.040364141545,172.040377065385,172.040402016859,"C10 H7 O2 N1"
"X4233_NEG_11_172.097894553745",4233,"NEG",11,172.097882276873,172.097894553745,172.097916894269,"C8 H15 O3 N1"
"X4234_NEG_11_173.118295461303",4234,"NEG",11,173.118281261164,173.118295461303,173.118317986529,"C9 H18 O3"
"X4235_NEG_11_177.09207602668",4235,"NEG",11,177.092065295807,177.09207602668,177.092103238039,"C11 H14 O2"
"X4236_NEG_11_178.050941825983",4236,"NEG",11,178.050935705336,178.050941825983,178.050966700889,"C9 H9 O3 N1"
"X4237_NEG_11_181.086997607672",4237,"NEG",11,181.086993731554,181.086997607672,181.087017857609,"C10 H14 O3"
"X4239_NEG_11_182.045857061684",4239,"NEG",11,182.04585417985,182.045857061684,182.045881320459,"C8 H9 O4 N1"
"X4240_NEG_11_183.029886608981",4240,"NEG",11,183.029885426198,183.029886608981,183.029896903369,"C8 H8 O5"
"X4241_NEG_11_183.102660536644",4241,"NEG",11,183.102658569761,183.102660536644,183.102667922069,"C10 H16 O3"
"X4242_NEG_11_185.118321848115",4242,"NEG",11,185.11832225865,185.118321848115,185.118317986529,"C10 H18 O3"
"X4244_NEG_11_189.055720568045",4244,"NEG",11,189.055725383113,189.055720568045,189.055717728689,"C11 H10 O3"
"X4245_NEG_11_191.071376638298",4245,"NEG",11,191.071382959024,191.071376638298,191.071367793149,"C11 H12 O3"
"X4246_NEG_11_193.014229053805",4246,"NEG",11,193.01423820642,193.014229053805,193.014246838909,"C9 H6 O5"
"X4247_NEG_11_193.087009329336",4247,"NEG",11,193.087017904424,193.087009329336,193.087017857609,"C11 H14 O3"
"X4248_NEG_11_194.082256772972",4248,"NEG",11,194.082266581198,194.082256772972,194.082266829809,"C10 H13 O3 N1"
"X4249_NEG_11_195.02987926013",4249,"NEG",11,195.029890422497,195.02987926013,195.029896903369,"C9 H8 O5"
"X4250_NEG_11_195.102652392346",4250,"NEG",11,195.102660745628,195.102652392346,195.102667922069,"C11 H16 O3"
"X4251_NEG_11_196.991401491642",4251,"NEG",11,196.991413750109,196.991401491642,196.991403393739,"C8 H6 O4 S1"
"X4252_NEG_11_197.045547905346",4252,"NEG",11,197.045561149328,197.045547905346,197.045546967828,"C9 H10 O5"
"X4254_NEG_11_198.988438030926",4254,"NEG",11,198.988454319277,198.988438030926,198.988426013589,"C7 H4 O7"
"X4255_NEG_11_201.022662337576",4255,"NEG",11,201.022679824382,201.022662337576,201.02270352266,"C8 H10 O4 S1"
"X4256_NEG_11_203.0349647671",4256,"NEG",11,203.034984105433,203.0349647671,203.034982283799,"C11 H8 O4"
"X4257_NEG_11_203.071360027056",4257,"NEG",11,203.071378163578,203.071360027056,203.071367793149,"C12 H12 O3"
"X4258_NEG_11_203.128857121955",4258,"NEG",11,203.128877359751,203.128857121955,203.128882670559,"C10 H20 O4"
"X4259_NEG_11_205.014232768461",4259,"NEG",11,205.014254529926,205.014232768461,205.014246838909,"C10 H6 O5"
"X4260_NEG_11_205.050598107154",4260,"NEG",11,205.050619592398,205.050598107154,205.050632348259,"C11 H10 O4"
"X4261_NEG_11_205.071730681184",4261,"NEG",11,205.071752139287,205.071730681184,205.071761716319,"C8 H14 O6"
"X4262_NEG_11_205.086996536135",4262,"NEG",11,205.087016398307,205.086996536135,205.087017857609,"C12 H14 O3"
"X4263_NEG_11_205.108115146431",4263,"NEG",11,205.108136580107,205.108115146431,205.108147225669,"C9 H18 O5"
"X4264_NEG_11_206.993469772712",4264,"NEG",11,206.993495475576,206.993469772712,206.993511394019,"C9 H4 O6"
"X4265_NEG_11_207.029883065853",4265,"NEG",11,207.029906943801,207.029883065853,207.029896903369,"C10 H8 O5"
"X4266_NEG_11_207.051011283538",4266,"NEG",11,207.051035033358,207.051011283538,207.051026271429,"C7 H12 O7"
"X4267_NEG_11_207.066266337931",4267,"NEG",11,207.066290062241,207.066266337931,207.066282412719,"C11 H12 O4"
"X4268_NEG_11_207.102636927206",4268,"NEG",11,207.10266013436,207.102636927206,207.102667922069,"C12 H16 O3"
"X4269_NEG_11_209.00915625329",4269,"NEG",11,209.009183075456,209.00915625329,209.009161458479,"C9 H6 O6"
"X4270_NEG_11_209.081903664198",4270,"NEG",11,209.081929592511,209.081903664198,209.081932477179,"C11 H14 O4"
"X4271_NEG_11_211.024794548",4271,"NEG",11,211.024822626677,211.024794548,211.02481152294,"C9 H8 O6"
"X4274_NEG_11_215.056094512684",4274,"NEG",11,215.056125304962,215.056094512684,215.056111651859,"C9 H12 O6"
"X4276_NEG_11_217.050622412246",4276,"NEG",11,217.050656836595,217.050622412246,217.050632348259,"C12 H10 O4"
"X4277_NEG_11_219.029894984769",4277,"NEG",11,219.029931637635,219.029894984769,219.029896903369,"C11 H8 O5"
"X4278_NEG_11_219.06627022099",4278,"NEG",11,219.066307077181,219.06627022099,219.066282412719,"C12 H12 O4"
"X4279_NEG_11_219.087386756238",4279,"NEG",11,219.087423188651,219.087386756238,219.08741178078,"C9 H16 O6"
"X4280_NEG_11_219.102650330019",4280,"NEG",11,219.102686825392,219.102650330019,219.102667922069,"C13 H16 O3"
"X4281_NEG_11_221.009140017466",4281,"NEG",11,221.009178621114,221.009140017466,221.009161458479,"C10 H6 O6"
"X4282_NEG_11_221.045529523191",4282,"NEG",11,221.045568153541,221.045529523191,221.045546967828,"C11 H10 O5"
"X4283_NEG_11_223.024789935117",4283,"NEG",11,223.024830679732,223.024789935117,223.02481152294,"C10 H8 O6"
"X4284_NEG_11_223.061174445722",4284,"NEG",11,223.061215228848,223.061174445722,223.06119703229,"C11 H12 O5"
"X4285_NEG_11_223.097563621406",4285,"NEG",11,223.09760452278,223.097563621406,223.097582541639,"C12 H16 O4"
"X4287_NEG_11_225.004082636884",4287,"NEG",11,225.004129080578,225.004082636884,225.004076078049,"C9 H6 O7"
"X4288_NEG_11_225.040439182735",4288,"NEG",11,225.040482001251,225.040439182735,225.040461587399,"C10 H10 O6"
"X4289_NEG_11_225.076825693903",4289,"NEG",11,225.076868614935,225.076825693903,225.076847096749,"C11 H14 O5"
"X4290_NEG_11_225.113217486159",4290,"NEG",11,225.113260723232,225.113217486159,225.113232606099,"C12 H18 O4"
"X4291_NEG_11_227.056081149902",4291,"NEG",11,227.056125904027,227.056081149902,227.056111651859,"C10 H12 O6"
"X4292_NEG_11_231.029869222699",4292,"NEG",11,231.029919170185,231.029869222699,231.029896903369,"C12 H8 O5"
"X4293_NEG_11_231.066256921029",4293,"NEG",11,231.066306962961,231.066256921029,231.066282412719,"C13 H12 O4"
"X4295_NEG_11_233.009139265504",4295,"NEG",11,233.009190372189,233.009139265504,233.009161458479,"C11 H6 O6"
"X4296_NEG_11_233.045528322393",4296,"NEG",11,233.045579746789,233.045528322393,233.045546967828,"C12 H10 O5"
"X4297_NEG_11_233.081916452812",4297,"NEG",11,233.081968580238,233.081916452812,233.081932477179,"C13 H14 O4"
"X4299_NEG_11_235.024792024833",4299,"NEG",11,235.024845626413,235.024792024833,235.02481152294,"C11 H8 O6"
"X4300_NEG_11_235.061167822607",4300,"NEG",11,235.061221329586,235.061167822607,235.06119703229,"C12 H12 O5"
"X4301_NEG_11_235.097553530961",4301,"NEG",11,235.097607439694,235.097553530961,235.097582541639,"C13 H16 O4"
"X4303_NEG_11_237.040441109024",4303,"NEG",11,237.040496879237,237.040441109024,237.040461587399,"C11 H10 O6"
"X4304_NEG_11_237.076825746112",4304,"NEG",11,237.076881410913,237.076825746112,237.076847096749,"C12 H14 O5"
"X4305_NEG_11_237.113211771269",4305,"NEG",11,237.113267302839,237.113211771269,237.113232606099,"C13 H18 O4"
"X4306_NEG_11_239.019699037869",4306,"NEG",11,239.019757150676,239.019699037869,239.019726142509,"C10 H8 O7"
"X4307_NEG_11_239.056084230615",4307,"NEG",11,239.056141965204,239.056084230615,239.056111651859,"C11 H12 O6"
"X4308_NEG_11_239.092468622673",4308,"NEG",11,239.092526438736,239.092468622673,239.092497161209,"C12 H16 O5"
"X4309_NEG_11_239.128867135286",4309,"NEG",11,239.128925227653,239.128867135286,239.128882670559,"C13 H20 O4"
"X4310_NEG_11_242.176148714239",4310,"NEG",11,242.176212099187,242.176148714239,242.176167216569,"C13 H25 O3 N1"
"X4313_NEG_11_245.045516596834",4313,"NEG",11,245.045582795499,245.045516596834,245.045546967829,"C13 H10 O5"
"X4314_NEG_11_245.081905538067",4314,"NEG",11,245.081977336654,245.081905538067,245.081932477179,"C14 H14 O4"
"X4315_NEG_11_247.024779269462",4315,"NEG",11,247.02484616183,247.024779269462,247.02481152294,"C12 H8 O6"
"X4316_NEG_11_247.061170155194",4316,"NEG",11,247.061237560063,247.061170155194,247.061197032289,"C13 H12 O5"
"X4317_NEG_11_247.097548988738",4317,"NEG",11,247.097617698451,247.097548988738,247.097582541639,"C14 H16 O4"
"X4318_NEG_11_249.00404248822",4318,"NEG",11,249.004111429235,249.00404248822,249.00407607805,"C11 H6 O7"
"X4319_NEG_11_249.040429197248",4319,"NEG",11,249.040498054922,249.040429197248,249.040461587399,"C12 H10 O6"
"X4320_NEG_11_249.076822503746",4320,"NEG",11,249.076891052123,249.076822503746,249.076847096749,"C13 H14 O5"
"X4321_NEG_11_249.113203613185",4321,"NEG",11,249.113272655865,249.113203613185,249.113232606099,"C14 H18 O4"
"X4322_NEG_11_251.019688905895",4322,"NEG",11,251.019759697897,251.019688905895,251.019726142509,"C11 H8 O7"
"X4323_NEG_11_251.056075813376",4323,"NEG",11,251.056146444684,251.056075813376,251.056111651859,"C12 H12 O6"
"X4324_NEG_11_251.092464007744",4324,"NEG",11,251.092534657174,251.092464007744,251.092497161209,"C13 H16 O5"
"X4325_NEG_11_251.128848043701",4325,"NEG",11,251.128921709616,251.128848043701,251.128882670559,"C14 H20 O4"
"X4326_NEG_11_253.035348474171",4326,"NEG",11,253.035421459941,253.035348474171,253.035376206969,"C11 H10 O7"
"X4327_NEG_11_253.071721437888",4327,"NEG",11,253.071794409258,253.071721437888,253.071761716318,"C12 H14 O6"
"X4328_NEG_11_253.108112457329",4328,"NEG",11,253.108185293867,253.108112457329,253.108147225669,"C13 H18 O5"
"X4330_NEG_11_255.033238584849",4330,"NEG",11,255.033313133793,255.033238584849,255.033268206688,"C11 H12 O5 S1"
"X4331_NEG_11_255.050990255684",4331,"NEG",11,255.051065383897,255.050990255684,255.05102627143,"C11 H12 O7"
"X4332_NEG_11_255.123767238698",4332,"NEG",11,255.123842199003,255.123767238698,255.123797290129,"C13 H20 O5"
"X4333_NEG_11_255.232915916162",4333,"NEG",11,255.23299426796,255.232915916162,255.232953818179,"C16 H32 O2"
"X4334_NEG_11_257.045513041791",4334,"NEG",11,257.045593136844,257.045513041791,257.045546967829,"C14 H10 O5"
"X4335_NEG_11_257.066636132022",4335,"NEG",11,257.066713582268,257.066636132022,257.066676335889,"C11 H14 O7"
"X4336_NEG_11_257.093155746567",4336,"NEG",11,257.093233349069,257.093155746567,257.093165866469,"C14 H14 O3 N2"
"X4337_NEG_11_259.0247756112",4337,"NEG",11,259.024855186035,259.0247756112,259.024811522939,"C13 H8 O6"
"X4338_NEG_11_259.061166916538",4338,"NEG",11,259.061248971005,259.061166916538,259.061197032289,"C14 H12 O5"
"X4339_NEG_11_261.040424238381",4339,"NEG",11,261.040506334562,261.040424238381,261.040461587399,"C13 H10 O6"
"X4340_NEG_11_261.076810380841",4340,"NEG",11,261.076893526215,261.076810380841,261.076847096749,"C14 H14 O5"
"X4342_NEG_11_263.019681640028",4342,"NEG",11,263.019765531708,263.019681640028,263.019726142509,"C12 H8 O7"
"X4343_NEG_11_263.056058141554",4343,"NEG",11,263.056141993836,263.056058141554,263.056111651859,"C13 H12 O6"
"X4344_NEG_11_263.092444119973",4344,"NEG",11,263.092527821431,263.092444119973,263.092497161209,"C14 H16 O5"
"X4346_NEG_11_265.035328746396",4346,"NEG",11,265.035414634528,265.035328746396,265.035376206969,"C12 H10 O7"
"X4347_NEG_11_265.071706922014",4347,"NEG",11,265.071792611779,265.071706922014,265.071761716318,"C13 H14 O6"
"X4348_NEG_11_265.108089813311",4348,"NEG",11,265.108175657191,265.108089813311,265.108147225669,"C14 H18 O5"
"X4349_NEG_11_267.014591972723",4349,"NEG",11,267.014680206652,267.014591972723,267.014640762079,"C11 H8 O8"
"X4350_NEG_11_267.050972065232",4350,"NEG",11,267.051060039439,267.050972065232,267.05102627143,"C12 H12 O7"
"X4351_NEG_11_267.087356777602",4351,"NEG",11,267.087444644027,267.087356777602,267.087411780779,"C13 H16 O6"
"X4352_NEG_11_267.123744496466",4352,"NEG",11,267.123832293462,267.123744496466,267.123797290129,"C14 H20 O5"
"X4353_NEG_11_269.066622739559",4353,"NEG",11,269.066712762424,269.066622739559,269.066676335889,"C12 H14 O7"
"X4354_NEG_11_269.139393639731",4354,"NEG",11,269.139484227185,269.139393639731,269.139447354589,"C14 H22 O5"
"X4355_NEG_11_269.212166074747",4355,"NEG",11,269.212259390008,269.212166074747,269.212218373289,"C16 H30 O3"
"X4357_NEG_11_271.061157380977",4357,"NEG",11,271.061253639263,271.061157380977,271.061197032289,"C15 H12 O5"
"X4358_NEG_11_271.227805244893",4358,"NEG",11,271.227907525576,271.227805244893,271.227868437749,"C16 H32 O3"
"X4359_NEG_11_273.040401668823",4359,"NEG",11,273.04049821951,273.040401668823,273.040461587399,"C14 H10 O6"
"X4361_NEG_11_273.076822565649",4361,"NEG",11,273.076922272663,273.076822565649,273.076847096749,"C15 H14 O5"
"X4362_NEG_11_275.019671866586",4362,"NEG",11,275.019769276121,275.019671866586,275.019726142509,"C13 H8 O7"
"X4363_NEG_11_275.056067347121",4363,"NEG",11,275.056164519569,275.056067347121,275.056111651859,"C14 H12 O6"
"X4364_NEG_11_275.092442252173",4364,"NEG",11,275.092543590153,275.092442252173,275.092497161209,"C15 H16 O5"
"X4365_NEG_11_277.03532608",4365,"NEG",11,277.035425052261,277.03532608,277.035376206969,"C13 H10 O7"
"X4366_NEG_11_277.071715447188",4366,"NEG",11,277.071814125305,277.071715447188,277.071761716318,"C14 H14 O6"
"X4367_NEG_11_277.108105645187",4367,"NEG",11,277.108204699957,277.108105645187,277.108147225669,"C15 H18 O5"
"X4369_NEG_11_279.014595003322",4369,"NEG",11,279.014696365263,279.014595003322,279.014640762079,"C12 H8 O8"
"X4370_NEG_11_279.050982166112",4370,"NEG",11,279.051083240038,279.050982166112,279.05102627143,"C13 H12 O7"
"X4371_NEG_11_279.08736834386",4371,"NEG",11,279.087469210664,279.08736834386,279.087411780779,"C14 H16 O6"
"X4372_NEG_11_279.123758739135",4372,"NEG",11,279.123859760505,279.123758739135,279.123797290129,"C15 H20 O5"
"X4373_NEG_11_280.082607117186",4373,"NEG",11,280.082706474614,280.082607117186,280.082660752979,"C13 H15 O6 N1"
"X4374_NEG_11_281.030250425112",4374,"NEG",11,281.030353664859,281.030250425112,281.03029082654,"C12 H10 O8"
"X4375_NEG_11_281.066633429239",4375,"NEG",11,281.066736447185,281.066633429239,281.066676335889,"C13 H14 O7"
"X4376_NEG_11_281.103018015386",4376,"NEG",11,281.103121072894,281.103018015386,281.103061845239,"C14 H18 O6"
"X4377_NEG_11_281.139406462261",4377,"NEG",11,281.139509927916,281.139406462261,281.139447354589,"C15 H22 O5"
"X4378_NEG_11_283.045905949108",4378,"NEG",11,283.04601212412,283.045905949108,283.045940890999,"C12 H12 O8"
"X4379_NEG_11_283.082281435895",4379,"NEG",11,283.082386646525,283.082281435895,283.082326400349,"C13 H16 O7"
"X4380_NEG_11_283.11867099105",4380,"NEG",11,283.118776241286,283.11867099105,283.118711909699,"C14 H20 O6"
"X4381_NEG_11_283.155065088682",4381,"NEG",11,283.155170492368,283.155065088682,283.155097419049,"C15 H24 O5"
"X4382_NEG_11_283.264215111876",4382,"NEG",11,283.264323990788,283.264215111876,283.264253947099,"C18 H36 O2"
"X4383_NEG_11_285.040432649396",4383,"NEG",11,285.040542758174,285.040432649396,285.040461587399,"C15 H10 O6"
"X4384_NEG_11_285.061569906229",4384,"NEG",11,285.061677260238,285.061569906229,285.061590955459,"C12 H14 O8"
"X4385_NEG_11_285.134323901513",4385,"NEG",11,285.134430906535,285.134323901513,285.13436197416,"C14 H22 O6"
"X4386_NEG_11_287.0196980646",4386,"NEG",11,287.019811570805,287.0196980646,287.019726142509,"C14 H8 O7"
"X4387_NEG_11_287.056090417061",4387,"NEG",11,287.056202118292,287.056090417061,287.056111651859,"C15 H12 O6"
"X4388_NEG_11_287.077209683196",4388,"NEG",11,287.07731916342,287.077209683196,287.07724101992,"C12 H16 O8"
"X4389_NEG_11_289.035383549691",4389,"NEG",11,289.035497649647,289.035383549691,289.035376206969,"C14 H10 O7"
"X4390_NEG_11_289.07172875513",4390,"NEG",11,289.071842026153,289.07172875513,289.071761716318,"C15 H14 O6"
"X4391_NEG_11_289.108113126445",4391,"NEG",11,289.108229217883,289.108113126445,289.108147225669,"C16 H18 O5"
"X4392_NEG_11_291.014615256142",4392,"NEG",11,291.014729761759,291.014615256142,291.014640762078,"C13 H8 O8"
"X4393_NEG_11_291.051002794711",4393,"NEG",11,291.051116874694,291.051002794711,291.05102627143,"C14 H12 O7"
"X4394_NEG_11_291.087387341204",4394,"NEG",11,291.087501405297,291.087387341204,291.087411780779,"C15 H16 O6"
"X4395_NEG_11_291.123770950804",4395,"NEG",11,291.123888558978,291.123770950804,291.123797290129,"C16 H20 O5"
"X4396_NEG_11_293.030256536384",4396,"NEG",11,293.030373990175,293.030256536384,293.03029082654,"C13 H10 O8"
"X4397_NEG_11_293.103036126391",4397,"NEG",11,293.103152267891,293.103036126391,293.10306184524,"C15 H18 O6"
"X4398_NEG_11_293.13942981268",4398,"NEG",11,293.139548116739,293.13942981268,293.139447354589,"C16 H22 O5"
"X4400_NEG_11_295.045921032392",4400,"NEG",11,295.046039430583,295.045921032392,295.045940890999,"C13 H12 O8"
"X4401_NEG_11_295.082308732271",4401,"NEG",11,295.082427038712,295.082308732271,295.082326400349,"C14 H16 O7"
"X4402_NEG_11_295.118687993608",4402,"NEG",11,295.118806339858,295.118687993608,295.118711909699,"C15 H20 O6"
"X4403_NEG_11_297.025190200449",4403,"NEG",11,297.025313639127,297.025190200449,297.025205446109,"C12 H10 O9"
"X4404_NEG_11_297.061591733829",4404,"NEG",11,297.061712208045,297.061591733829,297.061590955459,"C13 H14 O8"
"X4405_NEG_11_297.097959026861",4405,"NEG",11,297.098079540032,297.097959026861,297.097976464808,"C14 H18 O7"
"X4406_NEG_11_297.134344611769",4406,"NEG",11,297.134465164794,297.134344611769,297.13436197416,"C15 H22 O6"
"X4407_NEG_11_297.243474346884",4407,"NEG",11,297.243602330694,297.243474346884,297.243518502209,"C18 H34 O3"
"X4409_NEG_11_299.077239565425",4409,"NEG",11,299.077362247475,299.077239565425,299.07724101992,"C13 H16 O8"
"X4410_NEG_11_299.150000349685",4410,"NEG",11,299.150123980692,299.150000349685,299.150012038619,"C15 H24 O6"
"X4412_NEG_11_301.035383050613",4412,"NEG",11,301.035510888661,301.035383050613,301.035376206969,"C15 H10 O7"
"X4413_NEG_11_301.071771814088",4413,"NEG",11,301.071900652448,301.071771814088,301.071761716319,"C16 H14 O6"
"X4414_NEG_11_303.014638821987",4414,"NEG",11,303.014768180427,303.014638821987,303.014640762079,"C14 H8 O8"
"X4415_NEG_11_303.051030072422",4415,"NEG",11,303.051157705361,303.051030072422,303.05102627143,"C15 H12 O7"
"X4416_NEG_11_303.087413010556",4416,"NEG",11,303.087543428078,303.087413010556,303.087411780779,"C16 H16 O6"
"X4418_NEG_11_305.030293092584",4418,"NEG",11,305.03042252886,305.030293092584,305.030290826539,"C14 H10 O8"
"X4419_NEG_11_305.066682172084",4419,"NEG",11,305.066811468263,305.066682172084,305.066676335889,"C15 H14 O7"
"X4420_NEG_11_305.103063079385",4420,"NEG",11,305.103192407735,305.103063079385,305.103061845239,"C16 H18 O6"
"X4421_NEG_11_307.009554023142",4421,"NEG",11,307.009687712465,307.009554023142,307.00955538165,"C13 H8 O9"
"X4422_NEG_11_307.04594920301",4422,"NEG",11,307.04608071049,307.04594920301,307.045940890998,"C14 H12 O8"
"X4423_NEG_11_307.118715584798",4423,"NEG",11,307.118847098658,307.118715584798,307.118711909699,"C16 H20 O6"
"X4424_NEG_11_309.025204611546",4424,"NEG",11,309.025338490072,309.025204611546,309.025205446109,"C13 H10 O9"
"X4425_NEG_11_309.061596574442",4425,"NEG",11,309.061730226955,309.061596574442,309.06159095546,"C14 H14 O8"
"X4426_NEG_11_309.097975275227",4426,"NEG",11,309.098108967802,309.097975275227,309.097976464808,"C15 H18 O7"
"X4427_NEG_11_309.134364370544",4427,"NEG",11,309.134498031125,309.134364370544,309.13436197416,"C16 H22 O6"
"X4428_NEG_11_311.040858383363",4428,"NEG",11,311.040994864215,311.040858383363,311.040855510569,"C13 H12 O9"
"X4429_NEG_11_311.113629687011",4429,"NEG",11,311.113765399775,311.113629687011,311.113626529269,"C15 H20 O7"
"X4430_NEG_11_311.150010254309",4430,"NEG",11,311.150147313143,311.150010254309,311.150012038619,"C16 H24 O6"
"X4431_NEG_11_313.035392772552",4431,"NEG",11,313.035535025158,313.035392772552,313.035376206969,"C16 H10 O7"
"X4432_NEG_11_313.056514907533",4432,"NEG",11,313.056653440024,313.056514907533,313.056505575029,"C13 H14 O9"
"X4433_NEG_11_313.092899609935",4433,"NEG",11,313.093037705947,313.092899609935,313.092891084379,"C14 H18 O8"
"X4434_NEG_11_315.014630905771",4434,"NEG",11,315.014777528379,315.014630905771,315.014640762079,"C15 H8 O8"
"X4435_NEG_11_315.051053982329",4435,"NEG",11,315.051195578047,315.051053982329,315.05102627143,"C16 H12 O7"
"X4436_NEG_11_315.072178236808",4436,"NEG",11,315.072318791421,315.072178236808,315.072155639489,"C13 H16 O9"
"X4438_NEG_11_317.030320400043",4438,"NEG",11,317.030464404536,317.030320400043,317.03029082654,"C15 H10 O8"
"X4439_NEG_11_317.066717145738",4439,"NEG",11,317.066861282512,317.066717145738,317.066676335889,"C16 H14 O7"
"X4440_NEG_11_317.087834584534",4440,"NEG",11,317.087978208085,317.087834584534,317.087805703949,"C13 H18 O9"
"X4441_NEG_11_319.009572418867",4441,"NEG",11,319.009719862703,319.009572418867,319.00955538165,"C14 H8 O9"
"X4442_NEG_11_319.04597729376",4442,"NEG",11,319.046121717461,319.04597729376,319.045940890998,"C15 H12 O8"
"X4443_NEG_11_319.08236810192",4443,"NEG",11,319.082512691428,319.08236810192,319.082326400349,"C16 H16 O7"
"X4444_NEG_11_319.118733034347",4444,"NEG",11,319.118878033484,319.118733034347,319.118711909699,"C17 H20 O6"
"X4445_NEG_11_321.025245531824",4445,"NEG",11,321.025392895738,321.025245531824,321.025205446109,"C14 H10 O9"
"X4446_NEG_11_321.061641864506",4446,"NEG",11,321.061788779384,321.061641864506,321.06159095546,"C15 H14 O8"
"X4447_NEG_11_321.098026162127",4447,"NEG",11,321.098173105728,321.098026162127,321.097976464808,"C16 H18 O7"
"X4448_NEG_11_321.134391902464",4448,"NEG",11,321.134538736174,321.134391902464,321.13436197416,"C17 H22 O6"
"X4449_NEG_11_323.040899059248",4449,"NEG",11,323.041047972928,323.040899059248,323.040855510568,"C14 H12 O9"
"X4450_NEG_11_323.077294944544",4450,"NEG",11,323.077444080624,323.077294944544,323.07724101992,"C15 H16 O8"
"X4451_NEG_11_323.113671814948",4451,"NEG",11,323.113820991342,323.113671814948,323.113626529269,"C16 H20 O7"
"X4452_NEG_11_323.150044365005",4452,"NEG",11,323.150194968997,323.150044365005,323.150012038619,"C17 H24 O6"
"X4453_NEG_11_325.056552643517",4453,"NEG",11,325.056703897698,325.056552643517,325.056505575029,"C14 H14 O9"
"X4454_NEG_11_325.092941963297",4454,"NEG",11,325.093093334155,325.092941963297,325.092891084379,"C15 H18 O8"
"X4455_NEG_11_325.129330241208",4455,"NEG",11,325.129481652428,325.129330241208,325.12927659373,"C16 H22 O7"
"X4457_NEG_11_327.035798857463",4457,"NEG",11,327.035954898111,327.035798857463,327.035770130139,"C13 H12 O10"
"X4459_NEG_11_327.072220623925",4459,"NEG",11,327.072374191204,327.072220623925,327.072155639488,"C14 H16 O9"
"X4460_NEG_11_327.144977648506",4460,"NEG",11,327.145131252183,327.144977648506,327.144926658189,"C16 H24 O7"
"X4461_NEG_11_329.030357696786",4461,"NEG",11,329.030516018739,329.030357696786,329.030290826539,"C16 H10 O8"
"X4462_NEG_11_329.066743335435",4462,"NEG",11,329.066902373828,329.066743335435,329.066676335889,"C17 H14 O7"
"X4463_NEG_11_329.087864554983",4463,"NEG",11,329.08802037478,329.087864554983,329.08780570395,"C14 H18 O9"
"X4464_NEG_11_329.160625667945",4464,"NEG",11,329.160780347101,329.160625667945,329.160576722649,"C16 H26 O7"
"X4465_NEG_11_331.009619728326",4465,"NEG",11,331.0097797953,331.009619728326,331.009555381649,"C15 H8 O9"
"X4466_NEG_11_331.046008821623",4466,"NEG",11,331.0461677504,331.046008821623,331.045940890999,"C16 H12 O8"
"X4467_NEG_11_331.082417481756",4467,"NEG",11,331.082578328888,331.082417481756,331.082326400349,"C17 H16 O7"
"X4468_NEG_11_331.103518884892",4468,"NEG",11,331.103676666874,331.103518884892,331.10345576841,"C14 H20 O9"
"X4470_NEG_11_333.025264389891",4470,"NEG",11,333.025424312532,333.025264389891,333.025205446109,"C15 H10 O9"
"X4471_NEG_11_333.061674977423",4471,"NEG",11,333.061835394672,333.061674977423,333.06159095546,"C16 H14 O8"
"X4472_NEG_11_333.098060261938",4472,"NEG",11,333.098220403358,333.098060261938,333.097976464808,"C17 H18 O7"
"X4473_NEG_11_333.134434584447",4473,"NEG",11,333.134597296144,333.134434584447,333.134361974159,"C18 H22 O6"
"X4474_NEG_11_335.004529182883",4474,"NEG",11,335.004694148835,335.004529182883,335.004470001219,"C14 H8 O10"
"X4475_NEG_11_335.0409295683",4475,"NEG",11,335.041092063537,335.0409295683,335.040855510568,"C15 H12 O9"
"X4476_NEG_11_335.077338441976",4476,"NEG",11,335.077501105107,335.077338441976,335.07724101992,"C16 H16 O8"
"X4477_NEG_11_335.113717922858",4477,"NEG",11,335.113880415957,335.113717922858,335.113626529269,"C17 H20 O7"
"X4478_NEG_11_335.150070508472",4478,"NEG",11,335.150234629426,335.150070508472,335.150012038619,"C18 H24 O6"
"X4479_NEG_11_337.020191871484",4479,"NEG",11,337.020356929946,337.020191871484,337.020120065679,"C14 H10 O10"
"X4480_NEG_11_337.056598494432",4480,"NEG",11,337.05676304787,337.056598494432,337.056505575029,"C15 H14 O9"
"X4481_NEG_11_337.092992358007",4481,"NEG",11,337.093157075302,337.092992358007,337.092891084379,"C16 H18 O8"
"X4482_NEG_11_337.129365072541",4482,"NEG",11,337.129529830399,337.129365072541,337.12927659373,"C17 H22 O7"
"X4483_NEG_11_339.035735478202",4483,"NEG",11,339.035902689631,339.035735478202,339.035770130139,"C14 H12 O10"
"X4484_NEG_11_339.072133406184",4484,"NEG",11,339.072300331554,339.072133406184,339.072155639488,"C15 H16 O9"
"X4485_NEG_11_339.108513408566",4485,"NEG",11,339.108680374542,339.108513408566,339.108541148839,"C16 H20 O8"
"X4486_NEG_11_339.14489435078",4486,"NEG",11,339.145061245196,339.14489435078,339.144926658189,"C17 H24 O7"
"X4487_NEG_11_341.030269693703",4487,"NEG",11,341.030441590516,341.030269693703,341.030290826539,"C17 H10 O8"
"X4488_NEG_11_341.051409077164",4488,"NEG",11,341.051577545293,341.051409077164,341.051420194599,"C14 H14 O10"
"X4489_NEG_11_341.087792985388",4489,"NEG",11,341.087962161576,341.087792985388,341.08780570395,"C15 H18 O9"
"X4490_NEG_11_341.124169757172",4490,"NEG",11,341.124338974,341.124169757172,341.124191213298,"C16 H22 O8"
"X4491_NEG_11_341.160538436237",4491,"NEG",11,341.160707923861,341.160538436237,341.160576722649,"C17 H26 O7"
"X4493_NEG_11_343.045930538351",4493,"NEG",11,343.046104637784,343.045930538351,343.045940890999,"C17 H12 O8"
"X4494_NEG_11_343.067056287313",4494,"NEG",11,343.067227694189,343.067056287313,343.067070259058,"C14 H16 O10"
"X4495_NEG_11_345.025192451537",4495,"NEG",11,345.025367105212,345.025192451537,345.025205446109,"C16 H10 O9"
"X4496_NEG_11_345.061594610817",4496,"NEG",11,345.061769546567,345.061594610817,345.061590955459,"C17 H14 O8"
"X4497_NEG_11_345.082709228001",4497,"NEG",11,345.082882792844,345.082709228001,345.08272032352,"C14 H18 O10"
"X4498_NEG_11_345.097980420352",4498,"NEG",11,345.098156941357,345.097980420352,345.097976464809,"C18 H18 O7"
"X4499_NEG_11_347.040857730667",4499,"NEG",11,347.041033566229,347.040857730667,347.040855510568,"C16 H12 O9"
"X4500_NEG_11_347.077265986249",4500,"NEG",11,347.07744125785,347.077265986249,347.07724101992,"C17 H16 O8"
"X4501_NEG_11_347.113626386705",4501,"NEG",11,347.113802190039,347.113626386705,347.113626529269,"C18 H20 O7"
"X4502_NEG_11_349.02011547578",4502,"NEG",11,349.020293199372,349.02011547578,349.020120065678,"C15 H10 O10"
"X4503_NEG_11_349.056520803177",4503,"NEG",11,349.056698897547,349.056520803177,349.056505575029,"C16 H14 O9"
"X4504_NEG_11_349.092916880391",4504,"NEG",11,349.093095015565,349.092916880391,349.092891084379,"C17 H18 O8"
"X4505_NEG_11_349.129272156844",4505,"NEG",11,349.129450140675,349.129272156844,349.12927659373,"C18 H22 O7"
"X4506_NEG_11_351.035781099266",4506,"NEG",11,351.035961023182,351.035781099266,351.03577013014,"C15 H12 O10"
"X4507_NEG_11_351.072172995724",4507,"NEG",11,351.072353350907,351.072172995724,351.072155639488,"C16 H16 O9"
"X4508_NEG_11_351.10856835415",4508,"NEG",11,351.108748750174,351.10856835415,351.108541148839,"C17 H20 O8"
"X4509_NEG_11_351.144931746892",4509,"NEG",11,351.145112071108,351.144931746892,351.144926658189,"C18 H24 O7"
"X4510_NEG_11_353.051439275439",4510,"NEG",11,353.051621584906,353.051439275439,353.051420194599,"C15 H14 O10"
"X4511_NEG_11_353.087834162021",4511,"NEG",11,353.088016780048,353.087834162021,353.08780570395,"C16 H18 O9"
"X4512_NEG_11_353.124202743836",4512,"NEG",11,353.124385402711,353.124202743836,353.124191213298,"C17 H22 O8"
"X4513_NEG_11_353.160581512773",4513,"NEG",11,353.160763775992,353.160581512773,353.16057672265,"C18 H26 O7"
"X4514_NEG_11_355.030684889756",4514,"NEG",11,355.030867594098,355.030684889756,355.030684749709,"C14 H12 O11"
"X4515_NEG_11_355.067094064208",4515,"NEG",11,355.067278787421,355.067094064208,355.067070259058,"C15 H16 O10"
"X4516_NEG_11_355.1034859358",4516,"NEG",11,355.103670818682,355.1034859358,355.10345576841,"C16 H20 O9"
"X4517_NEG_11_355.139854479733",4517,"NEG",11,355.140039403498,355.139854479733,355.139841277758,"C17 H24 O8"
"X4518_NEG_11_357.025206517956",4518,"NEG",11,357.025393126516,357.025206517956,357.025205446109,"C17 H10 O9"
"X4519_NEG_11_357.061624263927",4519,"NEG",11,357.061810963709,357.061624263927,357.061590955459,"C18 H14 O8"
"X4520_NEG_11_357.082744268814",4520,"NEG",11,357.082931377621,357.082744268814,357.082720323519,"C15 H18 O10"
"X4521_NEG_11_357.155506231932",4521,"NEG",11,357.155693043613,357.155506231932,357.15549134222,"C17 H26 O8"
"X4523_NEG_11_359.040889900693",4523,"NEG",11,359.041079352394,359.040889900693,359.040855510568,"C17 H12 O9"
"X4525_NEG_11_359.077289692489",4525,"NEG",11,359.077479321497,359.077289692489,359.077241019919,"C18 H16 O8"
"X4526_NEG_11_359.098403503198",4526,"NEG",11,359.098592657222,359.098403503198,359.098370387978,"C15 H20 O10"
"X4527_NEG_11_359.113635548214",4527,"NEG",11,359.113824751382,359.113635548214,359.113626529269,"C19 H20 O7"
"X4528_NEG_11_361.020163086208",4528,"NEG",11,361.020353778246,361.020163086208,361.020120065679,"C16 H10 O10"
"X4529_NEG_11_361.056545807085",4529,"NEG",11,361.056736916142,361.056545807085,361.056505575029,"C17 H14 O9"
"X4530_NEG_11_361.09295355018",4530,"NEG",11,361.093144401062,361.09295355018,361.092891084379,"C18 H18 O8"
"X4531_NEG_11_361.114038360297",4531,"NEG",11,361.114230569516,361.114038360297,361.114020452439,"C15 H22 O10"
"X4532_NEG_11_361.129308697513",4532,"NEG",11,361.12949984142,361.129308697513,361.12927659373,"C19 H22 O7"
"X4533_NEG_11_363.035804847323",4533,"NEG",11,363.035998622059,363.035804847323,363.03577013014,"C16 H12 O10"
"X4534_NEG_11_363.072219328162",4534,"NEG",11,363.072413178911,363.072219328162,363.072155639488,"C17 H16 O9"
"X4535_NEG_11_363.108606552292",4535,"NEG",11,363.10880044993,363.108606552292,363.108541148839,"C18 H20 O8"
"X4536_NEG_11_363.144962916204",4536,"NEG",11,363.145156609986,363.144962916204,363.144926658189,"C19 H24 O7"
"X4537_NEG_11_365.015055096748",4537,"NEG",11,365.015247805475,365.015055096748,365.015034685249,"C15 H10 O11"
"X4538_NEG_11_365.05144901044",4538,"NEG",11,365.051645100764,365.05144901044,365.051420194599,"C16 H14 O10"
"X4539_NEG_11_365.087853599126",4539,"NEG",11,365.088049730552,365.087853599126,365.08780570395,"C17 H18 O9"
"X4540_NEG_11_365.124223293072",4540,"NEG",11,365.124419465562,365.124223293072,365.124191213298,"C18 H22 O8"
"X4541_NEG_11_365.160576680658",4541,"NEG",11,365.160772538944,365.160576680658,365.16057672265,"C19 H26 O7"
"X4542_NEG_11_367.030690098403",4542,"NEG",11,367.030886185947,367.030690098403,367.030684749709,"C15 H12 O11"
"X4543_NEG_11_367.067104719215",4543,"NEG",11,367.067303086383,367.067104719215,367.067070259058,"C16 H16 O10"
"X4544_NEG_11_367.103499732091",4544,"NEG",11,367.103698140387,367.103499732091,367.10345576841,"C17 H20 O9"
"X4545_NEG_11_367.139866776923",4545,"NEG",11,367.14006522632,367.139866776923,367.139841277758,"C18 H24 O8"
"X4546_NEG_11_367.176247489801",4546,"NEG",11,367.176445545486,367.176247489801,367.176226787109,"C19 H28 O7"
"X4547_NEG_11_369.046339903658",4547,"NEG",11,369.046538214942,369.046339903658,369.046334814168,"C15 H14 O11"
"X4548_NEG_11_369.082755970138",4548,"NEG",11,369.082956616166,369.082755970138,369.082720323518,"C16 H18 O10"
"X4549_NEG_11_369.119139310703",4549,"NEG",11,369.119339997883,369.119139310703,369.11910583287,"C17 H22 O9"
"X4550_NEG_11_369.155511195118",4550,"NEG",11,369.155711781339,369.155511195118,369.15549134222,"C18 H26 O8"
"X4551_NEG_11_371.040897306402",4551,"NEG",11,371.041097340192,371.040897306402,371.040855510569,"C18 H12 O9"
"X4552_NEG_11_371.062010198317",4552,"NEG",11,371.062210694736,371.062010198317,371.061984878629,"C15 H16 O11"
"X4553_NEG_11_371.098411328258",4553,"NEG",11,371.09861425517,371.098411328258,371.098370387978,"C16 H20 O10"
"X4554_NEG_11_371.134790763036",4554,"NEG",11,371.134993731131,371.134790763036,371.134755897329,"C17 H24 O9"
"X4555_NEG_11_371.171162864018",4555,"NEG",11,371.171365456549,371.171162864018,371.171141406679,"C18 H28 O8"
"X4556_NEG_11_373.02015165498",4556,"NEG",11,373.020353634319,373.02015165498,373.020120065679,"C17 H10 O10"
"X4557_NEG_11_373.056539398223",4557,"NEG",11,373.056743642158,373.056539398223,373.05650557503,"C18 H14 O9"
"X4558_NEG_11_373.077654297891",4558,"NEG",11,373.077855147024,373.077654297891,373.077634943089,"C15 H18 O11"
"X4559_NEG_11_373.092929438723",4559,"NEG",11,373.093131400615,373.092929438723,373.092891084379,"C19 H18 O8"
"X4560_NEG_11_373.114071847502",4560,"NEG",11,373.11427710188,373.114071847502,373.11402045244,"C16 H22 O10"
"X4561_NEG_11_373.150425940389",4561,"NEG",11,373.150630636188,373.150425940389,373.150405961788,"C17 H26 O9"
"X4563_NEG_11_375.035795458517",4563,"NEG",11,375.036002968574,375.035795458517,375.03577013014,"C17 H12 O10"
"X4564_NEG_11_375.07220466222",4564,"NEG",11,375.072410729611,375.07220466222,375.072155639488,"C18 H16 O9"
"X4565_NEG_11_375.093310395396",4565,"NEG",11,375.093512807472,375.093310395396,375.093285007549,"C15 H20 O11"
"X4566_NEG_11_375.108589248212",4566,"NEG",11,375.10879585918,375.108589248212,375.108541148839,"C19 H20 O8"
"X4567_NEG_11_375.14491692303",4567,"NEG",11,375.145129488842,375.14491692303,375.144926658189,"C20 H24 O7"
"X4568_NEG_11_377.015081386339",4568,"NEG",11,377.015286526932,377.015081386339,377.015034685249,"C16 H10 O11"
"X4569_NEG_11_377.051459960016",4569,"NEG",11,377.05166965612,377.051459960016,377.051420194599,"C17 H14 O10"
"X4570_NEG_11_377.087876159207",4570,"NEG",11,377.088085875618,377.087876159207,377.08780570395,"C18 H18 O9"
"X4571_NEG_11_377.124233085022",4571,"NEG",11,377.124442842703,377.124233085022,377.124191213298,"C19 H22 O8"
"X4572_NEG_11_377.16059065052",4572,"NEG",11,377.160801440663,377.16059065052,377.160576722649,"C20 H26 O7"
"X4573_NEG_11_379.030718550233",4573,"NEG",11,379.03092809208,379.030718550233,379.030684749709,"C16 H12 O11"
"X4574_NEG_11_379.067127993821",4574,"NEG",11,379.067339957782,379.067127993821,379.067070259058,"C17 H16 O10"
"X4575_NEG_11_379.103520115857",4575,"NEG",11,379.10373212116,379.103520115857,379.10345576841,"C18 H20 O9"
"X4576_NEG_11_379.139879573874",4576,"NEG",11,379.140091620483,379.139879573874,379.139841277758,"C19 H24 O8"
"X4577_NEG_11_379.176251908171",4577,"NEG",11,379.17646575898,379.176251908171,379.176226787109,"C20 H28 O7"
"X4578_NEG_11_381.046377466346",4578,"NEG",11,381.046589964205,381.046377466346,381.046334814169,"C16 H14 O11"
"X4579_NEG_11_381.082771846803",4579,"NEG",11,381.082986101638,381.082771846803,381.082720323518,"C17 H18 O10"
"X4580_NEG_11_381.119162133873",4580,"NEG",11,381.119376430085,381.119162133873,381.11910583287,"C18 H22 O9"
"X4581_NEG_11_381.155529510771",4581,"NEG",11,381.155743848338,381.155529510771,381.15549134222,"C19 H26 O8"
"X4583_NEG_11_383.062030912401",4583,"NEG",11,383.062247166702,383.062030912401,383.06198487863,"C16 H16 O11"
"X4584_NEG_11_383.098419716052",4584,"NEG",11,383.098636263787,383.098419716052,383.098370387978,"C17 H20 O10"
"X4585_NEG_11_383.134805265131",4585,"NEG",11,383.135021854275,383.134805265131,383.134755897329,"C18 H24 O9"
"X4586_NEG_11_383.171175408103",4586,"NEG",11,383.171390833588,383.171175408103,383.171141406679,"C19 H28 O8"
"X4587_NEG_11_385.020139765784",4587,"NEG",11,385.020351292399,385.020139765784,385.020120065679,"C18 H10 O10"
"X4589_NEG_11_385.056525758733",4589,"NEG",11,385.056737483387,385.056525758733,385.056505575029,"C19 H14 O9"
"X4590_NEG_11_385.077676365352",4590,"NEG",11,385.077894909846,385.077676365352,385.077634943089,"C16 H18 O11"
"X4591_NEG_11_385.114068484854",4591,"NEG",11,385.114287327509,385.114068484854,385.11402045244,"C17 H22 O10"
"X4592_NEG_11_385.15044969102",4592,"NEG",11,385.150668575115,385.15044969102,385.150405961788,"C18 H26 O9"
"X4594_NEG_11_387.0357717143",4594,"NEG",11,387.035988772626,387.0357717143,387.035770130139,"C18 H12 O10"
"X4596_NEG_11_387.072198487053",4596,"NEG",11,387.072414136166,387.072198487053,387.072155639489,"C19 H16 O9"
"X4597_NEG_11_387.09333563142",4597,"NEG",11,387.093555362051,387.09333563142,387.093285007548,"C16 H20 O11"
"X4599_NEG_11_387.1297116963",4599,"NEG",11,387.129932835888,387.1297116963,387.1296705169,"C17 H24 O10"
"X4600_NEG_11_387.166092922922",4600,"NEG",11,387.16631295146,387.166092922922,387.166056026249,"C18 H28 O9"
"X4601_NEG_11_389.015076962458",4601,"NEG",11,389.015293190076,389.015076962458,389.015034685249,"C17 H10 O11"
"X4602_NEG_11_389.051450041097",4602,"NEG",11,389.051672142769,389.051450041097,389.051420194599,"C18 H14 O10"
"X4603_NEG_11_389.087854742782",4603,"NEG",11,389.088076188006,389.087854742782,389.087805703949,"C19 H18 O9"
"X4604_NEG_11_389.108989067879",4604,"NEG",11,389.109205317383,389.108989067879,389.108935072009,"C16 H22 O11"
"X4605_NEG_11_389.124233201992",4605,"NEG",11,389.124454606086,389.124233201992,389.124191213298,"C20 H22 O8"
"X4606_NEG_11_389.1453513206",4606,"NEG",11,389.145572537535,389.1453513206,389.145320581359,"C17 H26 O10"
"X4607_NEG_11_391.03072206988",4607,"NEG",11,391.030945125452,391.03072206988,391.03068474971,"C17 H12 O11"
"X4608_NEG_11_391.067123637374",4608,"NEG",11,391.067349201292,391.067123637374,391.067070259058,"C18 H16 O10"
"X4609_NEG_11_391.103525272875",4609,"NEG",11,391.103750572186,391.103525272875,391.10345576841,"C19 H20 O9"
"X4610_NEG_11_391.139884779505",4610,"NEG",11,391.140110137129,391.139884779505,391.139841277758,"C20 H24 O8"
"X4611_NEG_11_393.046375683561",4611,"NEG",11,393.046603133134,393.046375683561,393.046334814169,"C17 H14 O11"
"X4612_NEG_11_393.082792528626",4612,"NEG",11,393.083020463857,393.082792528626,393.082720323518,"C18 H18 O10"
"X4613_NEG_11_393.119161592243",4613,"NEG",11,393.119389569045,393.119161592243,393.11910583287,"C19 H22 O9"
"X4614_NEG_11_393.155521884536",4614,"NEG",11,393.155749526268,393.155521884536,393.15549134222,"C20 H26 O8"
"X4615_NEG_11_395.025657103903",4615,"NEG",11,395.025877404845,395.025657103903,395.025599369279,"C16 H12 O12"
"X4616_NEG_11_395.062014999569",4616,"NEG",11,395.062245198053,395.062014999569,395.06198487863,"C17 H16 O11"
"X4617_NEG_11_395.098414779852",4617,"NEG",11,395.098645019975,395.098414779852,395.098370387978,"C18 H20 O10"
"X4618_NEG_11_395.134776847495",4618,"NEG",11,395.135007129218,395.134776847495,395.134755897329,"C19 H24 O9"
"X4619_NEG_11_395.171155031716",4619,"NEG",11,395.171384282835,395.171155031716,395.17114140668,"C20 H28 O8"
"X4620_NEG_11_397.041295139144",4620,"NEG",11,397.041519827229,397.041295139144,397.04124943374,"C16 H14 O12"
"X4621_NEG_11_397.077668626974",4621,"NEG",11,397.07790113237,397.077668626974,397.077634943089,"C17 H18 O11"
"X4622_NEG_11_397.11404836555",4622,"NEG",11,397.1142809126,397.11404836555,397.11402045244,"C18 H22 O10"
"X4623_NEG_11_397.150421959555",4623,"NEG",11,397.150654548253,397.150421959555,397.150405961788,"C19 H26 O9"
"X4624_NEG_11_397.186794665042",4624,"NEG",11,397.18702647858,397.186794665042,397.186791471139,"C20 H30 O8"
"X4625_NEG_11_399.035750762055",4625,"NEG",11,399.035974357672,399.035750762055,399.035770130139,"C19 H12 O10"
"X4626_NEG_11_399.056909860928",4626,"NEG",11,399.057138135404,399.056909860928,399.056899498199,"C16 H16 O12"
"X4628_NEG_11_399.093312728711",4628,"NEG",11,399.093547543028,399.093312728711,399.093285007548,"C17 H20 O11"
"X4629_NEG_11_399.129695128494",4629,"NEG",11,399.129929984505,399.129695128494,399.1296705169,"C18 H24 O10"
"X4630_NEG_11_399.16606688082",4630,"NEG",11,399.166301074877,399.16606688082,399.166056026248,"C19 H28 O9"
"X4631_NEG_11_401.015042886189",4631,"NEG",11,401.015268709764,401.015042886189,401.015034685249,"C18 H10 O11"
"X4632_NEG_11_401.051434040314",4632,"NEG",11,401.051661655358,401.051434040314,401.051420194599,"C19 H14 O10"
"X4633_NEG_11_401.07257184281",4633,"NEG",11,401.072801588078,401.07257184281,401.072549562658,"C16 H18 O12"
"X4634_NEG_11_401.108966637486",4634,"NEG",11,401.109203465317,401.108966637486,401.108935072008,"C17 H22 O11"
"X4635_NEG_11_401.145346798342",4635,"NEG",11,401.145583364795,401.145346798342,401.145320581359,"C18 H26 O10"
"X4636_NEG_11_403.030699908833",4636,"NEG",11,403.030931825266,403.030699908833,403.030684749709,"C18 H12 O11"
"X4637_NEG_11_403.067063010619",4637,"NEG",11,403.06729894847,403.067063010619,403.067070259058,"C19 H16 O10"
"X4639_NEG_11_403.103495782154",4639,"NEG",11,403.10372585052,403.103495782154,403.10345576841,"C20 H20 O9"
"X4640_NEG_11_403.124610932718",4640,"NEG",11,403.124843781887,403.124610932718,403.124585136469,"C17 H24 O11"
"X4641_NEG_11_403.160977599836",4641,"NEG",11,403.161218164848,403.160977599836,403.160970645819,"C18 H28 O10"
"X4642_NEG_11_405.010010526773",4642,"NEG",11,405.010238529983,405.010010526773,405.009949304819,"C17 H10 O12"
"X4643_NEG_11_405.046337548877",4643,"NEG",11,405.046577154964,405.046337548877,405.046334814169,"C18 H14 O11"
"X4644_NEG_11_405.082781783728",4644,"NEG",11,405.083023026811,405.082781783728,405.082720323518,"C19 H18 O10"
"X4645_NEG_11_405.119130072425",4645,"NEG",11,405.119371040874,405.119130072425,405.11910583287,"C20 H22 O9"
"X4646_NEG_11_405.155511511805",4646,"NEG",11,405.155751832182,405.155511511805,405.155491342219,"C21 H26 O8"
"X4647_NEG_11_407.025625817833",4647,"NEG",11,407.025859954458,407.025625817833,407.02559936928,"C17 H12 O12"
"X4648_NEG_11_407.06200455336",4648,"NEG",11,407.062248242202,407.06200455336,407.06198487863,"C18 H16 O11"
"X4649_NEG_11_407.098402373917",4649,"NEG",11,407.098646378005,407.098402373917,407.098370387978,"C19 H20 O10"
"X4650_NEG_11_407.134774510756",4650,"NEG",11,407.135018556671,407.134774510756,407.134755897329,"C20 H24 O9"
"X4651_NEG_11_407.171163843004",4651,"NEG",11,407.171408499426,407.171163843004,407.171141406679,"C21 H28 O8"
"X4652_NEG_11_409.041275678336",4652,"NEG",11,409.041517069642,409.041275678336,409.041249433739,"C17 H14 O12"
"X4653_NEG_11_409.077661592849",4653,"NEG",11,409.077907874021,409.077661592849,409.077634943089,"C18 H18 O11"
"X4654_NEG_11_409.114058746795",4654,"NEG",11,409.114305069858,409.114058746795,409.11402045244,"C19 H22 O10"
"X4655_NEG_11_409.150421403571",4655,"NEG",11,409.150667601762,409.150421403571,409.150405961788,"C20 H26 O9"
"X4656_NEG_11_411.056915371034",4656,"NEG",11,411.057160416328,411.056915371034,411.0568994982,"C17 H16 O12"
"X4657_NEG_11_411.093313203173",4657,"NEG",11,411.093561805298,411.093313203173,411.093285007548,"C18 H20 O11"
"X4658_NEG_11_411.129698777364",4658,"NEG",11,411.129947421404,411.129698777364,411.1296705169,"C19 H24 O10"
"X4659_NEG_11_411.166069332939",4659,"NEG",11,411.166317039078,411.166069332939,411.166056026248,"C20 H28 O9"
"X4663_NEG_11_413.072573703905",4663,"NEG",11,413.072822016574,413.072573703905,413.072549562659,"C17 H18 O12"
"X4664_NEG_11_413.108966180364",4664,"NEG",11,413.109217105468,413.108966180364,413.108935072008,"C18 H22 O11"
"X4665_NEG_11_413.145341908289",4665,"NEG",11,413.145592875332,413.145341908289,413.145320581359,"C19 H26 O10"
"X4666_NEG_11_413.181738842724",4666,"NEG",11,413.181986366054,413.181738842724,413.181706090709,"C20 H30 O9"
"X4667_NEG_11_415.030686450304",4667,"NEG",11,415.030925919966,415.030686450304,415.030684749709,"C19 H12 O11"
"X4668_NEG_11_415.067057897363",4668,"NEG",11,415.067295641823,415.067057897363,415.067070259059,"C20 H16 O10"
"X4669_NEG_11_415.088227975237",4669,"NEG",11,415.088475779158,415.088227975237,415.08819962712,"C17 H20 O12"
"X4670_NEG_11_415.124617445291",4670,"NEG",11,415.12487060953,415.124617445291,415.124585136468,"C18 H24 O11"
"X4671_NEG_11_415.16098861489",4671,"NEG",11,415.161239122603,415.16098861489,415.160970645819,"C19 H28 O10"
"X4673_NEG_11_417.046345757521",4673,"NEG",11,417.046594902037,417.046345757521,417.046334814169,"C19 H14 O11"
"X4674_NEG_11_417.08273011152",4674,"NEG",11,417.082974749813,417.08273011152,417.08272032352,"C20 H18 O10"
"X4675_NEG_11_417.103888490483",4675,"NEG",11,417.104128040611,417.103888490483,417.103849691579,"C17 H22 O12"
"X4676_NEG_11_417.140280023464",4676,"NEG",11,417.140522708696,417.140280023464,417.140235200929,"C18 H26 O11"
"X4677_NEG_11_419.025619050604",4677,"NEG",11,419.025864483785,419.025619050604,419.02559936928,"C18 H12 O12"
"X4678_NEG_11_419.062002766989",4678,"NEG",11,419.062259135243,419.062002766989,419.06198487863,"C19 H16 O11"
"X4679_NEG_11_419.098393106197",4679,"NEG",11,419.098648244573,419.098393106197,419.098370387978,"C20 H20 O10"
"X4680_NEG_11_419.134776748156",4680,"NEG",11,419.135030621584,419.134776748156,419.134755897329,"C21 H24 O9"
"X4681_NEG_11_421.041271289888",4681,"NEG",11,421.041526745424,421.041271289888,421.041249433739,"C18 H14 O12"
"X4682_NEG_11_421.077664932025",4682,"NEG",11,421.077924733486,421.077664932025,421.077634943089,"C19 H18 O11"
"X4683_NEG_11_421.114057360192",4683,"NEG",11,421.114317374488,421.114057360192,421.11402045244,"C20 H22 O10"
"X4684_NEG_11_421.150432370921",4684,"NEG",11,421.150691153305,421.150432370921,421.150405961788,"C21 H26 O9"
"X4686_NEG_11_423.056917592398",4686,"NEG",11,423.057178445906,423.056917592398,423.0568994982,"C18 H16 O12"
"X4687_NEG_11_423.093314833978",4687,"NEG",11,423.093577279155,423.093314833978,423.093285007548,"C19 H20 O11"
"X4688_NEG_11_423.129695180298",4688,"NEG",11,423.129957683945,423.129695180298,423.1296705169,"C20 H24 O10"
"X4689_NEG_11_423.166074290166",4689,"NEG",11,423.166335956433,423.166074290166,423.166056026248,"C21 H28 O9"
"X4690_NEG_11_425.036201018545",4690,"NEG",11,425.03644621334,425.036201018545,425.036164053309,"C17 H14 O13"
"X4691_NEG_11_425.072564893015",4691,"NEG",11,425.072828471847,425.072564893015,425.07254956266,"C18 H18 O12"
"X4692_NEG_11_425.108965174328",4692,"NEG",11,425.109229970844,425.108965174328,425.108935072008,"C19 H22 O11"
"X4693_NEG_11_425.145346286956",4693,"NEG",11,425.145611125636,425.145346286956,425.145320581359,"C20 H26 O10"
"X4694_NEG_11_425.181738737589",4694,"NEG",11,425.181999820939,425.181738737589,425.181706090709,"C21 H30 O9"
"X4695_NEG_11_427.03065219751",4695,"NEG",11,427.030899786994,427.03065219751,427.030684749709,"C20 H12 O11"
"X4696_NEG_11_427.05179913012",4696,"NEG",11,427.052050331042,427.05179913012,427.05181411777,"C17 H16 O13"
"X4697_NEG_11_427.08819242168",4697,"NEG",11,427.088459179242,427.08819242168,427.08819962712,"C18 H20 O12"
"X4698_NEG_11_427.124576454256",4698,"NEG",11,427.12484358774,427.124576454256,427.124585136468,"C19 H24 O11"
"X4699_NEG_11_427.160963028282",4699,"NEG",11,427.161229585492,427.160963028282,427.160970645819,"C20 H28 O10"
"X4701_NEG_11_427.21846543386",4701,"NEG",11,427.218734982684,427.21846543386,427.218485523229,"C18 H36 O11"
"X4702_NEG_11_429.046294888824",4702,"NEG",11,429.04654507112,429.046294888824,429.046334814169,"C20 H14 O11"
"X4703_NEG_11_429.067473262217",4703,"NEG",11,429.067726804479,429.067473262217,429.067464182229,"C17 H18 O13"
"X4705_NEG_11_429.103852348506",4705,"NEG",11,429.104118350431,429.103852348506,429.103849691579,"C18 H22 O12"
"X4706_NEG_11_429.140235186923",4706,"NEG",11,429.140502141088,429.140235186923,429.14023520093,"C19 H26 O11"
"X4707_NEG_11_429.1765999919",4707,"NEG",11,429.17685822044,429.1765999919,429.176620710279,"C20 H30 O10"
"X4708_NEG_11_431.025578672549",4708,"NEG",11,431.02583092109,431.025578672549,431.02559936928,"C19 H12 O12"
"X4709_NEG_11_431.061968843718",4709,"NEG",11,431.062225481272,431.061968843718,431.061984878629,"C20 H16 O11"
"X4711_NEG_11_431.098360685657",4711,"NEG",11,431.098609734696,431.098360685657,431.098370387979,"C21 H20 O10"
"X4712_NEG_11_431.119512747213",4712,"NEG",11,431.119766648264,431.119512747213,431.119499756039,"C18 H24 O12"
"X4714_NEG_11_431.155865668888",4714,"NEG",11,431.15611993414,431.155865668888,431.155885265389,"C19 H28 O11"
"X4715_NEG_11_433.041252270681",4715,"NEG",11,433.041518342243,433.041252270681,433.041249433739,"C19 H14 O12"
"X4716_NEG_11_433.077638853531",4716,"NEG",11,433.077906944326,433.077638853531,433.077634943089,"C20 H18 O11"
"X4717_NEG_11_433.113980157615",4717,"NEG",11,433.11424439492,433.113980157615,433.114020452439,"C21 H22 O10"
"X4719_NEG_11_435.020529242017",4719,"NEG",11,435.020780987247,435.020529242017,435.020513988849,"C18 H12 O13"
"X4720_NEG_11_435.056882564393",4720,"NEG",11,435.057155350333,435.056882564393,435.0568994982,"C19 H16 O12"
"X4721_NEG_11_435.093265283375",4721,"NEG",11,435.093540601972,435.093265283375,435.093285007548,"C20 H20 O11"
"X4722_NEG_11_435.129666557567",4722,"NEG",11,435.129941643534,435.129666557567,435.1296705169,"C21 H24 O10"
"X4723_NEG_11_435.166056203925",4723,"NEG",11,435.166331564868,435.166056203925,435.166056026249,"C22 H28 O9"
"X4724_NEG_11_437.036179377312",4724,"NEG",11,437.036441467127,437.036179377312,437.036164053309,"C18 H14 O13"
"X4725_NEG_11_437.072541228127",4725,"NEG",11,437.072818971838,437.072541228127,437.07254956266,"C19 H18 O12"
"X4726_NEG_11_437.108925917995",4726,"NEG",11,437.109204330464,437.108925917995,437.108935072008,"C20 H22 O11"
"X4727_NEG_11_437.145307904456",4727,"NEG",11,437.145586015692,437.145307904456,437.145320581359,"C21 H26 O10"
"X4728_NEG_11_437.181703964444",4728,"NEG",11,437.181983805111,437.181703964444,437.181706090709,"C22 H30 O9"
"X4729_NEG_11_439.051815037901",4729,"NEG",11,439.052084077218,439.051815037901,439.05181411777,"C18 H16 O13"
"X4730_NEG_11_439.088201592279",4730,"NEG",11,439.088481823749,439.088201592279,439.08819962712,"C19 H20 O12"
"X4731_NEG_11_439.124577395231",4731,"NEG",11,439.124858483738,439.124577395231,439.124585136467,"C20 H24 O11"
"X4732_NEG_11_439.160956686951",4732,"NEG",11,439.161236180969,439.160956686951,439.160970645819,"C21 H28 O10"
"X4733_NEG_11_441.067451473695",4733,"NEG",11,441.067725039805,441.067451473695,441.067464182229,"C18 H18 O13"
"X4734_NEG_11_441.103843618539",4734,"NEG",11,441.104126847103,441.103843618539,441.103849691579,"C19 H22 O12"
"X4735_NEG_11_441.140233289178",4735,"NEG",11,441.140516088262,441.140233289178,441.14023520093,"C20 H26 O11"
"X4736_NEG_11_441.176630029871",4736,"NEG",11,441.176904443528,441.176630029871,441.176620710278,"C21 H30 O10"
"X4737_NEG_11_443.025569606587",4737,"NEG",11,443.025829681316,443.025569606587,443.025599369279,"C20 H12 O12"
"X4738_NEG_11_443.06197263033",4738,"NEG",11,443.062232031805,443.06197263033,443.061984878629,"C21 H16 O11"
"X4739_NEG_11_443.083118407676",4739,"NEG",11,443.083392491141,443.083118407676,443.083114246689,"C18 H20 O13"
"X4741_NEG_11_443.119503802497",4741,"NEG",11,443.119784365975,443.119503802497,443.119499756038,"C19 H24 O12"
"X4742_NEG_11_443.156018692227",4742,"NEG",11,443.156295859218,443.156018692227,443.15588526539,"C20 H28 O11"
"X4743_NEG_11_445.041208955595",4743,"NEG",11,445.041479585472,445.041208955595,445.04124943374,"C20 H14 O12"
"X4744_NEG_11_445.077606443977",4744,"NEG",11,445.077872266082,445.077606443977,445.077634943089,"C21 H18 O11"
"X4745_NEG_11_445.098753393539",4745,"NEG",11,445.099015293562,445.098753393539,445.098764311149,"C18 H22 O13"
"X4747_NEG_11_445.135159915177",4747,"NEG",11,445.135424255153,445.135159915177,445.135149820499,"C19 H26 O12"
"X4748_NEG_11_447.020504268053",4748,"NEG",11,447.020765605238,447.020504268053,447.020513988849,"C19 H12 O13"
"X4749_NEG_11_447.056874462369",4749,"NEG",11,447.057155393314,447.056874462369,447.0568994982,"C20 H16 O12"
"X4750_NEG_11_447.093192236916",4750,"NEG",11,447.093462418734,447.093192236916,447.093285007549,"C21 H20 O11"
"X4751_NEG_11_447.129613781666",4751,"NEG",11,447.129885055831,447.129613781666,447.129670516899,"C22 H24 O10"
"X4753_NEG_11_449.036173992058",4753,"NEG",11,449.036449915188,449.036173992058,449.036164053309,"C19 H14 O13"
"X4754_NEG_11_449.072532712553",4754,"NEG",11,449.072820707366,449.072532712553,449.07254956266,"C20 H18 O12"
"X4755_NEG_11_449.108914472482",4755,"NEG",11,449.109202621586,449.108914472482,449.108935072008,"C21 H22 O11"
"X4756_NEG_11_449.145303010246",4756,"NEG",11,449.145590044424,449.145303010246,449.145320581359,"C22 H26 O10"
"X4757_NEG_11_451.05181202075",4757,"NEG",11,451.05209775503,451.05181202075,451.051814117769,"C19 H16 O13"
"X4758_NEG_11_451.088178359522",4758,"NEG",11,451.088471749182,451.088178359522,451.08819962712,"C20 H20 O12"
"X4759_NEG_11_451.124570316883",4759,"NEG",11,451.124863830382,451.124570316883,451.124585136467,"C21 H24 O11"
"X4760_NEG_11_451.160992325885",4760,"NEG",11,451.161283832964,451.160992325885,451.160970645819,"C22 H28 O10"
"X4761_NEG_11_453.03105852471",4761,"NEG",11,453.031325861329,453.03105852471,453.031078672879,"C18 H14 O14"
"X4762_NEG_11_453.067459460601",4762,"NEG",11,453.067749219125,453.067459460601,453.067464182228,"C19 H18 O13"
"X4763_NEG_11_453.103843297308",4763,"NEG",11,453.104140539188,453.103843297308,453.103849691579,"C20 H22 O12"
"X4764_NEG_11_453.140242987704",4764,"NEG",11,453.140539260419,453.140242987704,453.14023520093,"C21 H26 O11"
"X4765_NEG_11_453.176623723886",4765,"NEG",11,453.176916519049,453.176623723886,453.176620710278,"C22 H30 O10"
"X4767_NEG_11_455.08310121721",4767,"NEG",11,455.083392500217,455.08310121721,455.08311424669,"C19 H20 O13"
"X4768_NEG_11_455.119504307427",4768,"NEG",11,455.119802807771,455.119504307427,455.119499756038,"C20 H24 O12"
"X4769_NEG_11_455.155891628409",4769,"NEG",11,455.156187049164,455.155891628409,455.15588526539,"C21 H28 O11"
"X4770_NEG_11_457.041201216566",4770,"NEG",11,457.041470494586,457.041201216566,457.041249433739,"C21 H14 O12"
"X4773_NEG_11_457.098780351789",4773,"NEG",11,457.099070615055,457.098780351789,457.098764311149,"C19 H22 O13"
"X4774_NEG_11_457.135151005977",4774,"NEG",11,457.135445875977,457.135151005977,457.135149820499,"C20 H26 O12"
"X4775_NEG_11_457.171559716167",4775,"NEG",11,457.171845064081,457.171559716167,457.171535329849,"C21 H30 O11"
"X4776_NEG_11_459.114451933065",4776,"NEG",11,459.114725696629,459.114451933065,459.114414375609,"C19 H24 O13"
"X4777_NEG_11_459.150826919713",4777,"NEG",11,459.151096487229,459.150826919713,459.150799884959,"C20 H28 O12"
"X4778_NEG_11_461.036195231523",4778,"NEG",11,461.036478114402,461.036195231523,461.036164053309,"C20 H14 O13"
"X4779_NEG_11_461.072543823104",4779,"NEG",11,461.072835328534,461.072543823104,461.072549562659,"C21 H18 O12"
"X4780_NEG_11_461.10889389392",4780,"NEG",11,461.109171605032,461.10889389392,461.108935072009,"C22 H22 O11"
"X4781_NEG_11_463.051819047847",4781,"NEG",11,463.052114294806,463.051819047847,463.051814117769,"C20 H16 O13"
"X4782_NEG_11_463.088174920853",4782,"NEG",11,463.088474880601,463.088174920853,463.08819962712,"C21 H20 O12"
"X4783_NEG_11_463.124559350815",4783,"NEG",11,463.124855344619,463.124559350815,463.124585136468,"C22 H24 O11"
"X4785_NEG_11_465.031079791675",4785,"NEG",11,465.031354641761,465.031079791675,465.031078672879,"C19 H14 O14"
"X4786_NEG_11_465.06745343293",4786,"NEG",11,465.06775606871,465.06745343293,465.067464182228,"C20 H18 O13"
"X4787_NEG_11_465.103800164117",4787,"NEG",11,465.10410653509,465.103800164117,465.103849691579,"C21 H22 O12"
"X4788_NEG_11_465.140207361656",4788,"NEG",11,465.140514111603,465.140207361656,465.14023520093,"C22 H26 O11"
"X4789_NEG_11_465.176566188592",4789,"NEG",11,465.176874691884,465.176566188592,465.176620710279,"C23 H30 O10"
"X4790_NEG_11_467.046721176115",4790,"NEG",11,467.04700729109,467.046721176115,467.046728737339,"C19 H16 O14"
"X4791_NEG_11_467.083077776032",4791,"NEG",11,467.083383972272,467.083077776032,467.08311424669,"C20 H20 O13"
"X4792_NEG_11_467.119465084603",4792,"NEG",11,467.119776497647,467.119465084603,467.119499756038,"C21 H24 O12"
"X4793_NEG_11_467.155813363148",4793,"NEG",11,467.156110713007,467.155813363148,467.15588526539,"C22 H28 O11"
"X4795_NEG_11_469.062359499116",4795,"NEG",11,469.062648256298,469.062359499116,469.062378801799,"C19 H18 O14"
"X4796_NEG_11_469.098741116837",4796,"NEG",11,469.099050494941,469.098741116837,469.09876431115,"C20 H22 O13"
"X4797_NEG_11_469.135123747683",4797,"NEG",11,469.135435120629,469.135123747683,469.135149820498,"C21 H26 O12"
"X4798_NEG_11_469.171498711404",4798,"NEG",11,469.171796389315,469.171498711404,469.171535329849,"C22 H30 O11"
"X4800_NEG_11_471.056847978541",4800,"NEG",11,471.057124576632,471.056847978541,471.056899498199,"C22 H16 O12"
"X4801_NEG_11_471.078009435195",4801,"NEG",11,471.078299878454,471.078009435195,471.07802886626,"C19 H20 O14"
"X4802_NEG_11_471.114400931154",4802,"NEG",11,471.114706135947,471.114400931154,471.11441437561,"C20 H24 O13"
"X4803_NEG_11_471.150811788559",4803,"NEG",11,471.151106615907,471.150811788559,471.150799884959,"C21 H28 O12"
"X4804_NEG_11_473.036104215497",4804,"NEG",11,473.036387423452,473.036104215497,473.036164053309,"C21 H14 O13"
"X4805_NEG_11_473.072491960842",4805,"NEG",11,473.072771124864,473.072491960842,473.072549562659,"C22 H18 O12"
"X4807_NEG_11_473.130090230102",4807,"NEG",11,473.130368902184,473.130090230102,473.130064440069,"C20 H26 O13"
"X4809_NEG_11_475.051791852188",4809,"NEG",11,475.052089881125,475.051791852188,475.05181411777,"C21 H16 O13"
"X4810_NEG_11_475.088168865995",4810,"NEG",11,475.088457807303,475.088168865995,475.088199627119,"C22 H20 O12"
"X4812_NEG_11_477.031092462956",4812,"NEG",11,477.031378446999,477.031092462956,477.031078672879,"C20 H14 O14"
"X4813_NEG_11_477.067446913915",4813,"NEG",11,477.067759028047,477.067446913915,477.067464182228,"C21 H18 O13"
"X4814_NEG_11_477.103802726151",4814,"NEG",11,477.104104092918,477.103802726151,477.103849691579,"C22 H22 O12"
"X4815_NEG_11_477.139508715851",4815,"NEG",11,477.139822656135,477.139508715851,477.13958375225,"C15 H30 O13 N2 S1"
"X4816_NEG_11_479.046719750286",4816,"NEG",11,479.047020831009,479.046719750286,479.046728737339,"C20 H16 O14"
"X4817_NEG_11_479.08308910691",4817,"NEG",11,479.083404060979,479.08308910691,479.08311424669,"C21 H20 O13"
"X4818_NEG_11_479.119483994133",4818,"NEG",11,479.119800240848,479.119483994133,479.119499756038,"C22 H24 O12"
"X4819_NEG_11_479.155893588645",4819,"NEG",11,479.156209542642,479.155893588645,479.15588526539,"C23 H28 O11"
"X4820_NEG_11_481.062381984823",4820,"NEG",11,481.062689452881,481.062381984823,481.062378801799,"C20 H18 O14"
"X4821_NEG_11_481.098745438912",4821,"NEG",11,481.099061872315,481.098745438912,481.098764311149,"C21 H22 O13"
"X4822_NEG_11_481.138559039107",4822,"NEG",11,481.138891415149,481.138559039107,481.138521123818,"C19 H30 O12 S1"
"X4823_NEG_11_483.078038091112",4823,"NEG",11,483.078346025689,483.078038091112,483.07802886626,"C20 H20 O14"
"X4824_NEG_11_483.114405313085",4824,"NEG",11,483.114725939678,483.114405313085,483.11441437561,"C21 H24 O13"
"X4825_NEG_11_483.150780578768",4825,"NEG",11,483.151096001985,483.150780578768,483.150799884958,"C22 H28 O12"
"X4826_NEG_11_485.036138782684",4826,"NEG",11,485.036426849803,485.036138782684,485.036164053309,"C22 H14 O13"
"X4827_NEG_11_485.093666303657",4827,"NEG",11,485.093974595222,485.093666303657,485.093678930719,"C20 H22 O14"
"X4828_NEG_11_485.13011616766",4828,"NEG",11,485.130432090811,485.13011616766,485.130064440069,"C21 H26 O13"
"X4829_NEG_11_485.138635315565",4829,"NEG",11,485.138950024562,485.138635315565,485.138795905909,"C24 H26 O7 N2 S1"
"X4831_NEG_11_487.051769174095",4831,"NEG",11,487.052063985432,487.051769174095,487.05181411777,"C22 H16 O13"
"X4834_NEG_11_489.031050069585",4834,"NEG",11,489.031345123678,489.031050069585,489.031078672879,"C21 H14 O14"
"X4835_NEG_11_489.067425968783",4835,"NEG",11,489.067734694453,489.067425968783,489.06746418223,"C22 H18 O13"
"X4838_NEG_11_491.046702540664",4838,"NEG",11,491.047013566435,491.046702540664,491.046728737339,"C21 H16 O14"
"X4839_NEG_11_491.083085267118",4839,"NEG",11,491.083400767004,491.083085267118,491.083114246689,"C22 H20 O13"
"X4840_NEG_11_491.119441042264",4840,"NEG",11,491.119739897055,491.119441042264,491.119499756039,"C23 H24 O12"
"X4842_NEG_11_493.062365481232",4842,"NEG",11,493.062686847147,493.062365481232,493.062378801799,"C21 H18 O14"
"X4843_NEG_11_493.098721038798",4843,"NEG",11,493.099041088686,493.098721038798,493.098764311149,"C22 H22 O13"
"X4844_NEG_11_493.135166404763",4844,"NEG",11,493.135489646257,493.135166404763,493.135149820499,"C23 H26 O12"
"X4847_NEG_11_495.077996789623",4847,"NEG",11,495.078320154577,495.077996789623,495.078028866259,"C21 H20 O14"
"X4848_NEG_11_495.114359949108",4848,"NEG",11,495.114689825708,495.114359949108,495.11441437561,"C22 H24 O13"
"X4849_NEG_11_495.150756305514",4849,"NEG",11,495.151081648376,495.150756305514,495.150799884959,"C23 H28 O12"
"X4851_NEG_11_497.093659626354",4851,"NEG",11,497.093982829005,497.093659626354,497.093678930719,"C21 H22 O14"
"X4852_NEG_11_497.130007561696",4852,"NEG",11,497.130339523217,497.130007561696,497.130064440069,"C22 H26 O13"
"X4853_NEG_11_497.166457332365",4853,"NEG",11,497.166770713537,497.166457332365,497.166449949419,"C23 H30 O12"
"X4855_NEG_11_499.072933955771",4855,"NEG",11,499.073237313496,499.072933955771,499.072943485829,"C20 H20 O15"
"X4856_NEG_11_499.109298824124",4856,"NEG",11,499.109613258894,499.109298824124,499.109328995179,"C21 H24 O14"
"X4857_NEG_11_499.145718216677",4857,"NEG",11,499.146021138484,499.145718216677,499.145714504529,"C22 H28 O13"
"X4860_NEG_11_501.067433490715",4860,"NEG",11,501.067735209626,501.067433490715,501.067464182229,"C23 H18 O13"
"X4861_NEG_11_503.046676603867",4861,"NEG",11,503.046988114969,503.046676603867,503.046728737339,"C22 H16 O14"
"X4862_NEG_11_503.083061292355",4862,"NEG",11,503.083360385503,503.083061292355,503.083114246689,"C23 H20 O13"
"X4864_NEG_11_505.062355430709",4864,"NEG",11,505.062677804119,505.062355430709,505.062378801799,"C22 H18 O14"
"X4865_NEG_11_505.09871826803",4865,"NEG",11,505.099023767783,505.09871826803,505.098764311149,"C23 H22 O13"
"X4867_NEG_11_507.041635594434",4867,"NEG",11,507.041942232917,507.041635594434,507.041643356909,"C21 H16 O15"
"X4868_NEG_11_507.07796802546",4868,"NEG",11,507.078297093638,507.07796802546,507.07802886626,"C22 H20 O14"
"X4869_NEG_11_507.114338389272",4869,"NEG",11,507.114651544892,507.114338389272,507.114414375609,"C23 H24 O13"
"X4870_NEG_11_509.057266767671",4870,"NEG",11,509.057579830621,509.057266767671,509.05729342137,"C21 H18 O15"
"X4871_NEG_11_509.093616023442",4871,"NEG",11,509.09394833392,509.093616023442,509.093678930719,"C22 H22 O14"
"X4872_NEG_11_509.129998070204",4872,"NEG",11,509.130329407673,509.129998070204,509.130064440069,"C23 H26 O13"
"X4874_NEG_11_511.072910158542",4874,"NEG",11,511.073224827206,511.072910158542,511.072943485829,"C21 H20 O15"
"X4875_NEG_11_511.109280643654",4875,"NEG",11,511.109611228514,511.109280643654,511.109328995179,"C22 H24 O14"
"X4876_NEG_11_511.145668076008",4876,"NEG",11,511.14598757317,511.145668076008,511.145714504529,"C23 H28 O13"
"X4880_NEG_11_515.046668096574",4880,"NEG",11,515.046976351348,515.046668096574,515.046728737339,"C23 H16 O14"
"X4882_NEG_11_517.062348285377",4882,"NEG",11,517.062667363561,517.062348285377,517.062378801799,"C23 H18 O14"
"X4883_NEG_11_517.098734296886",4883,"NEG",11,517.099043405999,517.098734296886,517.098764311149,"C24 H22 O13"
"X4884_NEG_11_519.041634681828",4884,"NEG",11,519.04194969513,519.041634681828,519.041643356909,"C22 H16 O15"
"X4885_NEG_11_519.077967445125",4885,"NEG",11,519.078287592445,519.077967445125,519.078028866258,"C23 H20 O14"
"X4886_NEG_11_519.114371826409",4886,"NEG",11,519.114680800546,519.114371826409,519.114414375609,"C24 H24 O13"
"X4887_NEG_11_521.057244048217",4887,"NEG",11,521.057568982303,521.057244048217,521.05729342137,"C22 H18 O15"
"X4888_NEG_11_521.093617764473",4888,"NEG",11,521.093967187479,521.093617764473,521.093678930719,"C23 H22 O14"
"X4890_NEG_11_523.072896941098",4890,"NEG",11,523.073226653756,523.072896941098,523.072943485829,"C22 H20 O15"
"X4891_NEG_11_523.109227591857",4891,"NEG",11,523.109551448393,523.109227591857,523.109328995179,"C23 H24 O14"
"X4893_NEG_11_525.088580080146",4893,"NEG",11,525.088909573851,525.088580080146,525.088593550289,"C22 H22 O15"
"X4894_NEG_11_525.124999406017",4894,"NEG",11,525.125328911359,525.124999406017,525.124979059639,"C23 H26 O14"
"X4897_NEG_11_531.077958243752",4897,"NEG",11,531.078274079012,531.077958243752,531.078028866259,"C24 H20 O14"
"X4898_NEG_11_533.057228464968",4898,"NEG",11,533.057562963481,533.057228464968,533.05729342137,"C23 H18 O15"
"X4899_NEG_11_533.093643929536",4899,"NEG",11,533.093965060893,533.093643929536,533.093678930719,"C24 H22 O14"
"X4900_NEG_11_535.072901142731",4900,"NEG",11,535.073236922915,535.072901142731,535.072943485829,"C23 H20 O15"
"X4904_NEG_11_537.088545259841",4904,"NEG",11,537.08890773538,537.088545259841,537.088593550289,"C23 H22 O15"
"X4907_NEG_11_539.104233804128",4907,"NEG",11,539.104582490642,539.104233804128,539.104243614748,"C23 H24 O15"
"X4913_NEG_11_547.072885425618",4913,"NEG",11,547.073212728043,547.072885425618,547.072943485829,"C24 H20 O15"
"X4916_NEG_11_549.088549462347",4916,"NEG",11,549.088879989516,549.088549462347,549.088593550289,"C24 H22 O15"
"X4917_NEG_11_551.067852924504",4917,"NEG",11,551.068180458734,551.067852924504,551.067858105399,"C23 H20 O16"
"X4918_NEG_11_551.104216715351",4918,"NEG",11,551.104543096316,551.104216715351,551.104243614749,"C24 H24 O15"
"X4920_NEG_11_553.083458911731",4920,"NEG",11,553.083841856845,553.083458911731,553.08350816986,"C23 H22 O16"
"X4925_NEG_11_561.088557308178",4925,"NEG",11,561.088886576551,561.088557308178,561.088593550289,"C25 H22 O15"
"X4926_NEG_11_563.067835079567",4926,"NEG",11,563.068163958597,563.067835079567,563.067858105399,"C24 H20 O16"
"X4929_NEG_11_565.083483483044",4929,"NEG",11,565.083827834027,565.083483483044,565.083508169859,"C24 H22 O16"
"X4942_NEG_12_139.003702377244",4942,"NEG",12,139.003663152891,139.003702377244,139.003682154879,"C6 H4 O4"
"X4944_NEG_12_141.092137270133",4944,"NEG",12,141.092103993924,141.092137270133,141.092103238039,"C8 H14 O2"
"X4945_NEG_12_147.029919061511",4945,"NEG",12,147.029887332153,147.029919061511,147.029896903369,"C5 H8 O5"
"X4946_NEG_12_147.045176601048",4946,"NEG",12,147.045142177371,147.045176601048,147.045153044659,"C9 H8 O2"
"X4947_NEG_12_150.001926879159",4947,"NEG",12,150.001886406509,150.001926879159,150.001908507229,"C7 H5 O1 N1 S1"
"X4948_NEG_12_151.076467122117",4948,"NEG",12,151.076434108979,151.076467122117,151.076453173579,"C9 H12 O2"
"X4949_NEG_12_153.055737949998",4949,"NEG",12,153.055709948149,153.055737949998,153.055717728689,"C8 H10 O3"
"X4950_NEG_12_154.014608234274",4950,"NEG",12,154.014583336663,154.014608234274,154.014581191539,"C6 H5 O4 N1"
"X4951_NEG_12_155.03500746328",4951,"NEG",12,155.034982135953,155.03500746328,155.034982283799,"C7 H8 O4"
"X4952_NEG_12_158.082243022147",4952,"NEG",12,158.082206957736,158.082243022147,158.082266829809,"C7 H13 O3 N1"
"X4953_NEG_12_165.092077089638",4953,"NEG",12,165.092054051483,165.092077089638,165.092103238039,"C10 H14 O2"
"X4954_NEG_12_167.107721686891",4954,"NEG",12,167.107704897849,167.107721686891,167.107753302499,"C10 H16 O2"
"X4955_NEG_12_168.030204418853",4955,"NEG",12,168.030189730268,168.030204418853,168.030231255999,"C7 H7 O4 N1"
"X4956_NEG_12_169.014223526712",4956,"NEG",12,169.014207209137,169.014223526712,169.014246838909,"C7 H6 O5"
"X4957_NEG_12_173.024391152532",4957,"NEG",12,173.024382949366,173.024391152532,173.024417599769,"C10 H6 O3"
"X4958_NEG_12_173.118293494598",4958,"NEG",12,173.118280311248,173.118293494598,173.118317986529,"C9 H18 O3"
"X4959_NEG_12_177.092080309725",4959,"NEG",12,177.092072523047,177.092080309725,177.092103238039,"C11 H14 O2"
"X4960_NEG_12_178.050945975474",4960,"NEG",12,178.050938578082,178.050945975474,178.050966700889,"C9 H9 O3 N1"
"X4961_NEG_12_179.107731175961",4961,"NEG",12,179.107722857811,179.107731175961,179.107753302499,"C11 H16 O2"
"X4962_NEG_12_181.014225410681",4962,"NEG",12,181.014224961951,181.014225410681,181.014246838909,"C8 H6 O5"
"X4964_NEG_12_183.029885821287",4964,"NEG",12,183.029886658202,183.029885821287,183.029896903369,"C8 H8 O5"
"X4965_NEG_12_185.045537416444",4965,"NEG",12,185.045540539518,185.045537416444,185.045546967829,"C8 H10 O5"
"X4966_NEG_12_187.133968070916",4966,"NEG",12,187.13397337124,187.133968070916,187.133968050989,"C10 H20 O3"
"X4967_NEG_12_188.035314916413",4967,"NEG",12,188.035320773527,188.035314916413,188.035316636429,"C10 H7 O3 N1"
"X4968_NEG_12_189.019309262092",4968,"NEG",12,189.01931705236,189.019309262092,189.01933221934,"C10 H6 O4"
"X4970_NEG_12_191.071364748563",4970,"NEG",12,191.0713740501,191.071364748563,191.071367793149,"C11 H12 O3"
"X4971_NEG_12_193.014223667418",4971,"NEG",12,193.014235743989,193.014223667418,193.014246838909,"C9 H6 O5"
"X4972_NEG_12_193.08700299337",4972,"NEG",12,193.087014813355,193.08700299337,193.087017857609,"C11 H14 O3"
"X4973_NEG_12_195.102647512981",4973,"NEG",12,195.102660716338,195.102647512981,195.102667922069,"C11 H16 O3"
"X4974_NEG_12_197.045540219556",4974,"NEG",12,197.045556234605,197.045540219556,197.045546967828,"C9 H10 O5"
"X4976_NEG_12_203.034957044453",4976,"NEG",12,203.034978885452,203.034957044453,203.034982283799,"C11 H8 O4"
"X4977_NEG_12_203.071352498738",4977,"NEG",12,203.071372449934,203.071352498738,203.071367793149,"C12 H12 O3"
"X4978_NEG_12_203.128852860993",4978,"NEG",12,203.128874938088,203.128852860993,203.128882670559,"C10 H20 O4"
"X4979_NEG_12_205.014231049445",4979,"NEG",12,205.014255636039,205.014231049445,205.014246838909,"C10 H6 O5"
"X4980_NEG_12_205.0506007816",4980,"NEG",12,205.050625373113,205.0506007816,205.050632348259,"C11 H10 O4"
"X4981_NEG_12_205.086992370454",4981,"NEG",12,205.087016469695,205.086992370454,205.087017857609,"C12 H14 O3"
"X4982_NEG_12_206.082241519738",4982,"NEG",12,206.082263853438,206.082241519738,206.082266829809,"C11 H13 O3 N1"
"X4983_NEG_12_207.029877334468",4983,"NEG",12,207.029903748215,207.029877334468,207.029896903369,"C10 H8 O5"
"X4984_NEG_12_207.066270664988",4984,"NEG",12,207.066297116139,207.066270664988,207.066282412719,"C11 H12 O4"
"X4985_NEG_12_207.102637474332",4985,"NEG",12,207.102663236804,207.102637474332,207.102667922069,"C12 H16 O3"
"X4986_NEG_12_209.009169251917",4986,"NEG",12,209.009199536056,209.009169251917,209.009161458479,"C9 H6 O6"
"X4987_NEG_12_209.081904668255",4987,"NEG",12,209.081933068103,209.081904668255,209.081932477179,"C11 H14 O4"
"X4988_NEG_12_209.118293300204",4988,"NEG",12,209.118319128069,209.118293300204,209.118317986529,"C12 H18 O3"
"X4989_NEG_12_211.007028232953",4989,"NEG",12,211.007056481505,211.007028232953,211.007053458199,"C9 H8 O4 S1"
"X4990_NEG_12_211.024806295849",4990,"NEG",12,211.024837385532,211.024806295849,211.024811522939,"C9 H8 O6"
"X4991_NEG_12_211.061166647484",4991,"NEG",12,211.061197107496,211.061166647484,211.06119703229,"C10 H12 O5"
"X4992_NEG_12_213.00412506773",4992,"NEG",12,213.004160749614,213.00412506773,213.004076078049,"C8 H6 O7"
"X4994_NEG_12_215.034970953343",4994,"NEG",12,215.035001541314,215.034970953343,215.034982283799,"C12 H8 O4"
"X4996_NEG_12_217.050610853722",4996,"NEG",12,217.050647466083,217.050610853722,217.050632348259,"C12 H10 O4"
"X4997_NEG_12_217.086997940918",4997,"NEG",12,217.087034450261,217.086997940918,217.087017857609,"C13 H14 O3"
"X4999_NEG_12_219.029886678591",4999,"NEG",12,219.029925485385,219.029886678591,219.029896903369,"C11 H8 O5"
"X5000_NEG_12_219.066261792224",5000,"NEG",12,219.066300652819,219.066261792224,219.066282412718,"C12 H12 O4"
"X5001_NEG_12_219.102643476182",5001,"NEG",12,219.102681952713,219.102643476182,219.102667922069,"C13 H16 O3"
"X5002_NEG_12_221.009139198515",5002,"NEG",12,221.009180073771,221.009139198515,221.009161458479,"C10 H6 O6"
"X5003_NEG_12_221.045529495279",5003,"NEG",12,221.04557033256,221.045529495279,221.045546967828,"C11 H10 O5"
"X5004_NEG_12_221.118304658482",5004,"NEG",12,221.118344635598,221.118304658482,221.118317986529,"C13 H18 O3"
"X5005_NEG_12_223.024785240811",5005,"NEG",12,223.024828117932,223.024785240811,223.02481152294,"C10 H8 O6"
"X5006_NEG_12_223.061168186445",5006,"NEG",12,223.061211177094,223.061168186445,223.06119703229,"C11 H12 O5"
"X5007_NEG_12_223.097559979479",5007,"NEG",12,223.097602721885,223.097559979479,223.097582541639,"C12 H16 O4"
"X5009_NEG_12_225.004074095118",5009,"NEG",12,225.004122098261,225.004074095118,225.004076078049,"C9 H6 O7"
"X5010_NEG_12_225.040442445695",5010,"NEG",12,225.040487104495,225.040442445695,225.040461587399,"C10 H10 O6"
"X5011_NEG_12_225.076822930498",5011,"NEG",12,225.076867923249,225.076822930498,225.076847096749,"C11 H14 O5"
"X5013_NEG_12_227.056113486364",5013,"NEG",12,227.056159617133,227.056113486364,227.056111651859,"C10 H12 O6"
"X5014_NEG_12_229.050635177251",5014,"NEG",12,229.050682628958,229.050635177251,229.050632348259,"C13 H10 O4"
"X5015_NEG_12_231.029870500947",5015,"NEG",12,231.029921840998,231.029870500947,231.029896903369,"C12 H8 O5"
"X5016_NEG_12_231.066255234995",5016,"NEG",12,231.066306843028,231.066255234995,231.066282412719,"C13 H12 O4"
"X5018_NEG_12_233.009135990435",5018,"NEG",12,233.00918950531,233.009135990435,233.009161458479,"C11 H6 O6"
"X5019_NEG_12_233.045524645529",5019,"NEG",12,233.045577939573,233.045524645529,233.045546967828,"C12 H10 O5"
"X5020_NEG_12_233.081904900223",5020,"NEG",12,233.081958200103,233.081904900223,233.081932477179,"C13 H14 O4"
"X5021_NEG_12_233.118304082904",5021,"NEG",12,233.118355807467,233.118304082904,233.118317986529,"C14 H18 O3"
"X5022_NEG_12_235.024789528474",5022,"NEG",12,235.024844896304,235.024789528474,235.02481152294,"C11 H8 O6"
"X5023_NEG_12_235.061169531442",5023,"NEG",12,235.061224829281,235.061169531442,235.06119703229,"C12 H12 O5"
"X5024_NEG_12_235.097555483651",5024,"NEG",12,235.097611084095,235.097555483651,235.097582541639,"C13 H16 O4"
"X5025_NEG_12_235.133941959789",5025,"NEG",12,235.133997514884,235.133941959789,235.133968050989,"C14 H20 O3"
"X5026_NEG_12_237.004049981766",5026,"NEG",12,237.004109185915,237.004049981766,237.004076078049,"C10 H6 O7"
"X5027_NEG_12_237.040440698289",5027,"NEG",12,237.040498099614,237.040440698289,237.040461587399,"C11 H10 O6"
"X5028_NEG_12_237.076821841588",5028,"NEG",12,237.076879319545,237.076821841588,237.076847096749,"C12 H14 O5"
"X5029_NEG_12_237.113202328828",5029,"NEG",12,237.113259842833,237.113202328828,237.113232606099,"C13 H18 O4"
"X5030_NEG_12_239.019706147919",5030,"NEG",12,239.019765901604,239.019706147919,239.019726142509,"C10 H8 O7"
"X5031_NEG_12_239.056078175082",5031,"NEG",12,239.056138052662,239.056078175082,239.056111651859,"C11 H12 O6"
"X5032_NEG_12_239.128860321397",5032,"NEG",12,239.128919768633,239.128860321397,239.12888267056,"C13 H20 O4"
"X5033_NEG_12_241.071793176315",5033,"NEG",12,241.071854353857,241.071793176315,241.071761716318,"C11 H14 O6"
"X5034_NEG_12_242.176138980943",5034,"NEG",12,242.176202177395,242.176138980943,242.176167216569,"C13 H25 O3 N1"
"X5035_NEG_12_243.029893410703",5035,"NEG",12,243.029958205417,243.029893410703,243.029896903369,"C13 H8 O5"
"X5036_NEG_12_243.066275437789",5036,"NEG",12,243.066341681511,243.066275437789,243.066282412719,"C14 H12 O4"
"X5037_NEG_12_245.04551317505",5037,"NEG",12,245.045580135135,245.04551317505,245.045546967829,"C13 H10 O5"
"X5038_NEG_12_245.081909140942",5038,"NEG",12,245.081977226242,245.081909140942,245.081932477179,"C14 H14 O4"
"X5039_NEG_12_247.024778692488",5039,"NEG",12,247.024846345908,247.024778692488,247.02481152294,"C12 H8 O6"
"X5040_NEG_12_247.06117010874",5040,"NEG",12,247.061238457725,247.06117010874,247.06119703229,"C13 H12 O5"
"X5041_NEG_12_247.097546273671",5041,"NEG",12,247.097613866465,247.097546273671,247.097582541639,"C14 H16 O4"
"X5042_NEG_12_249.004038689422",5042,"NEG",12,249.00411237955,249.004038689422,249.004076078049,"C11 H6 O7"
"X5043_NEG_12_249.040427843021",5043,"NEG",12,249.040497676478,249.040427843021,249.040461587399,"C12 H10 O6"
"X5044_NEG_12_249.076819623854",5044,"NEG",12,249.076889402785,249.076819623854,249.076847096749,"C13 H14 O5"
"X5045_NEG_12_249.113205541239",5045,"NEG",12,249.113275594689,249.113205541239,249.113232606099,"C14 H18 O4"
"X5046_NEG_12_251.019693345013",5046,"NEG",12,251.019766023456,251.019693345013,251.019726142509,"C11 H8 O7"
"X5047_NEG_12_251.056070865152",5047,"NEG",12,251.056142900347,251.056070865152,251.056111651859,"C12 H12 O6"
"X5048_NEG_12_251.092459320005",5048,"NEG",12,251.092531203449,251.092459320005,251.092497161209,"C13 H16 O5"
"X5049_NEG_12_251.128850857756",5049,"NEG",12,251.128923224671,251.128850857756,251.128882670559,"C14 H20 O4"
"X5050_NEG_12_253.035351094099",5050,"NEG",12,253.035425665528,253.035351094099,253.035376206969,"C11 H10 O7"
"X5051_NEG_12_253.071722901963",5051,"NEG",12,253.071796509951,253.071722901963,253.071761716318,"C12 H14 O6"
"X5052_NEG_12_253.108113822551",5052,"NEG",12,253.108187597328,253.108113822551,253.10814722567,"C13 H18 O5"
"X5053_NEG_12_255.050988045971",5053,"NEG",12,255.051064333925,255.050988045971,255.051026271429,"C11 H12 O7"
"X5054_NEG_12_255.123765185365",5054,"NEG",12,255.123841051341,255.123765185365,255.123797290129,"C13 H20 O5"
"X5055_NEG_12_255.232913272002",5055,"NEG",12,255.23299179514,255.232913272002,255.232953818179,"C16 H32 O2"
"X5056_NEG_12_257.045515032612",5056,"NEG",12,257.045600887002,257.045515032612,257.045546967829,"C14 H10 O5"
"X5057_NEG_12_257.048875467283",5057,"NEG",12,257.048952339399,257.048875467283,257.04891827115,"C11 H14 O5 S1"
"X5058_NEG_12_257.066639600167",5058,"NEG",12,257.066715606903,257.066639600167,257.066676335889,"C11 H14 O7"
"X5060_NEG_12_257.093136129859",5060,"NEG",12,257.093215028593,257.093136129859,257.093165866469,"C14 H14 O3 N2"
"X5061_NEG_12_259.024774170813",5061,"NEG",12,259.024854885999,259.024774170813,259.02481152294,"C13 H8 O6"
"X5062_NEG_12_259.061153865538",5062,"NEG",12,259.061235941,259.061153865538,259.061197032289,"C14 H12 O5"
"X5063_NEG_12_259.097552389801",5063,"NEG",12,259.097634718076,259.097552389801,259.097582541639,"C15 H16 O4"
"X5064_NEG_12_261.040417472944",5064,"NEG",12,261.040500212445,261.040417472944,261.040461587399,"C13 H10 O6"
"X5065_NEG_12_261.076809260896",5065,"NEG",12,261.076892454721,261.076809260896,261.076847096749,"C14 H14 O5"
"X5066_NEG_12_261.113188061608",5066,"NEG",12,261.113271711843,261.113188061608,261.113232606099,"C15 H18 O4"
"X5067_NEG_12_263.019674983133",5067,"NEG",12,263.01975984484,263.019674983133,263.019726142509,"C12 H8 O7"
"X5068_NEG_12_263.056064058036",5068,"NEG",12,263.056148734556,263.056064058036,263.056111651859,"C13 H12 O6"
"X5069_NEG_12_263.092437059163",5069,"NEG",12,263.092521523407,263.092437059163,263.092497161209,"C14 H16 O5"
"X5070_NEG_12_263.128840170486",5070,"NEG",12,263.128924679197,263.128840170486,263.12888267056,"C15 H20 O4"
"X5071_NEG_12_263.149963071256",5071,"NEG",12,263.150047276335,263.149963071256,263.150012038619,"C12 H24 O6"
"X5072_NEG_12_265.035321690369",5072,"NEG",12,265.035408724538,265.035321690369,265.035376206969,"C12 H10 O7"
"X5073_NEG_12_265.071706346493",5073,"NEG",12,265.071792721294,265.071706346493,265.071761716318,"C13 H14 O6"
"X5074_NEG_12_265.108088177567",5074,"NEG",12,265.10817460096,265.108088177567,265.108147225669,"C14 H18 O5"
"X5075_NEG_12_265.14448016552",5075,"NEG",12,265.14456581595,265.14448016552,265.144532735019,"C15 H22 O4"
"X5076_NEG_12_267.014596172344",5076,"NEG",12,267.014686412932,267.014596172344,267.014640762079,"C11 H8 O8"
"X5077_NEG_12_267.050972796437",5077,"NEG",12,267.051061625495,267.050972796437,267.05102627143,"C12 H12 O7"
"X5078_NEG_12_267.087347208006",5078,"NEG",12,267.087435687686,267.087347208006,267.087411780779,"C13 H16 O6"
"X5079_NEG_12_267.123738868127",5079,"NEG",12,267.123827385621,267.123738868127,267.123797290129,"C14 H20 O5"
"X5080_NEG_12_269.048861946656",5080,"NEG",12,269.048952665868,269.048861946656,269.048918271149,"C12 H14 O5 S1"
"X5081_NEG_12_269.06662049915",5081,"NEG",12,269.066712156851,269.06662049915,269.066676335889,"C12 H14 O7"
"X5082_NEG_12_269.139392627524",5082,"NEG",12,269.139483106093,269.139392627524,269.139447354589,"C14 H22 O5"
"X5083_NEG_12_269.212165768457",5083,"NEG",12,269.212260631944,269.212165768457,269.21221837329,"C16 H30 O3"
"X5084_NEG_12_271.024759738901",5084,"NEG",12,271.024854031605,271.024759738901,271.024811522939,"C14 H8 O6"
"X5085_NEG_12_271.061139028348",5085,"NEG",12,271.061233606854,271.061139028348,271.061197032289,"C15 H12 O5"
"X5086_NEG_12_271.082272665493",5086,"NEG",12,271.082365118836,271.082272665493,271.082326400349,"C12 H16 O7"
"X5087_NEG_12_271.227818401298",5087,"NEG",12,271.227918557633,271.227818401298,271.227868437749,"C16 H32 O3"
"X5088_NEG_12_273.040401930614",5088,"NEG",12,273.040497013938,273.040401930614,273.040461587399,"C14 H10 O6"
"X5089_NEG_12_273.076804881652",5089,"NEG",12,273.07690252032,273.076804881652,273.076847096749,"C15 H14 O5"
"X5091_NEG_12_275.019670881923",5091,"NEG",12,275.019768275774,275.019670881923,275.019726142509,"C13 H8 O7"
"X5092_NEG_12_275.05606199175",5092,"NEG",12,275.056159389955,275.05606199175,275.056111651859,"C14 H12 O6"
"X5093_NEG_12_275.092443256089",5093,"NEG",12,275.092539968097,275.092443256089,275.092497161209,"C15 H16 O5"
"X5094_NEG_12_275.128831250237",5094,"NEG",12,275.128929670934,275.128831250237,275.128882670559,"C16 H20 O4"
"X5095_NEG_12_277.035320460842",5095,"NEG",12,277.035420591087,277.035320460842,277.035376206969,"C13 H10 O7"
"X5096_NEG_12_277.071712878871",5096,"NEG",12,277.071811742744,277.071712878871,277.071761716318,"C14 H14 O6"
"X5097_NEG_12_277.108098202764",5097,"NEG",12,277.108197104514,277.108098202764,277.108147225669,"C15 H18 O5"
"X5098_NEG_12_277.144489484807",5098,"NEG",12,277.144588808277,277.144489484807,277.144532735019,"C16 H22 O4"
"X5099_NEG_12_279.014593977246",5099,"NEG",12,279.014695297385,279.014593977246,279.014640762078,"C12 H8 O8"
"X5100_NEG_12_279.050981824479",5100,"NEG",12,279.051082936942,279.050981824479,279.05102627143,"C13 H12 O7"
"X5101_NEG_12_279.087366084079",5101,"NEG",12,279.087467046603,279.087366084079,279.087411780779,"C14 H16 O6"
"X5102_NEG_12_279.123746511818",5102,"NEG",12,279.123847512227,279.123746511818,279.123797290129,"C15 H20 O5"
"X5103_NEG_12_281.030248255379",5103,"NEG",12,281.030352533813,281.030248255379,281.03029082654,"C12 H10 O8"
"X5104_NEG_12_281.066633596204",5104,"NEG",12,281.06673689096,281.066633596204,281.066676335889,"C13 H14 O7"
"X5105_NEG_12_281.103013971425",5105,"NEG",12,281.103117033361,281.103013971425,281.103061845239,"C14 H18 O6"
"X5106_NEG_12_281.139402356454",5106,"NEG",12,281.139505352079,281.139402356454,281.139447354589,"C15 H22 O5"
"X5107_NEG_12_283.009528178411",5107,"NEG",12,283.009639076075,283.009528178411,283.00955538165,"C11 H8 O9"
"X5109_NEG_12_283.045899856805",5109,"NEG",12,283.046007166173,283.045899856805,283.045940890999,"C12 H12 O8"
"X5110_NEG_12_283.082287325949",5110,"NEG",12,283.082392450156,283.082287325949,283.082326400349,"C13 H16 O7"
"X5111_NEG_12_283.155058296714",5111,"NEG",12,283.155163696925,283.155058296714,283.155097419049,"C15 H24 O5"
"X5112_NEG_12_283.264210175407",5112,"NEG",12,283.264319281281,283.264210175407,283.264253947099,"C18 H36 O2"
"X5113_NEG_12_285.028676199771",5113,"NEG",12,285.02878945496,285.028676199771,285.028576749429,"C8 H14 O9 S1"
"X5114_NEG_12_285.04043848339",5114,"NEG",12,285.040548582384,285.04043848339,285.040461587399,"C15 H10 O6"
"X5116_NEG_12_285.076834575159",5116,"NEG",12,285.076948258488,285.076834575159,285.076847096749,"C16 H14 O5"
"X5117_NEG_12_287.01970078666",5117,"NEG",12,287.019810405466,287.01970078666,287.019726142509,"C14 H8 O7"
"X5118_NEG_12_287.056082143291",5118,"NEG",12,287.056192004374,287.056082143291,287.056111651859,"C15 H12 O6"
"X5120_NEG_12_287.092475293577",5120,"NEG",12,287.092588114168,287.092475293577,287.092497161209,"C16 H16 O5"
"X5121_NEG_12_289.035355202139",5121,"NEG",12,289.035466579021,289.035355202139,289.035376206969,"C14 H10 O7"
"X5122_NEG_12_289.071728923175",5122,"NEG",12,289.071840517636,289.071728923175,289.071761716318,"C15 H14 O6"
"X5123_NEG_12_289.108117708774",5123,"NEG",12,289.108229314915,289.108117708774,289.10814722567,"C16 H18 O5"
"X5124_NEG_12_291.014609529651",5124,"NEG",12,291.014723684277,291.014609529651,291.014640762078,"C13 H8 O8"
"X5125_NEG_12_291.05100007034",5125,"NEG",12,291.051113831695,291.05100007034,291.05102627143,"C14 H12 O7"
"X5126_NEG_12_291.087386528339",5126,"NEG",12,291.08750000086,291.087386528339,291.087411780779,"C15 H16 O6"
"X5127_NEG_12_291.12377364918",5127,"NEG",12,291.12388719786,291.12377364918,291.123797290129,"C16 H20 O5"
"X5128_NEG_12_293.030265364152",5128,"NEG",12,293.03038229375,293.030265364152,293.03029082654,"C13 H10 O8"
"X5129_NEG_12_293.066660285314",5129,"NEG",12,293.066775823833,293.066660285314,293.066676335889,"C14 H14 O7"
"X5130_NEG_12_293.10303565932",5130,"NEG",12,293.103151235814,293.10303565932,293.10306184524,"C15 H18 O6"
"X5131_NEG_12_293.139423113359",5131,"NEG",12,293.139538705447,293.139423113359,293.139447354588,"C16 H22 O5"
"X5132_NEG_12_295.045921251785",5132,"NEG",12,295.046040031417,295.045921251785,295.045940890999,"C13 H12 O8"
"X5133_NEG_12_295.082306841005",5133,"NEG",12,295.082424484246,295.082306841005,295.082326400349,"C14 H16 O7"
"X5134_NEG_12_295.118685629847",5134,"NEG",12,295.118803311082,295.118685629847,295.118711909699,"C15 H20 O6"
"X5135_NEG_12_295.155073672647",5135,"NEG",12,295.155192920879,295.155073672647,295.155097419049,"C16 H24 O5"
"X5137_NEG_12_297.04043777943",5137,"NEG",12,297.040563932112,297.04043777943,297.040461587399,"C16 H10 O6"
"X5138_NEG_12_297.061578998671",5138,"NEG",12,297.061699849669,297.061578998671,297.061590955459,"C13 H14 O8"
"X5139_NEG_12_297.097958180947",5139,"NEG",12,297.098077929682,297.097958180947,297.097976464808,"C14 H18 O7"
"X5141_NEG_12_297.243480379306",5141,"NEG",12,297.243609576737,297.243480379306,297.243518502209,"C18 H34 O3"
"X5142_NEG_12_299.019721343271",5142,"NEG",12,299.019845224954,299.019721343271,299.019726142509,"C15 H8 O7"
"X5143_NEG_12_299.056118973977",5143,"NEG",12,299.056243778039,299.056118973977,299.056111651859,"C16 H12 O6"
"X5144_NEG_12_299.077235262535",5144,"NEG",12,299.077357320386,299.077235262535,299.07724101992,"C13 H16 O8"
"X5146_NEG_12_301.035366592092",5146,"NEG",12,301.035491701937,301.035366592092,301.035376206969,"C15 H10 O7"
"X5147_NEG_12_301.071764950615",5147,"NEG",12,301.071889136353,301.071764950615,301.071761716318,"C16 H14 O6"
"X5148_NEG_12_301.092893058449",5148,"NEG",12,301.093016882846,301.092893058449,301.092891084379,"C13 H18 O8"
"X5149_NEG_12_301.108151154839",5149,"NEG",12,301.108282021069,301.108151154839,301.108147225669,"C17 H18 O5"
"X5150_NEG_12_303.014623671203",5150,"NEG",12,303.014750858306,303.014623671203,303.014640762079,"C14 H8 O8"
"X5151_NEG_12_303.0510333409",5151,"NEG",12,303.051159601014,303.0510333409,303.05102627143,"C15 H12 O7"
"X5152_NEG_12_303.087417270873",5152,"NEG",12,303.087543373121,303.087417270873,303.087411780779,"C16 H16 O6"
"X5153_NEG_12_303.123777595552",5153,"NEG",12,303.123905014799,303.123777595552,303.123797290129,"C17 H20 O5"
"X5154_NEG_12_305.030287581212",5154,"NEG",12,305.030415626744,305.030287581212,305.030290826539,"C14 H10 O8"
"X5155_NEG_12_305.066683064034",5155,"NEG",12,305.066811217036,305.066683064034,305.066676335889,"C15 H14 O7"
"X5156_NEG_12_305.103072376631",5156,"NEG",12,305.10320049485,305.103072376631,305.10306184524,"C16 H18 O6"
"X5157_NEG_12_305.139454537401",5157,"NEG",12,305.139583271627,305.139454537401,305.139447354589,"C17 H22 O5"
"X5158_NEG_12_307.009547597308",5158,"NEG",12,307.009682858096,307.009547597308,307.00955538165,"C13 H8 O9"
"X5159_NEG_12_307.045949423416",5159,"NEG",12,307.046079721085,307.045949423416,307.045940890998,"C14 H12 O8"
"X5160_NEG_12_307.082334695867",5160,"NEG",12,307.082464885303,307.082334695867,307.082326400349,"C15 H16 O7"
"X5161_NEG_12_307.118710248654",5161,"NEG",12,307.118840476162,307.118710248654,307.118711909699,"C16 H20 O6"
"X5162_NEG_12_307.155090523448",5162,"NEG",12,307.155222622307,307.155090523448,307.155097419049,"C17 H24 O5"
"X5163_NEG_12_309.025191413477",5163,"NEG",12,309.025327799402,309.025191413477,309.025205446109,"C13 H10 O9"
"X5164_NEG_12_309.061587552832",5164,"NEG",12,309.061719969267,309.061587552832,309.06159095546,"C14 H14 O8"
"X5165_NEG_12_309.097976921532",5165,"NEG",12,309.098109221013,309.097976921532,309.097976464808,"C15 H18 O7"
"X5166_NEG_12_309.134360958511",5166,"NEG",12,309.134493296087,309.134360958511,309.13436197416,"C16 H22 O6"
"X5167_NEG_12_311.040850978325",5167,"NEG",12,311.040991954487,311.040850978325,311.040855510569,"C13 H12 O9"
"X5168_NEG_12_311.077255648519",5168,"NEG",12,311.077389912665,311.077255648519,311.07724101992,"C14 H16 O8"
"X5169_NEG_12_311.150014309899",5169,"NEG",12,311.150148790813,311.150014309899,311.150012038619,"C16 H24 O6"
"X5170_NEG_12_313.035409275496",5170,"NEG",12,313.035549242739,313.035409275496,313.035376206969,"C16 H10 O7"
"X5171_NEG_12_313.056510744785",5171,"NEG",12,313.05665649406,313.056510744785,313.056505575029,"C13 H14 O9"
"X5172_NEG_12_313.071763818671",5172,"NEG",12,313.071905869351,313.071763818671,313.071761716319,"C17 H14 O6"
"X5173_NEG_12_313.092901367282",5173,"NEG",12,313.093037851053,313.092901367282,313.092891084379,"C14 H18 O8"
"X5174_NEG_12_313.16566791776",5174,"NEG",12,313.165803945271,313.16566791776,313.165662103079,"C16 H26 O6"
"X5175_NEG_12_315.014666996872",5175,"NEG",12,315.014806501291,315.014666996872,315.014640762078,"C15 H8 O8"
"X5176_NEG_12_315.051052848",5176,"NEG",12,315.051193039657,315.051052848,315.05102627143,"C16 H12 O7"
"X5177_NEG_12_315.087457174484",5177,"NEG",12,315.087598061499,315.087457174484,315.08741178078,"C17 H16 O6"
"X5179_NEG_12_315.144937432048",5179,"NEG",12,315.145075967759,315.144937432048,315.144926658189,"C15 H24 O7"
"X5180_NEG_12_317.030317143531",5180,"NEG",12,317.030458505491,317.030317143531,317.030290826539,"C15 H10 O8"
"X5181_NEG_12_317.06670948657",5181,"NEG",12,317.066850441411,317.06670948657,317.066676335889,"C16 H14 O7"
"X5182_NEG_12_317.103095734402",5182,"NEG",12,317.103236516927,317.103095734402,317.10306184524,"C17 H18 O6"
"X5183_NEG_12_317.124202325896",5183,"NEG",12,317.124342817969,317.124202325896,317.124191213298,"C14 H22 O8"
"X5184_NEG_12_317.139463427104",5184,"NEG",12,317.13960733933,317.139463427104,317.139447354589,"C18 H22 O5"
"X5185_NEG_12_319.009567611747",5185,"NEG",12,319.009717685331,319.009567611747,319.009555381649,"C14 H8 O9"
"X5186_NEG_12_319.045966366131",5186,"NEG",12,319.046109358604,319.045966366131,319.045940890998,"C15 H12 O8"
"X5187_NEG_12_319.082372444661",5187,"NEG",12,319.082515207453,319.082372444661,319.082326400349,"C16 H16 O7"
"X5188_NEG_12_319.118741817238",5188,"NEG",12,319.118884618177,319.118741817238,319.118711909699,"C17 H20 O6"
"X5189_NEG_12_319.155135646596",5189,"NEG",12,319.155279275987,319.155135646596,319.155097419049,"C18 H24 O5"
"X5190_NEG_12_321.025236400528",5190,"NEG",12,321.025383051525,321.025236400528,321.025205446109,"C14 H10 O9"
"X5191_NEG_12_321.061638992232",5191,"NEG",12,321.06178391869,321.061638992232,321.06159095546,"C15 H14 O8"
"X5192_NEG_12_321.098018841082",5192,"NEG",12,321.098163718483,321.098018841082,321.097976464808,"C16 H18 O7"
"X5193_NEG_12_321.134393482803",5193,"NEG",12,321.134538398371,321.134393482803,321.13436197416,"C17 H22 O6"
"X5194_NEG_12_323.040887240726",5194,"NEG",12,323.041035743261,323.040887240726,323.040855510569,"C14 H12 O9"
"X5195_NEG_12_323.077295789685",5195,"NEG",12,323.077442744286,323.077295789685,323.07724101992,"C15 H16 O8"
"X5196_NEG_12_323.113672503805",5196,"NEG",12,323.113819496589,323.113672503805,323.113626529269,"C16 H20 O7"
"X5197_NEG_12_323.150052107622",5197,"NEG",12,323.150199096377,323.150052107622,323.150012038619,"C17 H24 O6"
"X5199_NEG_12_325.035411558195",5199,"NEG",12,325.035567828741,325.035411558195,325.035376206969,"C17 H10 O7"
"X5200_NEG_12_325.056542730694",5200,"NEG",12,325.056693935423,325.056542730694,325.05650557503,"C14 H14 O9"
"X5201_NEG_12_325.092946419196",5201,"NEG",12,325.093095489929,325.092946419196,325.092891084379,"C15 H18 O8"
"X5202_NEG_12_325.129328353139",5202,"NEG",12,325.129477388715,325.129328353139,325.12927659373,"C16 H22 O7"
"X5203_NEG_12_325.165690673973",5203,"NEG",12,325.165840387929,325.165690673973,325.165662103079,"C17 H26 O6"
"X5204_NEG_12_327.01469049684",5204,"NEG",12,327.014844696652,327.01469049684,327.014640762079,"C16 H8 O8"
"X5205_NEG_12_327.051092098695",5205,"NEG",12,327.051247231342,327.051092098695,327.051026271429,"C17 H12 O7"
"X5206_NEG_12_327.072207405805",5206,"NEG",12,327.07235889261,327.072207405805,327.072155639489,"C14 H16 O9"
"X5207_NEG_12_327.108597441558",5207,"NEG",12,327.108748561126,327.108597441558,327.108541148839,"C15 H20 O8"
"X5208_NEG_12_327.1449815975",5208,"NEG",12,327.145132755384,327.1449815975,327.144926658189,"C16 H24 O7"
"X5209_NEG_12_329.030348667095",5209,"NEG",12,329.030503739985,329.030348667095,329.03029082654,"C16 H10 O8"
"X5210_NEG_12_329.066756775694",5210,"NEG",12,329.066913334037,329.066756775694,329.066676335889,"C17 H14 O7"
"X5211_NEG_12_329.087867047492",5211,"NEG",12,329.088020581605,329.087867047492,329.087805703949,"C14 H18 O9"
"X5212_NEG_12_329.103123446764",5212,"NEG",12,329.103281137225,329.103123446764,329.103061845239,"C18 H18 O6"
"X5213_NEG_12_329.124259732719",5213,"NEG",12,329.12441297546,329.124259732719,329.124191213298,"C15 H22 O8"
"X5214_NEG_12_329.160637472129",5214,"NEG",12,329.160790737744,329.160637472129,329.16057672265,"C16 H26 O7"
"X5215_NEG_12_331.009619546311",5215,"NEG",12,331.009780269301,331.009619546311,331.00955538165,"C15 H8 O9"
"X5216_NEG_12_331.04601451982",5216,"NEG",12,331.046170152392,331.04601451982,331.045940890998,"C16 H12 O8"
"X5217_NEG_12_331.082404839728",5217,"NEG",12,331.082560414352,331.082404839728,331.082326400349,"C17 H16 O7"
"X5218_NEG_12_331.103509749746",5218,"NEG",12,331.103665533773,331.103509749746,331.10345576841,"C14 H20 O9"
"X5219_NEG_12_331.11878627251",5219,"NEG",12,331.118941680176,331.11878627251,331.118711909699,"C18 H20 O6"
"X5220_NEG_12_331.139907984652",5220,"NEG",12,331.140063129533,331.139907984652,331.139841277759,"C15 H24 O8"
"X5221_NEG_12_331.155165349184",5221,"NEG",12,331.155319540519,331.155165349184,331.155097419049,"C19 H24 O5"
"X5222_NEG_12_333.025251042839",5222,"NEG",12,333.02540855005,333.025251042839,333.025205446109,"C15 H10 O9"
"X5223_NEG_12_333.061668463459",5223,"NEG",12,333.061825887866,333.061668463459,333.06159095546,"C16 H14 O8"
"X5224_NEG_12_333.098073013781",5224,"NEG",12,333.098230671081,333.098073013781,333.097976464808,"C17 H18 O7"
"X5225_NEG_12_333.134431011293",5225,"NEG",12,333.134588572502,333.134431011293,333.13436197416,"C18 H22 O6"
"X5227_NEG_12_335.040921519591",5227,"NEG",12,335.041081352978,335.040921519591,335.040855510568,"C15 H12 O9"
"X5228_NEG_12_335.077336128171",5228,"NEG",12,335.077495976634,335.077336128171,335.07724101992,"C16 H16 O8"
"X5229_NEG_12_335.113717092777",5229,"NEG",12,335.113876699975,335.113717092777,335.113626529269,"C17 H20 O7"
"X5230_NEG_12_335.150087163818",5230,"NEG",12,335.150246850575,335.150087163818,335.150012038619,"C18 H24 O6"
"X5231_NEG_12_337.020181195159",5231,"NEG",12,337.020348845739,337.020181195159,337.020120065679,"C14 H10 O10"
"X5232_NEG_12_337.05658601465",5232,"NEG",12,337.056748005947,337.05658601465,337.056505575029,"C15 H14 O9"
"X5233_NEG_12_337.092992453053",5233,"NEG",12,337.093154137746,337.092992453053,337.092891084379,"C16 H18 O8"
"X5234_NEG_12_337.129361985806",5234,"NEG",12,337.129523708925,337.129361985806,337.12927659373,"C17 H22 O7"
"X5235_NEG_12_337.165733699287",5235,"NEG",12,337.165895473915,337.165733699287,337.165662103078,"C18 H26 O6"
"X5236_NEG_12_339.035731511837",5236,"NEG",12,339.03589953389,339.035731511837,339.035770130139,"C14 H12 O10"
"X5238_NEG_12_339.072125373894",5238,"NEG",12,339.072289135676,339.072125373894,339.072155639488,"C15 H16 O9"
"X5239_NEG_12_339.108517893178",5239,"NEG",12,339.108681665554,339.108517893178,339.108541148839,"C16 H20 O8"
"X5240_NEG_12_339.144894947488",5240,"NEG",12,339.145058791955,339.144894947488,339.144926658189,"C17 H24 O7"
"X5241_NEG_12_339.181277337485",5241,"NEG",12,339.181440533041,339.181277337485,339.181312167539,"C18 H28 O6"
"X5242_NEG_12_341.030296234659",5242,"NEG",12,341.030464935464,341.030296234659,341.030290826539,"C17 H10 O8"
"X5243_NEG_12_341.051394549085",5243,"NEG",12,341.051567085665,341.051394549085,341.051420194599,"C14 H14 O10"
"X5244_NEG_12_341.066682841577",5244,"NEG",12,341.066853858474,341.066682841577,341.066676335889,"C18 H14 O7"
"X5245_NEG_12_341.08779159147",5245,"NEG",12,341.087957481562,341.08779159147,341.08780570395,"C15 H18 O9"
"X5246_NEG_12_341.124169241173",5246,"NEG",12,341.124335141894,341.124169241173,341.124191213298,"C16 H22 O8"
"X5247_NEG_12_341.160546288901",5247,"NEG",12,341.16071222804,341.160546288901,341.16057672265,"C17 H26 O7"
"X5248_NEG_12_343.009543436006",5248,"NEG",12,343.009716181224,343.009543436006,343.00955538165,"C16 H8 O9"
"X5249_NEG_12_343.045933331717",5249,"NEG",12,343.046102876803,343.045933331717,343.045940890999,"C17 H12 O8"
"X5251_NEG_12_343.082339267665",5251,"NEG",12,343.082510494269,343.082339267665,343.082326400349,"C18 H16 O7"
"X5252_NEG_12_343.103436388779",5252,"NEG",12,343.103604401842,343.103436388779,343.10345576841,"C15 H20 O9"
"X5253_NEG_12_343.118711818867",5253,"NEG",12,343.118885214178,343.118711818867,343.118711909699,"C19 H20 O6"
"X5254_NEG_12_343.139819357739",5254,"NEG",12,343.139987387674,343.139819357739,343.139841277758,"C16 H24 O8"
"X5255_NEG_12_345.025192389679",5255,"NEG",12,345.025362834076,345.025192389679,345.025205446109,"C16 H10 O9"
"X5256_NEG_12_345.061584166601",5256,"NEG",12,345.061754787489,345.061584166601,345.061590955459,"C17 H14 O8"
"X5257_NEG_12_345.097994993649",5257,"NEG",12,345.098164905172,345.097994993649,345.097976464808,"C18 H18 O7"
"X5258_NEG_12_345.119089811186",5258,"NEG",12,345.119259822197,345.119089811186,345.11910583287,"C15 H22 O9"
"X5259_NEG_12_345.134342397981",5259,"NEG",12,345.134512693127,345.134342397981,345.13436197416,"C19 H22 O6"
"X5260_NEG_12_345.155469332934",5260,"NEG",12,345.155639444447,345.155469332934,345.15549134222,"C16 H26 O8"
"X5261_NEG_12_347.040849435666",5261,"NEG",12,347.041021544869,347.040849435666,347.040855510568,"C16 H12 O9"
"X5262_NEG_12_347.077258403999",5262,"NEG",12,347.077430571246,347.077258403999,347.07724101992,"C17 H16 O8"
"X5263_NEG_12_347.113644901868",5263,"NEG",12,347.113817140948,347.113644901868,347.113626529268,"C18 H20 O7"
"X5264_NEG_12_347.1347486887",5264,"NEG",12,347.134918838664,347.1347486887,347.134755897329,"C15 H24 O9"
"X5265_NEG_12_347.150002971708",5265,"NEG",12,347.150175232354,347.150002971708,347.150012038619,"C19 H24 O6"
"X5266_NEG_12_349.020100531933",5266,"NEG",12,349.020276987678,349.020100531933,349.020120065679,"C15 H10 O10"
"X5267_NEG_12_349.056505099978",5267,"NEG",12,349.056679405605,349.056505099978,349.056505575029,"C16 H14 O9"
"X5268_NEG_12_349.092924150574",5268,"NEG",12,349.093098476564,349.092924150574,349.092891084379,"C17 H18 O8"
"X5269_NEG_12_349.129285919553",5269,"NEG",12,349.129460283889,349.129285919553,349.12927659373,"C18 H22 O7"
"X5270_NEG_12_349.165656960992",5270,"NEG",12,349.16583124474,349.165656960992,349.165662103078,"C19 H26 O6"
"X5271_NEG_12_351.035767809298",5271,"NEG",12,351.035945053559,351.035767809298,351.035770130139,"C15 H12 O10"
"X5272_NEG_12_351.072159110101",5272,"NEG",12,351.072335523693,351.072159110101,351.072155639488,"C16 H16 O9"
"X5273_NEG_12_351.108577068014",5273,"NEG",12,351.108753520026,351.108577068014,351.108541148839,"C17 H20 O8"
"X5274_NEG_12_351.144932606343",5274,"NEG",12,351.145109096709,351.144932606343,351.144926658189,"C18 H24 O7"
"X5275_NEG_12_351.181308482777",5275,"NEG",12,351.181485691016,351.181308482777,351.181312167539,"C19 H28 O6"
"X5277_NEG_12_353.030280500357",5277,"NEG",12,353.030461903438,353.030280500357,353.030290826539,"C18 H10 O8"
"X5278_NEG_12_353.051431075317",5278,"NEG",12,353.051610107495,353.051431075317,353.051420194599,"C15 H14 O10"
"X5279_NEG_12_353.087834665435",5279,"NEG",12,353.088013205827,353.087834665435,353.08780570395,"C16 H18 O9"
"X5280_NEG_12_353.124210935828",5280,"NEG",12,353.124389514609,353.124210935828,353.124191213298,"C17 H22 O8"
"X5281_NEG_12_353.160589666813",5281,"NEG",12,353.160768283986,353.160589666813,353.16057672265,"C18 H26 O7"
"X5282_NEG_12_355.045953917798",5282,"NEG",12,355.046137228442,355.045953917798,355.045940890999,"C18 H12 O8"
"X5283_NEG_12_355.067094895775",5283,"NEG",12,355.0672764014,355.067094895775,355.067070259059,"C15 H16 O10"
"X5285_NEG_12_355.103487451117",5285,"NEG",12,355.10366811905,355.103487451117,355.10345576841,"C16 H20 O9"
"X5286_NEG_12_355.139860257073",5286,"NEG",12,355.140040981168,355.139860257073,355.139841277758,"C17 H24 O8"
"X5287_NEG_12_355.176243160445",5287,"NEG",12,355.176423832954,355.176243160445,355.176226787109,"C18 H28 O7"
"X5288_NEG_12_357.025217292174",5288,"NEG",12,357.025401145871,357.025217292174,357.025205446109,"C17 H10 O9"
"X5289_NEG_12_357.061639098169",5289,"NEG",12,357.061822997951,357.061639098169,357.061590955459,"C18 H14 O8"
"X5290_NEG_12_357.082742907402",5290,"NEG",12,357.082925397127,357.082742907402,357.082720323519,"C15 H18 O10"
"X5291_NEG_12_357.098014259656",5291,"NEG",12,357.098199535194,357.098014259656,357.097976464809,"C19 H18 O7"
"X5292_NEG_12_357.119131648198",5292,"NEG",12,357.119314469017,357.119131648198,357.11910583287,"C16 H22 O9"
"X5294_NEG_12_357.155509199442",5294,"NEG",12,357.155692058804,357.155509199442,357.15549134222,"C17 H26 O8"
"X5295_NEG_12_359.004455178977",5295,"NEG",12,359.004644414814,359.004455178977,359.004470001219,"C16 H8 O10"
"X5296_NEG_12_359.040878861483",5296,"NEG",12,359.041064233424,359.040878861483,359.040855510568,"C17 H12 O9"
"X5297_NEG_12_359.077282827002",5297,"NEG",12,359.077467763102,359.077282827002,359.07724101992,"C18 H16 O8"
"X5298_NEG_12_359.098382533255",5298,"NEG",12,359.098569257118,359.098382533255,359.098370387979,"C15 H20 O10"
"X5299_NEG_12_359.113668365966",5299,"NEG",12,359.113853021129,359.113668365966,359.113626529268,"C19 H20 O7"
"X5300_NEG_12_359.134784487804",5300,"NEG",12,359.13496944475,359.134784487804,359.134755897329,"C16 H24 O9"
"X5301_NEG_12_359.15002115694",5301,"NEG",12,359.15020782781,359.15002115694,359.150012038619,"C20 H24 O6"
"X5302_NEG_12_359.17117220509",5302,"NEG",12,359.171356750251,359.17117220509,359.171141406679,"C17 H28 O8"
"X5303_NEG_12_361.020145935465",5303,"NEG",12,361.020334026597,361.020145935465,361.020120065679,"C16 H10 O10"
"X5304_NEG_12_361.05654150465",5304,"NEG",12,361.056728576339,361.05654150465,361.056505575029,"C17 H14 O9"
"X5305_NEG_12_361.092961214522",5305,"NEG",12,361.093148137045,361.092961214522,361.092891084379,"C18 H18 O8"
"X5306_NEG_12_361.129318040479",5306,"NEG",12,361.129505073298,361.129318040479,361.12927659373,"C19 H22 O7"
"X5307_NEG_12_361.16569399326",5307,"NEG",12,361.165881682747,361.16569399326,361.165662103079,"C20 H26 O6"
"X5308_NEG_12_363.035798516674",5308,"NEG",12,363.035987562481,363.035798516674,363.03577013014,"C16 H12 O10"
"X5309_NEG_12_363.072216623731",5309,"NEG",12,363.072405710229,363.072216623731,363.072155639488,"C17 H16 O9"
"X5310_NEG_12_363.108626343979",5310,"NEG",12,363.108815530926,363.108626343979,363.108541148839,"C18 H20 O8"
"X5311_NEG_12_363.144969023797",5311,"NEG",12,363.145158187211,363.144969023797,363.14492665819,"C19 H24 O7"
"X5312_NEG_12_363.181339386495",5312,"NEG",12,363.181528765445,363.181339386495,363.18131216754,"C20 H28 O6"
"X5313_NEG_12_365.015056780796",5313,"NEG",12,365.015251232573,365.015056780796,365.015034685249,"C15 H10 O11"
"X5314_NEG_12_365.051432175732",5314,"NEG",12,365.05162338924,365.051432175732,365.051420194599,"C16 H14 O10"
"X5315_NEG_12_365.087853525367",5315,"NEG",12,365.088044743183,365.087853525367,365.08780570395,"C17 H18 O9"
"X5316_NEG_12_365.124242113911",5316,"NEG",12,365.124433370211,365.124242113911,365.124191213298,"C18 H22 O8"
"X5317_NEG_12_365.160587171436",5317,"NEG",12,365.160778466175,365.160587171436,365.16057672265,"C19 H26 O7"
"X5318_NEG_12_365.19700048013",5318,"NEG",12,365.1971912093,365.19700048013,365.196962231999,"C20 H30 O6"
"X5319_NEG_12_367.030694447392",5319,"NEG",12,367.030888874462,367.030694447392,367.030684749709,"C15 H12 O11"
"X5320_NEG_12_367.067097937559",5320,"NEG",12,367.067290991509,367.067097937559,367.067070259058,"C16 H16 O10"
"X5321_NEG_12_367.103502560577",5321,"NEG",12,367.103695910489,367.103502560577,367.10345576841,"C17 H20 O9"
"X5322_NEG_12_367.13987732159",5322,"NEG",12,367.140070709986,367.13987732159,367.139841277758,"C18 H24 O8"
"X5323_NEG_12_367.176245367728",5323,"NEG",12,367.176438746698,367.176245367728,367.176226787109,"C19 H28 O7"
"X5324_NEG_12_369.025225637101",5324,"NEG",12,369.025421540812,369.025225637101,369.025205446109,"C18 H10 O9"
"X5325_NEG_12_369.046372370066",5325,"NEG",12,369.046571606698,369.046372370066,369.046334814169,"C15 H14 O11"
"X5326_NEG_12_369.061605915574",5326,"NEG",12,369.061804940503,369.061605915574,369.061590955459,"C19 H14 O8"
"X5327_NEG_12_369.082754986017",5327,"NEG",12,369.082950430274,369.082754986017,369.082720323518,"C16 H18 O10"
"X5328_NEG_12_369.119140609113",5328,"NEG",12,369.119336091877,369.119140609113,369.11910583287,"C17 H22 O9"
"X5329_NEG_12_369.155522504336",5329,"NEG",12,369.155718093873,369.155522504336,369.15549134222,"C18 H26 O8"
"X5330_NEG_12_369.191884059946",5330,"NEG",12,369.192080033813,369.191884059946,369.191876851569,"C19 H30 O7"
"X5331_NEG_12_371.040874449097",5331,"NEG",12,371.041072072634,371.040874449097,371.040855510569,"C18 H12 O9"
"X5332_NEG_12_371.077274197",5332,"NEG",12,371.077472222999,371.077274197,371.077241019919,"C19 H16 O8"
"X5333_NEG_12_371.098409404612",5333,"NEG",12,371.098606933861,371.098409404612,371.098370387978,"C16 H20 O10"
"X5335_NEG_12_371.134788039005",5335,"NEG",12,371.134985731202,371.134788039005,371.134755897329,"C17 H24 O9"
"X5336_NEG_12_371.171165431347",5336,"NEG",12,371.171362999488,371.171165431347,371.17114140668,"C18 H28 O8"
"X5337_NEG_12_373.020139354418",5337,"NEG",12,373.020338742769,373.020139354418,373.020120065679,"C17 H10 O10"
"X5338_NEG_12_373.05654066788",5338,"NEG",12,373.056740245915,373.05654066788,373.056505575029,"C18 H14 O9"
"X5339_NEG_12_373.092944015487",5339,"NEG",12,373.093143455834,373.092944015487,373.092891084379,"C19 H18 O8"
"X5340_NEG_12_373.114060273616",5340,"NEG",12,373.114259859866,373.114060273616,373.11402045244,"C16 H22 O10"
"X5341_NEG_12_373.129306237057",5341,"NEG",12,373.129505372449,373.129306237057,373.12927659373,"C20 H22 O7"
"X5342_NEG_12_373.150443235718",5342,"NEG",12,373.150642966267,373.150443235718,373.150405961788,"C17 H26 O9"
"X5343_NEG_12_375.035796970425",5343,"NEG",12,375.035998493521,375.035796970425,375.03577013014,"C17 H12 O10"
"X5344_NEG_12_375.072198332558",5344,"NEG",12,375.072400210829,375.072198332558,375.072155639488,"C18 H16 O9"
"X5345_NEG_12_375.108604141891",5345,"NEG",12,375.108805966935,375.108604141891,375.108541148839,"C19 H20 O8"
"X5346_NEG_12_375.144966963858",5346,"NEG",12,375.145168699919,375.144966963858,375.14492665819,"C20 H24 O7"
"X5347_NEG_12_377.015071946697",5347,"NEG",12,377.015275677171,377.015071946697,377.015034685249,"C16 H10 O11"
"X5348_NEG_12_377.051455312625",5348,"NEG",12,377.051658978792,377.051455312625,377.051420194599,"C17 H14 O10"
"X5349_NEG_12_377.087874895634",5349,"NEG",12,377.088078787965,377.087874895634,377.08780570395,"C18 H18 O9"
"X5350_NEG_12_377.12425046268",5350,"NEG",12,377.124454423625,377.12425046268,377.124191213298,"C19 H22 O8"
"X5351_NEG_12_377.160606301461",5351,"NEG",12,377.160810300941,377.160606301461,377.16057672265,"C20 H26 O7"
"X5352_NEG_12_379.030718248688",5352,"NEG",12,379.030923656194,379.030718248688,379.030684749709,"C16 H12 O11"
"X5353_NEG_12_379.067116965135",5353,"NEG",12,379.067322887488,379.067116965135,379.067070259058,"C17 H16 O10"
"X5354_NEG_12_379.103525099255",5354,"NEG",12,379.103731158305,379.103525099255,379.10345576841,"C18 H20 O9"
"X5355_NEG_12_379.139891646995",5355,"NEG",12,379.140097744604,379.139891646995,379.139841277758,"C19 H24 O8"
"X5356_NEG_12_379.176257629251",5356,"NEG",12,379.176463562424,379.176257629251,379.176226787109,"C20 H28 O7"
"X5357_NEG_12_381.046358237193",5357,"NEG",12,381.046564871408,381.046358237193,381.046334814169,"C16 H14 O11"
"X5358_NEG_12_381.082765937631",5358,"NEG",12,381.082974095491,381.082765937631,381.082720323518,"C17 H18 O10"
"X5359_NEG_12_381.119171769594",5359,"NEG",12,381.119379966065,381.119171769594,381.11910583287,"C18 H22 O9"
"X5360_NEG_12_381.155533861965",5360,"NEG",12,381.155742097004,381.155533861965,381.15549134222,"C19 H26 O8"
"X5361_NEG_12_381.191904159459",5361,"NEG",12,381.192111743597,381.191904159459,381.191876851568,"C20 H30 O7"
"X5362_NEG_12_383.040846641356",5362,"NEG",12,383.041054980045,383.040846641356,383.040855510569,"C19 H12 O9"
"X5363_NEG_12_383.062024636563",5363,"NEG",12,383.062232941922,383.062024636563,383.061984878629,"C16 H16 O11"
"X5365_NEG_12_383.098416755075",5365,"NEG",12,383.098627051113,383.098416755075,383.098370387978,"C17 H20 O10"
"X5366_NEG_12_383.134808184149",5366,"NEG",12,383.135018518798,383.134808184149,383.134755897329,"C18 H24 O9"
"X5367_NEG_12_383.171184004432",5367,"NEG",12,383.171394377675,383.171184004432,383.17114140668,"C19 H28 O8"
"X5368_NEG_12_385.02014600298",5368,"NEG",12,385.020356597188,385.02014600298,385.020120065679,"C18 H10 O10"
"X5369_NEG_12_385.056534768039",5369,"NEG",12,385.056745317099,385.056534768039,385.056505575029,"C19 H14 O9"
"X5370_NEG_12_385.077691507787",5370,"NEG",12,385.077900892883,385.077691507787,385.077634943089,"C16 H18 O11"
"X5371_NEG_12_385.092935976472",5371,"NEG",12,385.09314633643,385.092935976472,385.092891084379,"C20 H18 O8"
"X5372_NEG_12_385.114069063943",5372,"NEG",12,385.114281498928,385.114069063943,385.11402045244,"C17 H22 O10"
"X5373_NEG_12_385.150454442805",5373,"NEG",12,385.150667048487,385.150454442805,385.150405961788,"C18 H26 O9"
"X5374_NEG_12_385.186826041834",5374,"NEG",12,385.187038178954,385.186826041834,385.18679147114,"C19 H30 O8"
"X5376_NEG_12_387.035785736483",5376,"NEG",12,387.035999534878,387.035785736483,387.035770130139,"C18 H12 O10"
"X5377_NEG_12_387.072199161707",5377,"NEG",12,387.072412214911,387.072199161707,387.072155639489,"C19 H16 O9"
"X5378_NEG_12_387.093326694447",5378,"NEG",12,387.093538722127,387.093326694447,387.093285007549,"C16 H20 O11"
"X5379_NEG_12_387.108586249135",5379,"NEG",12,387.108799642404,387.108586249135,387.108541148839,"C20 H20 O8"
"X5380_NEG_12_387.129714455217",5380,"NEG",12,387.129929029904,387.129714455217,387.1296705169,"C17 H24 O10"
"X5381_NEG_12_387.144970082731",5381,"NEG",12,387.14518307453,387.144970082731,387.144926658189,"C21 H24 O7"
"X5382_NEG_12_387.166100355413",5382,"NEG",12,387.16631487157,387.166100355413,387.166056026248,"C18 H28 O9"
"X5383_NEG_12_389.015091521915",5383,"NEG",12,389.015304552532,389.015091521915,389.015034685249,"C17 H10 O11"
"X5384_NEG_12_389.051457614019",5384,"NEG",12,389.051674051466,389.051457614019,389.051420194599,"C18 H14 O10"
"X5385_NEG_12_389.087866975396",5385,"NEG",12,389.088083536891,389.087866975396,389.08780570395,"C19 H18 O9"
"X5386_NEG_12_389.124255328454",5386,"NEG",12,389.124471768749,389.124255328454,389.124191213298,"C20 H22 O8"
"X5387_NEG_12_389.145365970347",5387,"NEG",12,389.14558331673,389.145365970347,389.145320581359,"C17 H26 O10"
"X5388_NEG_12_389.160627217238",5388,"NEG",12,389.160843367742,389.160627217238,389.16057672265,"C21 H26 O7"
"X5389_NEG_12_391.030720642731",5389,"NEG",12,391.030938338309,391.030720642731,391.030684749709,"C17 H12 O11"
"X5390_NEG_12_391.067115254844",5390,"NEG",12,391.067334060878,391.067115254844,391.067070259058,"C18 H16 O10"
"X5391_NEG_12_391.103532565809",5391,"NEG",12,391.103751320058,391.103532565809,391.10345576841,"C19 H20 O9"
"X5392_NEG_12_391.139896762061",5392,"NEG",12,391.140115596025,391.139896762061,391.139841277758,"C20 H24 O8"
"X5393_NEG_12_391.176273464324",5393,"NEG",12,391.176491964523,391.176273464324,391.176226787109,"C21 H28 O7"
"X5395_NEG_12_393.046373477783",5395,"NEG",12,393.046593642434,393.046373477783,393.046334814169,"C17 H14 O11"
"X5397_NEG_12_393.082781369231",5397,"NEG",12,393.083002182225,393.082781369231,393.082720323518,"C18 H18 O10"
"X5398_NEG_12_393.119186478198",5398,"NEG",12,393.11940741551,393.119186478198,393.11910583287,"C19 H22 O9"
"X5399_NEG_12_393.155538706994",5399,"NEG",12,393.155759682948,393.155538706994,393.15549134222,"C20 H26 O8"
"X5400_NEG_12_393.191927012521",5400,"NEG",12,393.19214786419,393.191927012521,393.191876851569,"C21 H30 O7"
"X5401_NEG_12_395.025656323444",5401,"NEG",12,395.025875980118,395.025656323444,395.025599369279,"C16 H12 O12"
"X5402_NEG_12_395.06200517979",5402,"NEG",12,395.062227511072,395.06200517979,395.06198487863,"C17 H16 O11"
"X5403_NEG_12_395.098411407977",5403,"NEG",12,395.098634449315,395.098411407977,395.098370387978,"C18 H20 O10"
"X5404_NEG_12_395.134796932197",5404,"NEG",12,395.135020012219,395.134796932197,395.134755897329,"C19 H24 O9"
"X5405_NEG_12_395.171158003699",5405,"NEG",12,395.171381122385,395.171158003699,395.17114140668,"C20 H28 O8"
"X5406_NEG_12_397.0200939709",5406,"NEG",12,397.020314381994,397.0200939709,397.020120065679,"C19 H10 O10"
"X5408_NEG_12_397.056499783844",5408,"NEG",12,397.056723419038,397.056499783844,397.056505575029,"C20 H14 O9"
"X5409_NEG_12_397.077666029328",5409,"NEG",12,397.077890446111,397.077666029328,397.077634943089,"C17 H18 O11"
"X5410_NEG_12_397.114056401226",5410,"NEG",12,397.114281586061,397.114056401226,397.11402045244,"C18 H22 O10"
"X5411_NEG_12_397.150426603796",5411,"NEG",12,397.150651827315,397.150426603796,397.150405961788,"C19 H26 O9"
"X5412_NEG_12_397.186811460292",5412,"NEG",12,397.187036427662,397.186811460292,397.18679147114,"C20 H30 O8"
"X5413_NEG_12_399.035762705562",5413,"NEG",12,399.035985029582,399.035762705562,399.035770130139,"C19 H12 O10"
"X5414_NEG_12_399.072158552224",5414,"NEG",12,399.072381602855,399.072158552224,399.072155639489,"C20 H16 O9"
"X5415_NEG_12_399.093307503389",5415,"NEG",12,399.093533568867,399.093307503389,399.093285007548,"C17 H20 O11"
"X5417_NEG_12_399.12970405073",5417,"NEG",12,399.129931379833,399.12970405073,399.1296705169,"C18 H24 O10"
"X5418_NEG_12_399.166076082822",5418,"NEG",12,399.166303644035,399.166076082822,399.166056026248,"C19 H28 O9"
"X5419_NEG_12_399.202443202759",5419,"NEG",12,399.202670070886,399.202443202759,399.202441535599,"C20 H32 O8"
"X5420_NEG_12_401.015031137826",5420,"NEG",12,401.015254774659,401.015031137826,401.015034685249,"C18 H10 O11"
"X5421_NEG_12_401.051417557198",5421,"NEG",12,401.051645555621,401.051417557198,401.051420194599,"C19 H14 O10"
"X5422_NEG_12_401.087790512809",5422,"NEG",12,401.088016874909,401.087790512809,401.087805703949,"C20 H18 O9"
"X5423_NEG_12_401.10897164594",5423,"NEG",12,401.109198564932,401.10897164594,401.108935072009,"C17 H22 O11"
"X5424_NEG_12_401.124200400408",5424,"NEG",12,401.124426344685,401.124200400408,401.124191213298,"C21 H22 O8"
"X5425_NEG_12_401.145343405978",5425,"NEG",12,401.145573003806,401.145343405978,401.145320581359,"C18 H26 O10"
"X5426_NEG_12_401.181725491389",5426,"NEG",12,401.181955108441,401.181725491389,401.18170609071,"C19 H30 O9"
"X5427_NEG_12_403.030700825165",5427,"NEG",12,403.030928506862,403.030700825165,403.030684749709,"C18 H12 O11"
"X5428_NEG_12_403.067067553725",5428,"NEG",12,403.067298039396,403.067067553725,403.067070259058,"C19 H16 O10"
"X5429_NEG_12_403.103476501078",5429,"NEG",12,403.103707521091,403.103476501078,403.10345576841,"C20 H20 O9"
"X5430_NEG_12_403.139869392593",5430,"NEG",12,403.140100313447,403.139869392593,403.139841277758,"C21 H24 O8"
"X5431_NEG_12_403.161001713143",5431,"NEG",12,403.161234425905,403.161001713143,403.160970645819,"C18 H28 O10"
"X5432_NEG_12_403.176230677884",5432,"NEG",12,403.176461593361,403.176230677884,403.176226787109,"C22 H28 O7"
"X5433_NEG_12_405.009933061877",5433,"NEG",12,405.010159613624,405.009933061877,405.009949304819,"C17 H10 O12"
"X5434_NEG_12_405.046350578825",5434,"NEG",12,405.04658327275,405.046350578825,405.046334814169,"C18 H14 O11"
"X5435_NEG_12_405.082747173833",5435,"NEG",12,405.082980970814,405.082747173833,405.082720323518,"C19 H18 O10"
"X5436_NEG_12_405.119147633436",5436,"NEG",12,405.119381338686,405.119147633436,405.11910583287,"C20 H22 O9"
"X5437_NEG_12_405.155511032474",5437,"NEG",12,405.155744664254,405.155511032474,405.15549134222,"C21 H26 O8"
"X5438_NEG_12_405.191891655015",5438,"NEG",12,405.192127088584,405.191891655015,405.191876851569,"C22 H30 O7"
"X5439_NEG_12_407.025629759316",5439,"NEG",12,407.025858125794,407.025629759316,407.025599369279,"C17 H12 O12"
"X5440_NEG_12_407.061997170009",5440,"NEG",12,407.062232033391,407.061997170009,407.06198487863,"C18 H16 O11"
"X5441_NEG_12_407.09840615426",5441,"NEG",12,407.098641968047,407.09840615426,407.098370387978,"C19 H20 O10"
"X5442_NEG_12_407.134792199291",5442,"NEG",12,407.135028051846,407.134792199291,407.134755897329,"C20 H24 O9"
"X5443_NEG_12_407.171159816127",5443,"NEG",12,407.171395566187,407.171159816127,407.17114140668,"C21 H28 O8"
"X5445_NEG_12_409.041279583152",5445,"NEG",12,409.041511129726,409.041279583152,409.04124943374,"C17 H14 O12"
"X5446_NEG_12_409.077661139427",5446,"NEG",12,409.077898662595,409.077661139427,409.077634943089,"C18 H18 O11"
"X5447_NEG_12_409.114071202599",5447,"NEG",12,409.114309164466,409.114071202599,409.11402045244,"C19 H22 O10"
"X5448_NEG_12_409.150437772249",5448,"NEG",12,409.150675772878,409.150437772249,409.150405961788,"C20 H26 O9"
"X5449_NEG_12_409.186811617139",5449,"NEG",12,409.187049294726,409.186811617139,409.18679147114,"C21 H30 O8"
"X5450_NEG_12_411.05689383313",5450,"NEG",12,411.057126793055,411.05689383313,411.056899498199,"C17 H16 O12"
"X5452_NEG_12_411.093318523566",5452,"NEG",12,411.09355841446,411.093318523566,411.093285007548,"C18 H20 O11"
"X5453_NEG_12_411.129704994477",5453,"NEG",12,411.129945105155,411.129704994477,411.1296705169,"C19 H24 O10"
"X5454_NEG_12_411.166080949985",5454,"NEG",12,411.166321099452,411.166080949985,411.166056026248,"C20 H28 O9"
"X5455_NEG_12_411.20246818476",5455,"NEG",12,411.202708575715,411.20246818476,411.202441535599,"C21 H32 O8"
"X5456_NEG_12_413.015011976969",5456,"NEG",12,413.015244614615,413.015011976969,413.015034685249,"C19 H10 O11"
"X5457_NEG_12_413.051390770095",5457,"NEG",12,413.051625125071,413.051390770095,413.051420194599,"C20 H14 O10"
"X5458_NEG_12_413.07259498567",5458,"NEG",12,413.072829317799,413.07259498567,413.072549562659,"C17 H18 O12"
"X5459_NEG_12_413.087798210776",5459,"NEG",12,413.088031274052,413.087798210776,413.08780570395,"C21 H18 O9"
"X5460_NEG_12_413.108972905626",5460,"NEG",12,413.109215042255,413.108972905626,413.108935072008,"C18 H22 O11"
"X5462_NEG_12_413.145345627443",5462,"NEG",12,413.14558788771,413.145345627443,413.145320581359,"C19 H26 O10"
"X5463_NEG_12_413.181736495425",5463,"NEG",12,413.181978339799,413.181736495425,413.18170609071,"C20 H30 O9"
"X5464_NEG_12_415.030688656391",5464,"NEG",12,415.030925232947,415.030688656391,415.030684749709,"C19 H12 O11"
"X5465_NEG_12_415.067081717865",5465,"NEG",12,415.06732121014,415.067081717865,415.067070259059,"C20 H16 O10"
"X5466_NEG_12_415.088233062969",5466,"NEG",12,415.088468294314,415.088233062969,415.088199627119,"C17 H20 O12"
"X5467_NEG_12_415.103476982183",5467,"NEG",12,415.103711265975,415.103476982183,415.103455768409,"C21 H20 O9"
"X5468_NEG_12_415.124622583043",5468,"NEG",12,415.124865922458,415.124622583043,415.124585136468,"C18 H24 O11"
"X5469_NEG_12_415.139852536268",5469,"NEG",12,415.140087569026,415.139852536268,415.139841277759,"C22 H24 O8"
"X5470_NEG_12_415.161002900131",5470,"NEG",12,415.16124737944,415.161002900131,415.160970645819,"C19 H28 O10"
"X5471_NEG_12_415.197374360869",5471,"NEG",12,415.197620521187,415.197374360869,415.197356155169,"C20 H32 O9"
"X5472_NEG_12_417.009956956905",5472,"NEG",12,417.010193521236,417.009956956905,417.009949304819,"C18 H10 O12"
"X5473_NEG_12_417.04634602573",5473,"NEG",12,417.046587689808,417.04634602573,417.046334814168,"C19 H14 O11"
"X5474_NEG_12_417.082721176554",5474,"NEG",12,417.08296578555,417.082721176554,417.082720323518,"C20 H18 O10"
"X5475_NEG_12_417.119133863307",5475,"NEG",12,417.119378734726,417.119133863307,417.11910583287,"C21 H22 O9"
"X5476_NEG_12_417.140231694786",5476,"NEG",12,417.140471449758,417.140231694786,417.140235200929,"C18 H26 O11"
"X5477_NEG_12_417.155527011364",5477,"NEG",12,417.155771534724,417.155527011364,417.15549134222,"C22 H26 O8"
"X5478_NEG_12_417.176641225259",5478,"NEG",12,417.176890719314,417.176641225259,417.176620710278,"C19 H30 O10"
"X5479_NEG_12_419.02564643693",5479,"NEG",12,419.025885208709,419.02564643693,419.02559936928,"C18 H12 O12"
"X5480_NEG_12_419.062010581272",5480,"NEG",12,419.062257414667,419.062010581272,419.06198487863,"C19 H16 O11"
"X5481_NEG_12_419.098399135862",5481,"NEG",12,419.098647749248,419.098399135862,419.098370387978,"C20 H20 O10"
"X5482_NEG_12_419.134781906909",5482,"NEG",12,419.13503035354,419.134781906909,419.134755897329,"C21 H24 O9"
"X5483_NEG_12_419.171167538359",5483,"NEG",12,419.171415683146,419.171167538359,419.17114140668,"C22 H28 O8"
"X5484_NEG_12_421.041273854133",5484,"NEG",12,421.041518163615,421.041273854133,421.04124943374,"C18 H14 O12"
"X5485_NEG_12_421.077668262496",5485,"NEG",12,421.077919118818,421.077668262496,421.077634943089,"C19 H18 O11"
"X5486_NEG_12_421.114057530229",5486,"NEG",12,421.114308296247,421.114057530229,421.11402045244,"C20 H22 O10"
"X5487_NEG_12_421.150440557473",5487,"NEG",12,421.150691362354,421.150440557473,421.150405961788,"C21 H26 O9"
"X5488_NEG_12_421.18682372061",5488,"NEG",12,421.187074130969,421.18682372061,421.18679147114,"C22 H30 O8"
"X5491_NEG_12_423.0569268231",5491,"NEG",12,423.057173371909,423.0569268231,423.056899498199,"C18 H16 O12"
"X5492_NEG_12_423.09330995768",5492,"NEG",12,423.093562838196,423.09330995768,423.093285007548,"C19 H20 O11"
"X5493_NEG_12_423.129714312633",5493,"NEG",12,423.129967232048,423.129714312633,423.1296705169,"C20 H24 O10"
"X5494_NEG_12_423.166085382727",5494,"NEG",12,423.166338341008,423.166085382727,423.166056026248,"C21 H28 O9"
"X5495_NEG_12_423.202467110453",5495,"NEG",12,423.202721876246,423.202467110453,423.202441535599,"C22 H32 O8"
"X5497_NEG_12_425.072579510498",5497,"NEG",12,425.072829930948,425.072579510498,425.072549562659,"C18 H18 O12"
"X5498_NEG_12_425.10896562541",5498,"NEG",12,425.109220660075,425.10896562541,425.108935072008,"C19 H22 O11"
"X5499_NEG_12_425.145358896217",5499,"NEG",12,425.145613969783,425.145358896217,425.145320581359,"C20 H26 O10"
"X5500_NEG_12_425.181737300316",5500,"NEG",12,425.181992144941,425.181737300316,425.18170609071,"C21 H30 O9"
"X5501_NEG_12_427.030668037929",5501,"NEG",12,427.030912983607,427.030668037929,427.030684749709,"C20 H12 O11"
"X5502_NEG_12_427.067025886326",5502,"NEG",12,427.067269519106,427.067025886326,427.067070259059,"C21 H16 O10"
"X5503_NEG_12_427.088224211064",5503,"NEG",12,427.088476406782,427.088224211064,427.08819962712,"C18 H20 O12"
"X5504_NEG_12_427.124589154405",5504,"NEG",12,427.124846059293,427.124589154405,427.124585136468,"C19 H24 O11"
"X5505_NEG_12_427.160975434741",5505,"NEG",12,427.161232663195,427.160975434741,427.160970645819,"C20 H28 O10"
"X5506_NEG_12_427.197361146576",5506,"NEG",12,427.197618372054,427.197361146576,427.19735615517,"C21 H32 O9"
"X5507_NEG_12_429.009946338947",5507,"NEG",12,429.010189654985,429.009946338947,429.009949304819,"C19 H10 O12"
"X5508_NEG_12_429.046313403755",5508,"NEG",12,429.046562986542,429.046313403755,429.046334814169,"C20 H14 O11"
"X5509_NEG_12_429.082703574974",5509,"NEG",12,429.082949246489,429.082703574974,429.082720323519,"C21 H18 O10"
"X5510_NEG_12_429.103852160867",5510,"NEG",12,429.104102104033,429.103852160867,429.103849691579,"C18 H22 O12"
"X5511_NEG_12_429.119109589217",5511,"NEG",12,429.11935346778,429.119109589217,429.119105832869,"C22 H22 O9"
"X5512_NEG_12_429.14024024061",5512,"NEG",12,429.140498916286,429.14024024061,429.14023520093,"C19 H26 O11"
"X5513_NEG_12_429.176624450082",5513,"NEG",12,429.176883068651,429.176624450082,429.176620710278,"C20 H30 O10"
"X5514_NEG_12_431.025590883122",5514,"NEG",12,431.025838843584,431.025590883122,431.02559936928,"C19 H12 O12"
"X5515_NEG_12_431.06197234966",5515,"NEG",12,431.062228619905,431.06197234966,431.061984878629,"C20 H16 O11"
"X5516_NEG_12_431.098344937213",5516,"NEG",12,431.098600312008,431.098344937213,431.098370387979,"C21 H20 O10"
"X5518_NEG_12_431.134728099537",5518,"NEG",12,431.134984876758,431.134728099537,431.134755897329,"C22 H24 O9"
"X5519_NEG_12_431.155897957418",5519,"NEG",12,431.156154968813,431.155897957418,431.15588526539,"C19 H28 O11"
"X5520_NEG_12_431.171136338684",5520,"NEG",12,431.171392549858,431.171136338684,431.171141406679,"C23 H28 O8"
"X5521_NEG_12_433.041258124774",5521,"NEG",12,433.041514462124,433.041258124774,433.041249433739,"C19 H14 O12"
"X5522_NEG_12_433.077627555011",5522,"NEG",12,433.077889663266,433.077627555011,433.077634943089,"C20 H18 O11"
"X5523_NEG_12_433.114006850519",5523,"NEG",12,433.114269492202,433.114006850519,433.11402045244,"C21 H22 O10"
"X5524_NEG_12_433.150404939117",5524,"NEG",12,433.15066793725,433.150404939117,433.150405961788,"C22 H26 O9"
"X5525_NEG_12_433.186796662731",5525,"NEG",12,433.187059093085,433.186796662731,433.18679147114,"C23 H30 O8"
"X5526_NEG_12_435.020541864242",5526,"NEG",12,435.020788403006,435.020541864242,435.020513988849,"C18 H12 O13"
"X5527_NEG_12_435.056902902126",5527,"NEG",12,435.057163207637,435.056902902126,435.0568994982,"C19 H16 O12"
"X5528_NEG_12_435.093269271752",5528,"NEG",12,435.093534530878,435.093269271752,435.093285007548,"C20 H20 O11"
"X5529_NEG_12_435.129666155934",5529,"NEG",12,435.12993182095,435.129666155934,435.1296705169,"C21 H24 O10"
"X5530_NEG_12_435.166062045883",5530,"NEG",12,435.16632766137,435.166062045883,435.166056026248,"C22 H28 O9"
"X5531_NEG_12_435.202432166785",5531,"NEG",12,435.202697619041,435.202432166785,435.202441535599,"C23 H32 O8"
"X5532_NEG_12_437.036157328736",5532,"NEG",12,437.036408444306,437.036157328736,437.036164053309,"C18 H14 O13"
"X5533_NEG_12_437.072555621979",5533,"NEG",12,437.0728193644,437.072555621979,437.072549562659,"C19 H18 O12"
"X5534_NEG_12_437.108934184874",5534,"NEG",12,437.10920178577,437.108934184874,437.108935072008,"C20 H22 O11"
"X5535_NEG_12_437.145325419072",5535,"NEG",12,437.145593333043,437.145325419072,437.145320581359,"C21 H26 O10"
"X5536_NEG_12_437.181702807132",5536,"NEG",12,437.181970224112,437.181702807132,437.18170609071,"C22 H30 O9"
"X5537_NEG_12_439.030625382378",5537,"NEG",12,439.030877319318,439.030625382378,439.030684749709,"C21 H12 O11"
"X5538_NEG_12_439.051792678075",5538,"NEG",12,439.052045024366,439.051792678075,439.051814117769,"C18 H16 O13"
"X5539_NEG_12_439.088203151385",5539,"NEG",12,439.088469646584,439.088203151385,439.08819962712,"C19 H20 O12"
"X5540_NEG_12_439.124597548983",5540,"NEG",12,439.124867583455,439.124597548983,439.124585136467,"C20 H24 O11"
"X5541_NEG_12_439.160974988993",5541,"NEG",12,439.161245062445,439.160974988993,439.160970645819,"C21 H28 O10"
"X5542_NEG_12_439.197357531174",5542,"NEG",12,439.197626409882,439.197357531174,439.19735615517,"C22 H32 O9"
"X5543_NEG_12_441.046289881567",5543,"NEG",12,441.046544148352,441.046289881567,441.046334814169,"C21 H14 O11"
"X5544_NEG_12_441.067426258287",5544,"NEG",12,441.067680309739,441.067426258287,441.067464182229,"C18 H18 O13"
"X5546_NEG_12_441.103853055062",5546,"NEG",12,441.104120312286,441.103853055062,441.103849691579,"C19 H22 O12"
"X5547_NEG_12_441.140233903229",5547,"NEG",12,441.140505923509,441.140233903229,441.14023520093,"C20 H26 O11"
"X5548_NEG_12_441.176616852999",5548,"NEG",12,441.176888661917,441.176616852999,441.176620710278,"C21 H30 O10"
"X5549_NEG_12_443.025587702761",5549,"NEG",12,443.025844182649,443.025587702761,443.02559936928,"C20 H12 O12"
"X5550_NEG_12_443.061978111576",5550,"NEG",12,443.062234805274,443.061978111576,443.061984878629,"C21 H16 O11"
"X5552_NEG_12_443.09833840008",5552,"NEG",12,443.098592479615,443.09833840008,443.098370387979,"C22 H20 O10"
"X5553_NEG_12_443.119516160082",5553,"NEG",12,443.119783487646,443.119516160082,443.119499756038,"C19 H24 O12"
"X5554_NEG_12_443.134736705976",5554,"NEG",12,443.134989532123,443.134736705976,443.134755897329,"C23 H24 O9"
"X5555_NEG_12_443.155994430555",5555,"NEG",12,443.156265044453,443.155994430555,443.15588526539,"C20 H28 O11"
"X5556_NEG_12_443.19227889045",5556,"NEG",12,443.19255215918,443.19227889045,443.192270774738,"C21 H32 O10"
"X5557_NEG_12_445.041262362789",5557,"NEG",12,445.041525166737,445.041262362789,445.04124943374,"C20 H14 O12"
"X5558_NEG_12_445.077625991534",5558,"NEG",12,445.077892465416,445.077625991534,445.077634943089,"C21 H18 O11"
"X5559_NEG_12_445.113999015804",5559,"NEG",12,445.114261979325,445.113999015804,445.114020452439,"C22 H22 O10"
"X5560_NEG_12_445.135148425979",5560,"NEG",12,445.135403766259,445.135148425979,445.135149820499,"C19 H26 O12"
"X5561_NEG_12_445.150402140855",5561,"NEG",12,445.150667098196,445.150402140855,445.150405961788,"C23 H26 O9"
"X5562_NEG_12_445.171551151325",5562,"NEG",12,445.171825748471,445.171551151325,445.171535329849,"C20 H30 O11"
"X5564_NEG_12_447.020506928081",5564,"NEG",12,447.020763644147,447.020506928081,447.020513988849,"C19 H12 O13"
"X5565_NEG_12_447.056886015413",5565,"NEG",12,447.057158924491,447.056886015413,447.0568994982,"C20 H16 O12"
"X5566_NEG_12_447.09319524299",5566,"NEG",12,447.093468604897,447.09319524299,447.093285007548,"C21 H20 O11"
"X5567_NEG_12_447.129642843814",5567,"NEG",12,447.129918543986,447.129642843814,447.1296705169,"C22 H24 O10"
"X5568_NEG_12_447.166038005153",5568,"NEG",12,447.166314070198,447.166038005153,447.166056026248,"C23 H28 O9"
"X5570_NEG_12_449.036157723172",5570,"NEG",12,449.036418834442,449.036157723172,449.036164053309,"C19 H14 O13"
"X5571_NEG_12_449.072563050841",5571,"NEG",12,449.072838362315,449.072563050841,449.072549562659,"C20 H18 O12"
"X5572_NEG_12_449.108921396759",5572,"NEG",12,449.109200855112,449.108921396759,449.108935072008,"C21 H22 O11"
"X5573_NEG_12_449.145311513245",5573,"NEG",12,449.145591839991,449.145311513245,449.145320581359,"C22 H26 O10"
"X5574_NEG_12_449.181696205831",5574,"NEG",12,449.181976148134,449.181696205831,449.18170609071,"C23 H30 O9"
"X5575_NEG_12_451.05182255368",5575,"NEG",12,451.052089644337,451.05182255368,451.05181411777,"C19 H16 O13"
"X5576_NEG_12_451.088200489643",5576,"NEG",12,451.088479819183,451.088200489643,451.08819962712,"C20 H20 O12"
"X5577_NEG_12_451.12457310792",5577,"NEG",12,451.12485561635,451.12457310792,451.124585136467,"C21 H24 O11"
"X5578_NEG_12_451.160974101393",5578,"NEG",12,451.161257046995,451.160974101393,451.160970645819,"C22 H28 O10"
"X5579_NEG_12_451.197354519683",5579,"NEG",12,451.197636373308,451.197354519683,451.19735615517,"C23 H32 O9"
"X5580_NEG_12_453.067486026623",5580,"NEG",12,453.067754454785,453.067486026623,453.06746418223,"C19 H18 O13"
"X5581_NEG_12_453.103849979137",5581,"NEG",12,453.104132406012,453.103849979137,453.103849691579,"C20 H22 O12"
"X5582_NEG_12_453.140241233543",5582,"NEG",12,453.140526304871,453.140241233543,453.14023520093,"C21 H26 O11"
"X5583_NEG_12_453.176626752544",5583,"NEG",12,453.176911216245,453.176626752544,453.176620710278,"C22 H30 O10"
"X5584_NEG_12_453.212983576957",5584,"NEG",12,453.213272438937,453.212983576957,453.213006219629,"C23 H34 O9"
"X5585_NEG_12_455.025571241995",5585,"NEG",12,455.025833507804,455.025571241995,455.025599369279,"C21 H12 O12"
"X5587_NEG_12_455.08309504093",5587,"NEG",12,455.083364123588,455.08309504093,455.083114246689,"C19 H20 O13"
"X5588_NEG_12_455.119517284665",5588,"NEG",12,455.119801760886,455.119517284665,455.119499756038,"C20 H24 O12"
"X5589_NEG_12_455.155892115559",5589,"NEG",12,455.156178418763,455.155892115559,455.15588526539,"C21 H28 O11"
"X5590_NEG_12_455.192279510526",5590,"NEG",12,455.192563556436,455.192279510526,455.192270774738,"C22 H32 O10"
"X5591_NEG_12_457.041226838498",5591,"NEG",12,457.041492577738,457.041226838498,457.041249433739,"C21 H14 O12"
"X5592_NEG_12_457.077608763953",5592,"NEG",12,457.077871789519,457.077608763953,457.077634943089,"C22 H18 O11"
"X5594_NEG_12_457.113963229428",5594,"NEG",12,457.114226295271,457.113963229428,457.11402045244,"C23 H22 O10"
"X5595_NEG_12_457.135153715713",5595,"NEG",12,457.135435960627,457.135153715713,457.135149820499,"C20 H26 O12"
"X5596_NEG_12_457.171545467412",5596,"NEG",12,457.171831629913,457.171545467412,457.171535329849,"C21 H30 O11"
"X5597_NEG_12_457.207930668458",5597,"NEG",12,457.208233386031,457.207930668458,457.207920839199,"C22 H34 O10"
"X5598_NEG_12_459.020507779678",5598,"NEG",12,459.020772202128,459.020507779678,459.020513988849,"C20 H12 O13"
"X5599_NEG_12_459.056882382705",5599,"NEG",12,459.057157975329,459.056882382705,459.056899498199,"C21 H16 O12"
"X5600_NEG_12_459.093216181421",5600,"NEG",12,459.093486684108,459.093216181421,459.093285007549,"C22 H20 O11"
"X5601_NEG_12_459.129645653504",5601,"NEG",12,459.12991304054,459.129645653504,459.129670516899,"C23 H24 O10"
"X5602_NEG_12_459.150803963428",5602,"NEG",12,459.151070082953,459.150803963428,459.150799884959,"C20 H28 O12"
"X5604_NEG_12_459.187197575694",5604,"NEG",12,459.187495309336,459.187197575694,459.187185394309,"C21 H32 O11"
"X5605_NEG_12_461.036187157021",5605,"NEG",12,461.036457220952,461.036187157021,461.036164053309,"C20 H14 O13"
"X5606_NEG_12_461.072563350076",5606,"NEG",12,461.072846711937,461.072563350076,461.072549562659,"C21 H18 O12"
"X5607_NEG_12_461.10891141565",5607,"NEG",12,461.109193975817,461.10891141565,461.108935072009,"C22 H22 O11"
"X5608_NEG_12_461.145294052885",5608,"NEG",12,461.145582657238,461.145294052885,461.145320581359,"C23 H26 O10"
"X5609_NEG_12_461.181701669477",5609,"NEG",12,461.181987919314,461.181701669477,461.18170609071,"C24 H30 O9"
"X5611_NEG_12_463.051839969453",5611,"NEG",12,463.05211951539,463.051839969453,463.05181411777,"C20 H16 O13"
"X5612_NEG_12_463.088205960505",5612,"NEG",12,463.088496088056,463.088205960505,463.08819962712,"C21 H20 O12"
"X5613_NEG_12_463.124571845754",5613,"NEG",12,463.12486551672,463.124571845754,463.124585136468,"C22 H24 O11"
"X5614_NEG_12_463.160899710153",5614,"NEG",12,463.161192856752,463.160899710153,463.160970645819,"C23 H28 O10"
"X5615_NEG_12_463.197371964546",5615,"NEG",12,463.197664334617,463.197371964546,463.197356155169,"C24 H32 O9"
"X5617_NEG_12_465.067460120763",5617,"NEG",12,465.067742218994,465.067460120763,465.067464182229,"C20 H18 O13"
"X5618_NEG_12_465.103817438533",5618,"NEG",12,465.104111338127,465.103817438533,465.103849691579,"C21 H22 O12"
"X5619_NEG_12_465.140202785957",5619,"NEG",12,465.140499494945,465.140202785957,465.14023520093,"C22 H26 O11"
"X5620_NEG_12_465.176599130904",5620,"NEG",12,465.176895558229,465.176599130904,465.176620710278,"C23 H30 O10"
"X5621_NEG_12_465.212983712357",5621,"NEG",12,465.213285288768,465.212983712357,465.213006219629,"C24 H34 O9"
"X5624_NEG_12_467.046741653566",5624,"NEG",12,467.047010838417,467.046741653566,467.046728737339,"C19 H16 O14"
"X5625_NEG_12_467.083090959671",5625,"NEG",12,467.083373468988,467.083090959671,467.083114246689,"C20 H20 O13"
"X5626_NEG_12_467.119480882636",5626,"NEG",12,467.119778826199,467.119480882636,467.119499756038,"C21 H24 O12"
"X5627_NEG_12_467.155808888515",5627,"NEG",12,467.156105140233,467.155808888515,467.15588526539,"C22 H28 O11"
"X5628_NEG_12_467.192263112548",5628,"NEG",12,467.192560052719,467.192263112548,467.192270774738,"C23 H32 O10"
"X5629_NEG_12_469.041179306467",5629,"NEG",12,469.041450287271,469.041179306467,469.041249433739,"C22 H14 O12"
"X5630_NEG_12_469.062357768899",5630,"NEG",12,469.062625757303,469.062357768899,469.062378801799,"C19 H18 O14"
"X5632_NEG_12_469.098754921148",5632,"NEG",12,469.09904344899,469.098754921148,469.098764311149,"C20 H22 O13"
"X5633_NEG_12_469.135156192868",5633,"NEG",12,469.135455386209,469.135156192868,469.135149820498,"C21 H26 O12"
"X5634_NEG_12_469.171510502558",5634,"NEG",12,469.171810096576,469.171510502558,469.171535329849,"C22 H30 O11"
"X5636_NEG_12_471.056847107958",5636,"NEG",12,471.057123245232,471.056847107958,471.056899498199,"C22 H16 O12"
"X5637_NEG_12_471.093245328467",5637,"NEG",12,471.093515909303,471.093245328467,471.093285007549,"C23 H20 O11"
"X5638_NEG_12_471.114402606126",5638,"NEG",12,471.114686322936,471.114402606126,471.114414375609,"C20 H24 O13"
"X5639_NEG_12_471.150793557682",5639,"NEG",12,471.151089487197,471.150793557682,471.150799884958,"C21 H28 O12"
"X5640_NEG_12_471.187170459926",5640,"NEG",12,471.187460205727,471.187170459926,471.187185394309,"C22 H32 O11"
"X5641_NEG_12_473.036137381921",5641,"NEG",12,473.036412116537,473.036137381921,473.036164053309,"C21 H14 O13"
"X5642_NEG_12_473.072522441635",5642,"NEG",12,473.072817415708,473.072522441635,473.072549562659,"C22 H18 O12"
"X5643_NEG_12_473.108898814629",5643,"NEG",12,473.109175748604,473.108898814629,473.108935072009,"C23 H22 O11"
"X5644_NEG_12_473.130087340156",5644,"NEG",12,473.130359779636,473.130087340156,473.130064440069,"C20 H26 O13"
"X5647_NEG_12_475.05180757873",5647,"NEG",12,475.052093799327,475.05180757873,475.05181411777,"C21 H16 O13"
"X5648_NEG_12_475.088184578175",5648,"NEG",12,475.088476632194,475.088184578175,475.088199627119,"C22 H20 O12"
"X5649_NEG_12_475.124510776997",5649,"NEG",12,475.12479820926,475.124510776997,475.124585136469,"C23 H24 O11"
"X5650_NEG_12_475.160913933878",5650,"NEG",12,475.161209651454,475.160913933878,475.160970645819,"C24 H28 O10"
"X5651_NEG_12_477.067472030744",5651,"NEG",12,477.06776627213,477.067472030744,477.067464182229,"C21 H18 O13"
"X5652_NEG_12_477.103818254874",5652,"NEG",12,477.104118529465,477.103818254874,477.103849691579,"C22 H22 O12"
"X5653_NEG_12_477.176595749139",5653,"NEG",12,477.176901031706,477.176595749139,477.176620710278,"C24 H30 O10"
"X5654_NEG_12_479.083099674408",5654,"NEG",12,479.083394699944,479.083099674408,479.083114246689,"C21 H20 O13"
"X5655_NEG_12_479.119487953917",5655,"NEG",12,479.119795431533,479.119487953917,479.119499756038,"C22 H24 O12"
"X5656_NEG_12_479.155866005726",5656,"NEG",12,479.156176258876,479.155866005726,479.15588526539,"C23 H28 O11"
"X5657_NEG_12_479.192261430173",5657,"NEG",12,479.192569376948,479.192261430173,479.192270774738,"C24 H32 O10"
"X5658_NEG_12_481.062353348298",5658,"NEG",12,481.06263553457,481.062353348298,481.062378801799,"C20 H18 O14"
"X5659_NEG_12_481.09876230755",5659,"NEG",12,481.09906245389,481.09876230755,481.098764311149,"C21 H22 O13"
"X5660_NEG_12_481.138568439007",5660,"NEG",12,481.138892809479,481.138568439007,481.138521123818,"C19 H30 O12 S1"
"X5661_NEG_12_481.171522736662",5661,"NEG",12,481.171834811574,481.171522736662,481.171535329849,"C23 H30 O11"
"X5662_NEG_12_481.207908325319",5662,"NEG",12,481.208213737702,481.207908325319,481.207920839199,"C24 H34 O10"
"X5663_NEG_12_483.05685324492",5663,"NEG",12,483.057131760749,483.05685324492,483.056899498199,"C23 H16 O12"
"X5664_NEG_12_483.078064556584",5664,"NEG",12,483.078344616539,483.078064556584,483.078028866259,"C20 H20 O14"
"X5665_NEG_12_483.114411383439",5665,"NEG",12,483.114713099454,483.114411383439,483.11441437561,"C21 H24 O13"
"X5666_NEG_12_483.150794594644",5666,"NEG",12,483.151105486968,483.150794594644,483.150799884958,"C22 H28 O12"
"X5667_NEG_12_483.187191895233",5667,"NEG",12,483.187499811277,483.187191895233,483.187185394309,"C23 H32 O11"
"X5668_NEG_12_485.036116150608",5668,"NEG",12,485.036397381674,485.036116150608,485.036164053309,"C22 H14 O13"
"X5671_NEG_12_485.130103134687",5671,"NEG",12,485.130400403343,485.130103134687,485.130064440069,"C21 H26 O13"
"X5672_NEG_12_485.138639961544",5672,"NEG",12,485.13895044023,485.138639961544,485.138795905909,"C24 H26 O7 N2 S1"
"X5673_NEG_12_485.166442213852",5673,"NEG",12,485.166741232956,485.166442213852,485.166449949419,"C22 H30 O12"
"X5675_NEG_12_487.051778764852",5675,"NEG",12,487.05206638884,487.051778764852,487.05181411777,"C22 H16 O13"
"X5676_NEG_12_487.088159660751",5676,"NEG",12,487.088443102231,487.088159660751,487.088199627119,"C23 H20 O12"
"X5677_NEG_12_487.124545714945",5677,"NEG",12,487.124825061056,487.124545714945,487.124585136469,"C24 H24 O11"
"X5678_NEG_12_487.139168449332",5678,"NEG",12,487.139489446376,487.139168449332,487.13918982908,"C20 H28 O10 N2 S1"
"X5680_NEG_12_489.031110060049",5680,"NEG",12,489.031392854271,489.031110060049,489.031078672879,"C21 H14 O14"
"X5681_NEG_12_489.067458142144",5681,"NEG",12,489.067758725634,489.067458142144,489.067464182229,"C22 H18 O13"
"X5682_NEG_12_489.103816057352",5682,"NEG",12,489.104108028647,489.103816057352,489.103849691579,"C23 H22 O12"
"X5683_NEG_12_489.176570955325",5683,"NEG",12,489.176865283287,489.176570955325,489.176620710279,"C25 H30 O10"
"X5684_NEG_12_491.046741701948",5684,"NEG",12,491.047028470645,491.046741701948,491.046728737339,"C21 H16 O14"
"X5685_NEG_12_491.083089680269",5685,"NEG",12,491.083391288522,491.083089680269,491.083114246689,"C22 H20 O13"
"X5686_NEG_12_491.119447252077",5686,"NEG",12,491.119755381596,491.119447252077,491.119499756038,"C23 H24 O12"
"X5687_NEG_12_491.155829809884",5687,"NEG",12,491.156145619858,491.155829809884,491.15588526539,"C24 H28 O11"
"X5688_NEG_12_491.192224222551",5688,"NEG",12,491.192541061808,491.192224222551,491.192270774739,"C25 H32 O10"
"X5689_NEG_12_493.062382410016",5689,"NEG",12,493.062677815137,493.062382410016,493.062378801799,"C21 H18 O14"
"X5690_NEG_12_493.098724152636",5690,"NEG",12,493.099030200186,493.098724152636,493.098764311149,"C22 H22 O13"
"X5691_NEG_12_493.13513087496",5691,"NEG",12,493.135450271336,493.13513087496,493.135149820498,"C23 H26 O12"
"X5692_NEG_12_493.171487620956",5692,"NEG",12,493.171809200969,493.171487620956,493.171535329849,"C24 H30 O11"
"X5693_NEG_12_493.207928577527",5693,"NEG",12,493.208246621109,493.207928577527,493.207920839199,"C25 H34 O10"
"X5695_NEG_12_495.07805560231",5695,"NEG",12,495.078345515192,495.07805560231,495.07802886626,"C21 H20 O14"
"X5696_NEG_12_495.114375375617",5696,"NEG",12,495.114689585002,495.114375375617,495.11441437561,"C22 H24 O13"
"X5697_NEG_12_495.150736231055",5697,"NEG",12,495.15105881228,495.150736231055,495.150799884958,"C23 H28 O12"
"X5698_NEG_12_495.187153508418",5698,"NEG",12,495.187474940785,495.187153508418,495.187185394309,"C24 H32 O11"
"X5700_NEG_12_497.09364997115",5700,"NEG",12,497.093943513409,497.09364997115,497.093678930719,"C21 H22 O14"
"X5701_NEG_12_497.130001606687",5701,"NEG",12,497.130317362816,497.130001606687,497.130064440069,"C22 H26 O13"
"X5702_NEG_12_497.166457916532",5702,"NEG",12,497.166782380135,497.166457916532,497.16644994942,"C23 H30 O12"
"X5703_NEG_12_497.202818424456",5703,"NEG",12,497.203117637118,497.202818424456,497.202835458769,"C24 H34 O11"
"X5704_NEG_12_499.051760572208",5704,"NEG",12,499.052053084665,499.051760572208,499.05181411777,"C23 H16 O13"
"X5705_NEG_12_499.088142957862",5705,"NEG",12,499.088428983459,499.088142957862,499.088199627119,"C24 H20 O12"
"X5706_NEG_12_499.145707803968",5706,"NEG",12,499.14600749637,499.145707803968,499.145714504529,"C22 H28 O13"
"X5707_NEG_12_499.182084309982",5707,"NEG",12,499.182378858718,499.182084309982,499.182100013879,"C23 H32 O12"
"X5708_NEG_12_501.031034775776",5708,"NEG",12,501.031323583646,501.031034775776,501.031078672879,"C22 H14 O14"
"X5709_NEG_12_501.067394475089",5709,"NEG",12,501.067689794936,501.067394475089,501.067464182229,"C23 H18 O13"
"X5710_NEG_12_501.103800385214",5710,"NEG",12,501.104089193886,501.103800385214,501.103849691579,"C24 H22 O12"
"X5713_NEG_12_503.046738068584",5713,"NEG",12,503.047030925437,503.046738068584,503.046728737339,"C22 H16 O14"
"X5714_NEG_12_503.083089625692",5714,"NEG",12,503.083400476327,503.083089625692,503.083114246689,"C23 H20 O13"
"X5715_NEG_12_503.119434623265",5715,"NEG",12,503.119727918053,503.119434623265,503.119499756039,"C24 H24 O12"
"X5718_NEG_12_505.06235548197",5718,"NEG",12,505.062656862687,505.06235548197,505.062378801799,"C22 H18 O14"
"X5719_NEG_12_505.098748304414",5719,"NEG",12,505.099062392657,505.098748304414,505.098764311149,"C23 H22 O13"
"X5720_NEG_12_505.135092325145",5720,"NEG",12,505.135415088448,505.135092325145,505.135149820499,"C24 H26 O12"
"X5722_NEG_12_507.078007259023",5722,"NEG",12,507.078310643418,507.078007259023,507.07802886626,"C22 H20 O14"
"X5723_NEG_12_507.114377532346",5723,"NEG",12,507.114688160085,507.114377532346,507.114414375609,"C23 H24 O13"
"X5724_NEG_12_507.150726281987",5724,"NEG",12,507.151049682911,507.150726281987,507.150799884958,"C24 H28 O12"
"X5725_NEG_12_507.187114671115",5725,"NEG",12,507.187437559399,507.187114671115,507.187185394309,"C25 H32 O11"
"X5726_NEG_12_509.05729866795",5726,"NEG",12,509.057588719809,509.05729866795,509.057293421369,"C21 H18 O15"
"X5727_NEG_12_509.093648770685",5727,"NEG",12,509.093954806975,509.093648770685,509.09367893072,"C22 H22 O14"
"X5729_NEG_12_509.166397409617",5729,"NEG",12,509.166724561765,509.166397409617,509.166449949419,"C24 H30 O12"
"X5733_NEG_12_511.109311449154",5733,"NEG",12,511.10961810026,511.109311449154,511.109328995179,"C22 H24 O14"
"X5734_NEG_12_511.145652660716",5734,"NEG",12,511.145974956531,511.145652660716,511.145714504528,"C23 H28 O13"
"X5735_NEG_12_511.182043151241",5735,"NEG",12,511.18236044361,511.182043151241,511.18210001388,"C24 H32 O12"
"X5737_NEG_12_513.067406363186",5737,"NEG",12,513.06770342095,513.067406363186,513.067464182229,"C24 H18 O13"
"X5739_NEG_12_513.161347619684",5739,"NEG",12,513.161646995208,513.161347619684,513.161364568989,"C23 H30 O13"
"X5741_NEG_12_515.046701461152",5741,"NEG",12,515.047002259806,515.046701461152,515.046728737339,"C23 H16 O14"
"X5742_NEG_12_515.083068203343",5742,"NEG",12,515.083365130387,515.083068203343,515.083114246689,"C24 H20 O13"
"X5745_NEG_12_517.062356147544",5745,"NEG",12,517.062659740834,517.062356147544,517.062378801799,"C23 H18 O14"
"X5746_NEG_12_517.098708116661",5746,"NEG",12,517.099011200808,517.098708116661,517.098764311149,"C24 H22 O13"
"X5749_NEG_12_519.041630478541",5749,"NEG",12,519.041923344589,519.041630478541,519.041643356909,"C22 H16 O15"
"X5750_NEG_12_519.078031526727",5750,"NEG",12,519.07834004547,519.078031526727,519.078028866258,"C23 H20 O14"
"X5751_NEG_12_519.114373832167",5751,"NEG",12,519.114679092827,519.114373832167,519.114414375609,"C24 H24 O13"
"X5753_NEG_12_519.15069452184",5753,"NEG",12,519.151002075474,519.15069452184,519.150799884959,"C25 H28 O12"
"X5755_NEG_12_521.057294615874",5755,"NEG",12,521.057593380523,521.057294615874,521.057293421369,"C22 H18 O15"
"X5756_NEG_12_521.093664981211",5756,"NEG",12,521.093975194614,521.093664981211,521.09367893072,"C23 H22 O14"
"X5757_NEG_12_521.130002435537",5757,"NEG",12,521.130316516443,521.130002435537,521.130064440069,"C24 H26 O13"
"X5758_NEG_12_521.166386758587",5758,"NEG",12,521.166710122924,521.166386758587,521.166449949419,"C25 H30 O12"
"X5759_NEG_12_523.072927386023",5759,"NEG",12,523.073228625841,523.072927386023,523.072943485829,"C22 H20 O15"
"X5760_NEG_12_523.109251488425",5760,"NEG",12,523.109556925438,523.109251488425,523.109328995179,"C23 H24 O14"
"X5761_NEG_12_523.145649890591",5761,"NEG",12,523.14597171177,523.145649890591,523.145714504529,"C24 H28 O13"
"X5762_NEG_12_523.182053978384",5762,"NEG",12,523.182382887375,523.182053978384,523.18210001388,"C25 H32 O12"
"X5764_NEG_12_525.125007827631",5764,"NEG",12,525.125325391083,525.125007827631,525.124979059639,"C23 H26 O14"
"X5765_NEG_12_525.16132588782",5765,"NEG",12,525.161644939282,525.16132588782,525.161364568989,"C24 H30 O13"
"X5767_NEG_12_527.083065884849",5767,"NEG",12,527.083365768796,527.083065884849,527.083114246689,"C25 H20 O13"
"X5770_NEG_12_529.062351779245",5770,"NEG",12,529.062655351263,529.062351779245,529.062378801799,"C24 H18 O14"
"X5771_NEG_12_529.098790751354",5771,"NEG",12,529.099091227916,529.098790751354,529.098764311149,"C25 H22 O13"
"X5773_NEG_12_531.041627497406",5773,"NEG",12,531.041925022422,531.041627497406,531.041643356909,"C23 H16 O15"
"X5774_NEG_12_531.077966813645",5774,"NEG",12,531.078277952231,531.077966813645,531.078028866258,"C24 H20 O14"
"X5775_NEG_12_531.114368418155",5775,"NEG",12,531.114669419188,531.114368418155,531.114414375609,"C25 H24 O13"
"X5777_NEG_12_533.057281066686",5777,"NEG",12,533.057586614662,533.057281066686,533.057293421369,"C23 H18 O15"
"X5778_NEG_12_533.093621592277",5778,"NEG",12,533.093929676941,533.093621592277,533.093678930719,"C24 H22 O14"
"X5779_NEG_12_533.129973183676",5779,"NEG",12,533.130281811635,533.129973183676,533.130064440069,"C25 H26 O13"
"X5781_NEG_12_535.072942582638",5781,"NEG",12,535.073247001092,535.072942582638,535.072943485829,"C23 H20 O15"
"X5782_NEG_12_535.109277006204",5782,"NEG",12,535.109593059493,535.109277006204,535.109328995179,"C24 H24 O14"
"X5784_NEG_12_535.182065432442",5784,"NEG",12,535.182387829513,535.182065432442,535.182100013879,"C26 H32 O12"
"X5785_NEG_12_537.08861952512",5785,"NEG",12,537.088928662899,537.08861952512,537.088593550289,"C23 H22 O15"
"X5786_NEG_12_537.124925226888",5786,"NEG",12,537.125229658837,537.124925226888,537.124979059639,"C24 H26 O14"
"X5789_NEG_12_539.104278750454",5789,"NEG",12,539.10457329102,539.104278750454,539.104243614749,"C23 H24 O15"
"X5790_NEG_12_539.140619472607",5790,"NEG",12,539.140931439642,539.140619472607,539.140629124099,"C24 H28 O14"
"X5797_NEG_12_543.078033116156",5797,"NEG",12,543.078343136401,543.078033116156,543.078028866259,"C25 H20 O14"
"X5799_NEG_12_545.093616308",5799,"NEG",12,545.093927608372,545.093616308,545.093678930719,"C25 H22 O14"
"X5801_NEG_12_547.072982005563",5801,"NEG",12,547.073295058931,547.072982005563,547.072943485829,"C24 H20 O15"
"X5802_NEG_12_547.109312042668",5802,"NEG",12,547.109626905286,547.109312042668,547.109328995179,"C25 H24 O14"
"X5805_NEG_12_549.088576930525",5805,"NEG",12,549.088887321228,549.088576930525,549.088593550289,"C24 H22 O15"
"X5806_NEG_12_549.12494205734",5806,"NEG",12,549.125251018778,549.12494205734,549.124979059639,"C25 H26 O14"
"X5808_NEG_12_551.104265571035",5808,"NEG",12,551.104571782833,551.104265571035,551.104243614749,"C24 H24 O15"
"X5809_NEG_12_551.140611000656",5809,"NEG",12,551.140920816987,551.140611000656,551.140629124099,"C25 H28 O14"
"X5814_NEG_12_557.093678739451",5814,"NEG",12,557.093988423472,557.093678739451,557.093678930719,"C26 H22 O14"
"X5815_NEG_12_559.072934365348",5815,"NEG",12,559.073241219056,559.072934365348,559.072943485829,"C25 H20 O15"
"X5816_NEG_12_559.109282564671",5816,"NEG",12,559.109597570758,559.109282564671,559.109328995179,"C26 H24 O14"
"X5819_NEG_12_561.088522351",5819,"NEG",12,561.088839054385,561.088522351,561.088593550289,"C25 H22 O15"
"X5823_NEG_12_563.104195220432",5823,"NEG",12,563.104503515085,563.104195220432,563.104243614749,"C25 H24 O15"
"X5831_NEG_12_573.088533492741",5831,"NEG",12,573.08884781949,573.088533492741,573.088593550289,"C26 H22 O15"
"X5832_NEG_12_575.06790549289",5832,"NEG",12,575.068218975249,575.06790549289,575.067858105399,"C25 H20 O16"
"X5833_NEG_12_575.104189376862",5833,"NEG",12,575.104507573139,575.104189376862,575.104243614749,"C26 H24 O15"
"X5845_NEG_12_589.083458228093",5845,"NEG",12,589.083775599429,589.083458228093,589.083508169859,"C26 H22 O16"
"X5847_NEG_12_591.099134393329",5847,"NEG",12,591.099440075562,591.099134393329,591.099158234319,"C26 H24 O16"
"X5864_NEG_13_139.040101930929",5864,"NEG",13,139.040044194947,139.040101930929,139.040067664229,"C7 H8 O3"
"X5865_NEG_13_139.076483310047",5865,"NEG",13,139.076426005947,139.076483310047,139.076453173579,"C8 H12 O2"
"X5867_NEG_13_150.001941937422",5867,"NEG",13,150.001896284142,150.001941937422,150.001908507229,"C7 H5 O1 N1 S1"
"X5868_NEG_13_153.055752940384",5868,"NEG",13,153.055709817802,153.055752940384,153.055717728689,"C8 H10 O3"
"X5869_NEG_13_155.035017221894",5869,"NEG",13,155.034978432964,155.035017221894,155.034982283799,"C7 H8 O4"
"X5871_NEG_13_165.092080747711",5871,"NEG",13,165.09205138882,165.092080747711,165.092103238039,"C10 H14 O2"
"X5872_NEG_13_169.014228345287",5872,"NEG",13,169.014202104953,169.014228345287,169.014246838909,"C7 H6 O5"
"X5873_NEG_13_171.029868629397",5873,"NEG",13,171.029847167582,171.029868629397,171.029896903369,"C7 H8 O5"
"X5874_NEG_13_172.04039166586",5874,"NEG",13,172.040370345277,172.04039166586,172.040402016859,"C10 H7 O2 N1"
"X5875_NEG_13_173.024408359813",5875,"NEG",13,173.024388817699,173.024408359813,173.024417599769,"C10 H6 O3"
"X5876_NEG_13_177.092078479998",5876,"NEG",13,177.092063418995,177.092078479998,177.092103238039,"C11 H14 O2"
"X5878_NEG_13_179.107739157103",5878,"NEG",13,179.10772748943,179.107739157103,179.107753302499,"C11 H16 O2"
"X5881_NEG_13_182.009485934004",5881,"NEG",13,182.009478722337,182.009485934004,182.009495811109,"C7 H5 O5 N1"
"X5882_NEG_13_185.045545540849",5882,"NEG",13,185.045541185974,185.045545540849,185.045546967829,"C8 H10 O5"
"X5885_NEG_13_189.113213420721",5885,"NEG",13,189.113215349607,189.113213420721,189.113232606099,"C9 H18 O4"
"X5886_NEG_13_191.071368980998",5886,"NEG",13,191.071373180773,191.071368980998,191.071367793149,"C11 H12 O3"
"X5887_NEG_13_193.014229527656",5887,"NEG",13,193.01423439964,193.014229527656,193.014246838909,"C9 H6 O5"
"X5888_NEG_13_193.087013843389",5888,"NEG",13,193.08702065989,193.087013843389,193.087017857609,"C11 H14 O3"
"X5889_NEG_13_195.029876781943",5889,"NEG",13,195.029885919019,195.029876781943,195.029896903369,"C9 H8 O5"
"X5890_NEG_13_195.102649853833",5890,"NEG",13,195.102658797895,195.102649853833,195.10266792207,"C11 H16 O3"
"X5891_NEG_13_197.04554715547",5891,"NEG",13,197.045558156969,197.04554715547,197.045546967829,"C9 H10 O5"
"X5892_NEG_13_199.018259363836",5892,"NEG",13,199.018273471045,199.018259363836,199.018286847489,"C7 H8 O3 N2 S1"
"X5893_NEG_13_199.061167252937",5893,"NEG",13,199.061181621257,199.061167252937,199.061197032289,"C9 H12 O5"
"X5895_NEG_13_203.034959984703",5895,"NEG",13,203.034978339268,203.034959984703,203.034982283799,"C11 H8 O4"
"X5896_NEG_13_203.071352284194",5896,"NEG",13,203.071371120917,203.071352284194,203.071367793149,"C12 H12 O3"
"X5897_NEG_13_204.066596625029",5897,"NEG",13,204.066616598998,204.066596625029,204.066616765349,"C11 H11 O3 N1"
"X5898_NEG_13_205.014228087626",5898,"NEG",13,205.014249209279,205.014228087626,205.014246838909,"C10 H6 O5"
"X5899_NEG_13_205.050605474065",5899,"NEG",13,205.050626744267,205.050605474065,205.050632348259,"C11 H10 O4"
"X5900_NEG_13_205.086995287175",5900,"NEG",13,205.087016261656,205.086995287175,205.087017857609,"C12 H14 O3"
"X5901_NEG_13_205.12340614314",5901,"NEG",13,205.123425198717,205.12340614314,205.123403366959,"C13 H18 O2"
"X5903_NEG_13_207.066269645584",5903,"NEG",13,207.066293301501,207.066269645584,207.066282412719,"C11 H12 O4"
"X5904_NEG_13_207.102652176009",5904,"NEG",13,207.102675192208,207.102652176009,207.102667922069,"C12 H16 O3"
"X5905_NEG_13_209.009163357959",5905,"NEG",13,209.009190788755,209.009163357959,209.009161458479,"C9 H6 O6"
"X5906_NEG_13_209.118295386091",5906,"NEG",13,209.118321421506,209.118295386091,209.118317986529,"C12 H18 O3"
"X5907_NEG_13_211.024803061731",5907,"NEG",13,211.024831709479,211.024803061731,211.024811522939,"C9 H8 O6"
"X5908_NEG_13_211.061173143801",5908,"NEG",13,211.061200993416,211.061173143801,211.06119703229,"C10 H12 O5"
"X5910_NEG_13_213.149609654834",5910,"NEG",13,213.149640168036,213.149609654834,213.149618115449,"C12 H22 O3"
"X5911_NEG_13_217.05061068284",5911,"NEG",13,217.050645917542,217.05061068284,217.050632348259,"C12 H10 O4"
"X5912_NEG_13_217.053989917657",5912,"NEG",13,217.054022499087,217.053989917657,217.054003651579,"C9 H14 O4 S1"
"X5913_NEG_13_217.086996711386",5913,"NEG",13,217.087031697271,217.086996711386,217.087017857609,"C13 H14 O3"
"X5914_NEG_13_219.029887147226",5914,"NEG",13,219.029925071628,219.029887147226,219.029896903369,"C11 H8 O5"
"X5915_NEG_13_219.066258395903",5915,"NEG",13,219.066296272662,219.066258395903,219.066282412719,"C12 H12 O4"
"X5916_NEG_13_219.102644449205",5916,"NEG",13,219.102682346704,219.102644449205,219.102667922069,"C13 H16 O3"
"X5917_NEG_13_221.009144414249",5917,"NEG",13,221.009185262923,221.009144414249,221.009161458479,"C10 H6 O6"
"X5918_NEG_13_221.045524264088",5918,"NEG",13,221.045564518189,221.045524264088,221.045546967828,"C11 H10 O5"
"X5919_NEG_13_221.118294834313",5919,"NEG",13,221.118334554334,221.118294834313,221.118317986529,"C13 H18 O3"
"X5920_NEG_13_223.024792476966",5920,"NEG",13,223.024835538481,223.024792476966,223.024811522939,"C10 H8 O6"
"X5921_NEG_13_223.061174246659",5921,"NEG",13,223.061216681452,223.061174246659,223.06119703229,"C11 H12 O5"
"X5922_NEG_13_223.133949366487",5922,"NEG",13,223.133990331479,223.133949366487,223.133968050989,"C13 H20 O3"
"X5924_NEG_13_225.040425233822",5924,"NEG",13,225.040471390847,225.040425233822,225.040461587399,"C10 H10 O6"
"X5925_NEG_13_225.0768269244",5925,"NEG",13,225.07687172681,225.0768269244,225.076847096749,"C11 H14 O5"
"X5927_NEG_13_231.029874857721",5927,"NEG",13,231.029925766457,231.029874857721,231.029896903369,"C12 H8 O5"
"X5928_NEG_13_231.066256375458",5928,"NEG",13,231.066308341699,231.066256375458,231.066282412719,"C13 H12 O4"
"X5930_NEG_13_231.102652600117",5930,"NEG",13,231.102704197048,231.102652600117,231.102667922069,"C14 H16 O3"
"X5931_NEG_13_233.009140047028",5931,"NEG",13,233.009195091871,233.009140047028,233.009161458479,"C11 H6 O6"
"X5932_NEG_13_233.04552342911",5932,"NEG",13,233.045577673473,233.04552342911,233.045546967828,"C12 H10 O5"
"X5933_NEG_13_233.081908940998",5933,"NEG",13,233.081963270222,233.081908940998,233.081932477179,"C13 H14 O4"
"X5934_NEG_13_233.118301444063",5934,"NEG",13,233.118355741347,233.118301444063,233.118317986529,"C14 H18 O3"
"X5935_NEG_13_235.024785964952",5935,"NEG",13,235.024842582335,235.024785964952,235.024811522939,"C11 H8 O6"
"X5936_NEG_13_235.061166118561",5936,"NEG",13,235.061222703192,235.061166118561,235.06119703229,"C12 H12 O5"
"X5937_NEG_13_235.097559736323",5937,"NEG",13,235.097616509877,235.097559736323,235.097582541639,"C13 H16 O4"
"X5938_NEG_13_235.133944337887",5938,"NEG",13,235.134000959109,235.133944337887,235.133968050988,"C14 H20 O3"
"X5939_NEG_13_237.040439177197",5939,"NEG",13,237.040497976062,237.040439177197,237.040461587399,"C11 H10 O6"
"X5940_NEG_13_237.113202547668",5940,"NEG",13,237.113261438889,237.113202547668,237.113232606099,"C13 H18 O4"
"X5941_NEG_13_239.019701725026",5941,"NEG",13,239.019766184165,239.019701725026,239.019726142509,"C10 H8 O7"
"X5942_NEG_13_239.038328247588",5942,"NEG",13,239.038387913621,239.038328247588,239.038353587119,"C11 H12 O4 S1"
"X5944_NEG_13_241.144512604748",5944,"NEG",13,241.144575357809,241.144512604748,241.144532735019,"C13 H22 O4"
"X5945_NEG_13_242.176135864655",5945,"NEG",13,242.176201211582,242.176135864655,242.176167216569,"C13 H25 O3 N1"
"X5946_NEG_13_243.029863946881",5946,"NEG",13,243.029928496447,243.029863946881,243.029896903369,"C13 H8 O5"
"X5947_NEG_13_243.06628289018",5947,"NEG",13,243.066351394316,243.06628289018,243.066282412719,"C14 H12 O4"
"X5948_NEG_13_245.045524201483",5948,"NEG",13,245.045592436853,245.045524201483,245.045546967829,"C13 H10 O5"
"X5949_NEG_13_245.081901293611",5949,"NEG",13,245.081969365303,245.081901293611,245.081932477179,"C14 H14 O4"
"X5951_NEG_13_247.024778658122",5951,"NEG",13,247.024848893478,247.024778658122,247.02481152294,"C12 H8 O6"
"X5952_NEG_13_247.061164656598",5952,"NEG",13,247.061235094133,247.061164656598,247.06119703229,"C13 H12 O5"
"X5953_NEG_13_247.097543148426",5953,"NEG",13,247.097613885069,247.097543148426,247.097582541639,"C14 H16 O4"
"X5954_NEG_13_247.133937476825",5954,"NEG",13,247.134003597298,247.133937476825,247.133968050989,"C15 H20 O3"
"X5955_NEG_13_249.004038932153",5955,"NEG",13,249.004114487806,249.004038932153,249.004076078049,"C11 H6 O7"
"X5956_NEG_13_249.040426058049",5956,"NEG",13,249.040498324187,249.040426058049,249.040461587399,"C12 H10 O6"
"X5957_NEG_13_249.076826712666",5957,"NEG",13,249.076899353018,249.076826712666,249.076847096749,"C13 H14 O5"
"X5958_NEG_13_249.113201240522",5958,"NEG",13,249.113273838148,249.113201240522,249.113232606099,"C14 H18 O4"
"X5959_NEG_13_249.14957952982",5959,"NEG",13,249.149650947017,249.14957952982,249.149618115449,"C15 H22 O3"
"X5960_NEG_13_251.019693078787",5960,"NEG",13,251.019767036934,251.019693078787,251.019726142509,"C11 H8 O7"
"X5961_NEG_13_251.05607482772",5961,"NEG",13,251.056150134773,251.05607482772,251.056111651859,"C12 H12 O6"
"X5962_NEG_13_251.092458451588",5962,"NEG",13,251.09253333368,251.092458451588,251.092497161209,"C13 H16 O5"
"X5963_NEG_13_251.128843291146",5963,"NEG",13,251.128918218787,251.128843291146,251.128882670559,"C14 H20 O4"
"X5964_NEG_13_253.035337728678",5964,"NEG",13,253.035416223025,253.035337728678,253.035376206969,"C11 H10 O7"
"X5965_NEG_13_253.071730378863",5965,"NEG",13,253.071807530333,253.071730378863,253.071761716318,"C12 H14 O6"
"X5966_NEG_13_253.108108159016",5966,"NEG",13,253.108185135083,253.108108159016,253.10814722567,"C13 H18 O5"
"X5967_NEG_13_253.144500240034",5967,"NEG",13,253.144577235487,253.144500240034,253.144532735019,"C14 H22 O4"
"X5968_NEG_13_255.087430224141",5968,"NEG",13,255.08750960825,255.087430224141,255.087411780779,"C12 H16 O6"
"X5969_NEG_13_255.232917350543",5969,"NEG",13,255.232997600475,255.232917350543,255.232953818179,"C16 H32 O2"
"X5970_NEG_13_257.04551800458",5970,"NEG",13,257.045601471319,257.04551800458,257.045546967829,"C14 H10 O5"
"X5971_NEG_13_257.048878628176",5971,"NEG",13,257.048959342806,257.048878628176,257.04891827115,"C11 H14 O5 S1"
"X5972_NEG_13_257.081915974499",5972,"NEG",13,257.08200100777,257.081915974499,257.081932477179,"C15 H14 O4"
"X5973_NEG_13_257.093144213743",5973,"NEG",13,257.093225168984,257.093144213743,257.093165866469,"C14 H14 O3 N2"
"X5974_NEG_13_259.024760557885",5974,"NEG",13,259.024845426619,259.024760557885,259.024811522939,"C13 H8 O6"
"X5975_NEG_13_259.061151395935",5975,"NEG",13,259.061235568085,259.061151395935,259.06119703229,"C14 H12 O5"
"X5976_NEG_13_259.097540062579",5976,"NEG",13,259.097625092907,259.097540062579,259.097582541639,"C15 H16 O4"
"X5977_NEG_13_261.040412837261",5977,"NEG",13,261.040498862813,261.040412837261,261.040461587399,"C13 H10 O6"
"X5978_NEG_13_261.076802488371",5978,"NEG",13,261.076888796407,261.076802488371,261.076847096749,"C14 H14 O5"
"X5979_NEG_13_261.113183505357",5979,"NEG",13,261.113269767798,261.113183505357,261.113232606099,"C15 H18 O4"
"X5980_NEG_13_263.019672110707",5980,"NEG",13,263.019760304996,263.019672110707,263.019726142509,"C12 H8 O7"
"X5981_NEG_13_263.056061567301",5981,"NEG",13,263.056149761464,263.056061567301,263.056111651859,"C13 H12 O6"
"X5982_NEG_13_263.092435285549",5982,"NEG",13,263.092523554438,263.092435285549,263.092497161209,"C14 H16 O5"
"X5983_NEG_13_263.128825897942",5983,"NEG",13,263.128914391839,263.128825897942,263.128882670559,"C15 H20 O4"
"X5984_NEG_13_264.998959746038",5984,"NEG",13,264.999054215004,264.998959746038,264.998990697619,"C11 H6 O8"
"X5985_NEG_13_265.035331855018",5985,"NEG",13,265.035421693785,265.035331855018,265.035376206969,"C12 H10 O7"
"X5986_NEG_13_265.071707688537",5986,"NEG",13,265.071798386055,265.071707688537,265.071761716318,"C13 H14 O6"
"X5987_NEG_13_265.108089758104",5987,"NEG",13,265.108180303417,265.108089758104,265.108147225669,"C14 H18 O5"
"X5988_NEG_13_265.144473413479",5988,"NEG",13,265.144564246622,265.144473413479,265.144532735019,"C15 H22 O4"
"X5989_NEG_13_267.014594434053",5989,"NEG",13,267.014690294324,267.014594434053,267.014640762079,"C11 H8 O8"
"X5990_NEG_13_267.123733541013",5990,"NEG",13,267.123826099847,267.123733541013,267.123797290129,"C14 H20 O5"
"X5991_NEG_13_269.066628176214",5991,"NEG",13,269.066722322518,269.066628176214,269.066676335889,"C12 H14 O7"
"X5992_NEG_13_269.212159172151",5992,"NEG",13,269.21225406809,269.212159172151,269.21221837329,"C16 H30 O3"
"X5994_NEG_13_271.061137961848",5994,"NEG",13,271.061238150837,271.061137961848,271.061197032289,"C15 H12 O5"
"X5995_NEG_13_271.06450489937",5995,"NEG",13,271.064601406639,271.06450489937,271.064568335609,"C12 H16 O5 S1"
"X5996_NEG_13_271.082281535239",5996,"NEG",13,271.082377458589,271.082281535239,271.082326400349,"C12 H16 O7"
"X5997_NEG_13_271.097545050076",5997,"NEG",13,271.097643599521,271.097545050076,271.097582541639,"C16 H16 O4"
"X5998_NEG_13_271.227804790101",5998,"NEG",13,271.227907203864,271.227804790101,271.227868437749,"C16 H32 O3"
"X5999_NEG_13_273.040397043415",5999,"NEG",13,273.040496683991,273.040397043415,273.040461587399,"C14 H10 O6"
"X6000_NEG_13_273.076782687748",6000,"NEG",13,273.076882117409,273.076782687748,273.076847096749,"C15 H14 O5"
"X6001_NEG_13_273.097946955958",6001,"NEG",13,273.098043915307,273.097946955958,273.097976464809,"C12 H18 O7"
"X6002_NEG_13_273.113174920449",6002,"NEG",13,273.113274378641,273.113174920449,273.113232606099,"C16 H18 O4"
"X6003_NEG_13_275.019668345485",6003,"NEG",13,275.019769862919,275.019668345485,275.019726142509,"C13 H8 O7"
"X6004_NEG_13_275.056060685733",6004,"NEG",13,275.05616215303,275.056060685733,275.056111651859,"C14 H12 O6"
"X6005_NEG_13_275.092434505559",6005,"NEG",13,275.092536036247,275.092434505559,275.092497161209,"C15 H16 O5"
"X6006_NEG_13_275.128836706516",6006,"NEG",13,275.128938655397,275.128836706516,275.128882670559,"C16 H20 O4"
"X6007_NEG_13_277.035322416678",6007,"NEG",13,277.035426189408,277.035322416678,277.035376206969,"C13 H10 O7"
"X6008_NEG_13_277.071718024161",6008,"NEG",13,277.071821699182,277.071718024161,277.071761716318,"C14 H14 O6"
"X6009_NEG_13_277.108090109768",6009,"NEG",13,277.108193818388,277.108090109768,277.108147225669,"C15 H18 O5"
"X6010_NEG_13_277.144476881339",6010,"NEG",13,277.144580500242,277.144476881339,277.144532735019,"C16 H22 O4"
"X6011_NEG_13_279.014594345707",6011,"NEG",13,279.014703291865,279.014594345707,279.014640762079,"C12 H8 O8"
"X6012_NEG_13_279.050981970268",6012,"NEG",13,279.051086784312,279.050981970268,279.05102627143,"C13 H12 O7"
"X6013_NEG_13_279.087359084796",6013,"NEG",13,279.087464942639,279.087359084796,279.087411780779,"C14 H16 O6"
"X6014_NEG_13_279.123738272739",6014,"NEG",13,279.123844170027,279.123738272739,279.123797290129,"C15 H20 O5"
"X6015_NEG_13_279.160127935394",6015,"NEG",13,279.160226445474,279.160127935394,279.160182799479,"C16 H24 O4"
"X6016_NEG_13_281.030238313312",6016,"NEG",13,281.030346276383,281.030238313312,281.030290826539,"C12 H10 O8"
"X6017_NEG_13_281.066639035886",6017,"NEG",13,281.066747118106,281.066639035886,281.066676335889,"C13 H14 O7"
"X6018_NEG_13_281.103013006756",6018,"NEG",13,281.103121046952,281.103013006756,281.103061845239,"C14 H18 O6"
"X6019_NEG_13_281.139393982964",6019,"NEG",13,281.13950206249,281.139393982964,281.139447354589,"C15 H22 O5"
"X6020_NEG_13_283.06451360146",6020,"NEG",13,283.064621849453,283.06451360146,283.064568335609,"C13 H16 O5 S1"
"X6021_NEG_13_283.082286228964",6021,"NEG",13,283.082395984072,283.082286228964,283.082326400349,"C13 H16 O7"
"X6022_NEG_13_283.155046777109",6022,"NEG",13,283.155156726452,283.155046777109,283.155097419049,"C15 H24 O5"
"X6023_NEG_13_283.26421301587",6023,"NEG",13,283.264323988963,283.26421301587,283.264253947099,"C18 H36 O2"
"X6024_NEG_13_285.040425033009",6024,"NEG",13,285.040537133728,285.040425033009,285.040461587399,"C15 H10 O6"
"X6025_NEG_13_285.076807416138",6025,"NEG",13,285.076920575028,285.076807416138,285.076847096749,"C16 H14 O5"
"X6027_NEG_13_285.170701821132",6027,"NEG",13,285.17081247528,285.170701821132,285.170747483509,"C15 H26 O5"
"X6028_NEG_13_287.019693470774",6028,"NEG",13,287.019807976866,287.019693470774,287.019726142509,"C14 H8 O7"
"X6029_NEG_13_287.05607794733",6029,"NEG",13,287.056192413672,287.05607794733,287.056111651859,"C15 H12 O6"
"X6030_NEG_13_287.092459559764",6030,"NEG",13,287.092574623611,287.092459559764,287.092497161208,"C16 H16 O5"
"X6031_NEG_13_287.128836179556",6031,"NEG",13,287.128954636002,287.128836179556,287.128882670559,"C17 H20 O4"
"X6032_NEG_13_289.035331928954",6032,"NEG",13,289.035448664707,289.035331928954,289.035376206969,"C14 H10 O7"
"X6033_NEG_13_289.071722853194",6033,"NEG",13,289.07183970409,289.071722853194,289.071761716318,"C15 H14 O6"
"X6034_NEG_13_289.108113561724",6034,"NEG",13,289.108230425167,289.108113561724,289.10814722567,"C16 H18 O5"
"X6035_NEG_13_289.144502387278",6035,"NEG",13,289.144618367903,289.144502387278,289.144532735019,"C17 H22 O4"
"X6036_NEG_13_291.014603466994",6036,"NEG",13,291.014723047427,291.014603466994,291.014640762079,"C13 H8 O8"
"X6037_NEG_13_291.051001193309",6037,"NEG",13,291.051119296626,291.051001193309,291.05102627143,"C14 H12 O7"
"X6038_NEG_13_291.08737826182",6038,"NEG",13,291.087497017181,291.08737826182,291.087411780779,"C15 H16 O6"
"X6039_NEG_13_291.123760101391",6039,"NEG",13,291.123878895508,291.123760101391,291.123797290129,"C16 H20 O5"
"X6040_NEG_13_291.160151496231",6040,"NEG",13,291.160267003445,291.160151496231,291.160182799479,"C17 H24 O4"
"X6041_NEG_13_293.03024776686",6041,"NEG",13,293.030368070422,293.03024776686,293.030290826539,"C13 H10 O8"
"X6042_NEG_13_293.066651625546",6042,"NEG",13,293.066772248237,293.066651625546,293.066676335889,"C14 H14 O7"
"X6043_NEG_13_293.103031898889",6043,"NEG",13,293.103152798276,293.103031898889,293.10306184524,"C15 H18 O6"
"X6044_NEG_13_293.139416367019",6044,"NEG",13,293.139537305048,293.139416367019,293.139447354588,"C16 H22 O5"
"X6045_NEG_13_295.045920139458",6045,"NEG",13,295.046043226092,295.045920139458,295.045940890999,"C13 H12 O8"
"X6046_NEG_13_295.082300758595",6046,"NEG",13,295.08242367016,295.082300758595,295.082326400349,"C14 H16 O7"
"X6047_NEG_13_295.118681628434",6047,"NEG",13,295.118804394848,295.118681628434,295.118711909699,"C15 H20 O6"
"X6048_NEG_13_295.15506669222",6048,"NEG",13,295.155189782824,295.15506669222,295.155097419049,"C16 H24 O5"
"X6049_NEG_13_297.040461315915",6049,"NEG",13,297.040584470626,297.040461315915,297.040461587399,"C16 H10 O6"
"X6052_NEG_13_297.09795681774",6052,"NEG",13,297.098081947453,297.09795681774,297.097976464808,"C14 H18 O7"
"X6053_NEG_13_297.170740059086",6053,"NEG",13,297.170862261129,297.170740059086,297.170747483509,"C16 H26 O5"
"X6054_NEG_13_297.243488485563",6054,"NEG",13,297.243616598815,297.243488485563,297.243518502209,"C18 H34 O3"
"X6055_NEG_13_299.019719280447",6055,"NEG",13,299.019848288328,299.019719280447,299.019726142509,"C15 H8 O7"
"X6056_NEG_13_299.056104898602",6056,"NEG",13,299.056231507861,299.056104898602,299.056111651859,"C16 H12 O6"
"X6057_NEG_13_299.077239413358",6057,"NEG",13,299.077372297386,299.077239413358,299.077241019919,"C13 H16 O8"
"X6058_NEG_13_299.092485926043",6058,"NEG",13,299.092614170966,299.092485926043,299.092497161209,"C17 H16 O5"
"X6060_NEG_13_301.035369286027",6060,"NEG",13,301.035498383675,301.035369286027,301.035376206969,"C15 H10 O7"
"X6061_NEG_13_301.07175576523",6061,"NEG",13,301.071885227691,301.07175576523,301.071761716318,"C16 H14 O6"
"X6062_NEG_13_301.092844763793",6062,"NEG",13,301.092976848338,301.092844763793,301.092891084379,"C13 H18 O8"
"X6063_NEG_13_301.108166803214",6063,"NEG",13,301.108295548134,301.108166803214,301.108147225669,"C17 H18 O5"
"X6064_NEG_13_301.144511466819",6064,"NEG",13,301.144642074538,301.144511466819,301.144532735019,"C18 H22 O4"
"X6065_NEG_13_303.014602715279",6065,"NEG",13,303.014735183696,303.014602715279,303.014640762079,"C14 H8 O8"
"X6066_NEG_13_303.05102082916",6066,"NEG",13,303.051151975223,303.05102082916,303.05102627143,"C15 H12 O7"
"X6067_NEG_13_303.087406860417",6067,"NEG",13,303.087538143769,303.087406860417,303.087411780779,"C16 H16 O6"
"X6068_NEG_13_303.12378905343",6068,"NEG",13,303.123920437165,303.12378905343,303.123797290129,"C17 H20 O5"
"X6070_NEG_13_305.030278407777",6070,"NEG",13,305.030411860868,305.030278407777,305.03029082654,"C14 H10 O8"
"X6071_NEG_13_305.066684705825",6071,"NEG",13,305.066817734873,305.066684705825,305.066676335889,"C15 H14 O7"
"X6072_NEG_13_305.103065804449",6072,"NEG",13,305.103199334867,305.103065804449,305.10306184524,"C16 H18 O6"
"X6073_NEG_13_305.139439261119",6073,"NEG",13,305.13957274233,305.139439261119,305.139447354588,"C17 H22 O5"
"X6074_NEG_13_307.009528809306",6074,"NEG",13,307.009668933135,307.009528809306,307.00955538165,"C13 H8 O9"
"X6075_NEG_13_307.045947825135",6075,"NEG",13,307.046083077518,307.045947825135,307.045940890999,"C14 H12 O8"
"X6076_NEG_13_307.082323116697",6076,"NEG",13,307.082458708527,307.082323116697,307.082326400349,"C15 H16 O7"
"X6077_NEG_13_307.11871738294",6077,"NEG",13,307.118853012616,307.11871738294,307.118711909699,"C16 H20 O6"
"X6078_NEG_13_307.155087117552",6078,"NEG",13,307.155222780037,307.155087117552,307.155097419049,"C17 H24 O5"
"X6079_NEG_13_309.025190528877",6079,"NEG",13,309.025332702876,309.025190528877,309.025205446109,"C13 H10 O9"
"X6080_NEG_13_309.061582359609",6080,"NEG",13,309.061719618462,309.061582359609,309.061590955459,"C14 H14 O8"
"X6081_NEG_13_309.097973169569",6081,"NEG",13,309.098110854334,309.097973169569,309.097976464808,"C15 H18 O7"
"X6082_NEG_13_309.134356408129",6082,"NEG",13,309.134494130612,309.134356408129,309.13436197416,"C16 H22 O6"
"X6083_NEG_13_309.170740861523",6083,"NEG",13,309.170877380414,309.170740861523,309.170747483509,"C17 H26 O5"
"X6084_NEG_13_311.056130155363",6084,"NEG",13,311.056272310232,311.056130155363,311.056111651859,"C17 H12 O6"
"X6085_NEG_13_311.077242682226",6085,"NEG",13,311.077383463273,311.077242682226,311.07724101992,"C14 H16 O8"
"X6086_NEG_13_313.035373252134",6086,"NEG",13,313.035514738789,313.035373252134,313.035376206969,"C16 H10 O7"
"X6087_NEG_13_313.071783987683",6087,"NEG",13,313.071925436416,313.071783987683,313.071761716319,"C17 H14 O6"
"X6088_NEG_13_313.092894694691",6088,"NEG",13,313.093036751253,313.092894694691,313.092891084379,"C14 H18 O8"
"X6089_NEG_13_313.108160326312",6089,"NEG",13,313.108305347389,313.108160326312,313.108147225669,"C18 H18 O5"
"X6090_NEG_13_315.01465920098",6090,"NEG",13,315.014805320707,315.01465920098,315.014640762079,"C15 H8 O8"
"X6091_NEG_13_315.051045684243",6091,"NEG",13,315.051188890694,315.051045684243,315.05102627143,"C16 H12 O7"
"X6092_NEG_13_315.087449542763",6092,"NEG",13,315.087593584793,315.087449542763,315.08741178078,"C17 H16 O6"
"X6093_NEG_13_315.108544406235",6093,"NEG",13,315.108688219402,315.108544406235,315.108541148839,"C14 H20 O8"
"X6094_NEG_13_315.123823156522",6094,"NEG",13,315.123966269007,315.123823156522,315.123797290129,"C18 H20 O5"
"X6095_NEG_13_317.030309676373",6095,"NEG",13,317.030455228907,317.030309676373,317.03029082654,"C15 H10 O8"
"X6096_NEG_13_317.066709774489",6096,"NEG",13,317.066855471407,317.066709774489,317.066676335889,"C16 H14 O7"
"X6097_NEG_13_317.103096704478",6097,"NEG",13,317.10324272791,317.103096704478,317.10306184524,"C17 H18 O6"
"X6098_NEG_13_317.139455201115",6098,"NEG",13,317.139601142519,317.139455201115,317.139447354588,"C18 H22 O5"
"X6099_NEG_13_319.009541300809",6099,"NEG",13,319.009691945079,319.009541300809,319.009555381649,"C14 H8 O9"
"X6100_NEG_13_319.045966646851",6100,"NEG",13,319.046115302742,319.045966646851,319.045940890999,"C15 H12 O8"
"X6101_NEG_13_319.082364731937",6101,"NEG",13,319.082512602545,319.082364731937,319.082326400349,"C16 H16 O7"
"X6102_NEG_13_319.118742206551",6102,"NEG",13,319.118890200746,319.118742206551,319.118711909699,"C17 H20 O6"
"X6103_NEG_13_319.155112315831",6103,"NEG",13,319.155260330428,319.155112315831,319.155097419049,"C18 H24 O5"
"X6104_NEG_13_321.025231475993",6104,"NEG",13,321.025383403069,321.025231475993,321.025205446109,"C14 H10 O9"
"X6105_NEG_13_321.061634589012",6105,"NEG",13,321.061784061924,321.061634589012,321.061590955459,"C15 H14 O8"
"X6106_NEG_13_321.098021429085",6106,"NEG",13,321.098171440758,321.098021429085,321.097976464808,"C16 H18 O7"
"X6107_NEG_13_321.134391058134",6107,"NEG",13,321.13454110682,321.134391058134,321.13436197416,"C17 H22 O6"
"X6108_NEG_13_321.170769614031",6108,"NEG",13,321.170919446891,321.170769614031,321.170747483509,"C18 H26 O5"
"X6109_NEG_13_323.040870526318",6109,"NEG",13,323.041022624328,323.040870526318,323.040855510569,"C14 H12 O9"
"X6110_NEG_13_323.0772879995",6110,"NEG",13,323.077439971374,323.0772879995,323.07724101992,"C15 H16 O8"
"X6111_NEG_13_323.113669802222",6111,"NEG",13,323.113821862063,323.113669802222,323.113626529269,"C16 H20 O7"
"X6112_NEG_13_323.150046932147",6112,"NEG",13,323.150199028894,323.150046932147,323.150012038619,"C17 H24 O6"
"X6113_NEG_13_323.186422856049",6113,"NEG",13,323.186568317456,323.186422856049,323.186397547969,"C18 H28 O5"
"X6114_NEG_13_325.03543705273",6114,"NEG",13,325.035594011675,325.03543705273,325.035376206969,"C17 H10 O7"
"X6115_NEG_13_325.056531922893",6115,"NEG",13,325.0566898501,325.056531922893,325.056505575029,"C14 H14 O9"
"X6117_NEG_13_325.092946662901",6117,"NEG",13,325.093100727688,325.092946662901,325.092891084379,"C15 H18 O8"
"X6118_NEG_13_325.165699526512",6118,"NEG",13,325.165853762642,325.165699526512,325.165662103078,"C17 H26 O6"
"X6119_NEG_13_327.014673250361",6119,"NEG",13,327.014831033155,327.014673250361,327.014640762079,"C16 H8 O8"
"X6120_NEG_13_327.051076032066",6120,"NEG",13,327.051233643959,327.051076032066,327.05102627143,"C17 H12 O7"
"X6122_NEG_13_327.087467881673",6122,"NEG",13,327.087624881105,327.087467881673,327.087411780779,"C18 H16 O6"
"X6123_NEG_13_327.108590608054",6123,"NEG",13,327.108746708246,327.108590608054,327.108541148839,"C15 H20 O8"
"X6125_NEG_13_329.030342553724",6125,"NEG",13,329.030500781257,329.030342553724,329.03029082654,"C16 H10 O8"
"X6126_NEG_13_329.066751319864",6126,"NEG",13,329.066909924636,329.066751319864,329.066676335889,"C17 H14 O7"
"X6127_NEG_13_329.103131617511",6127,"NEG",13,329.103289255256,329.103131617511,329.103061845239,"C18 H18 O6"
"X6128_NEG_13_329.139503606541",6128,"NEG",13,329.139662054972,329.139503606541,329.139447354589,"C19 H22 O5"
"X6129_NEG_13_331.009560577288",6129,"NEG",13,331.009723204934,331.009560577288,331.00955538165,"C15 H8 O9"
"X6130_NEG_13_331.04600774739",6130,"NEG",13,331.046168151879,331.04600774739,331.045940890999,"C16 H12 O8"
"X6131_NEG_13_331.082398178108",6131,"NEG",13,331.082558208059,331.082398178108,331.082326400349,"C17 H16 O7"
"X6132_NEG_13_331.118787337232",6132,"NEG",13,331.118947634031,331.118787337232,331.118711909699,"C18 H20 O6"
"X6133_NEG_13_331.15515516869",6133,"NEG",13,331.155315094321,331.15515516869,331.155097419049,"C19 H24 O5"
"X6134_NEG_13_333.025258120085",6134,"NEG",13,333.025419589623,333.025258120085,333.025205446109,"C15 H10 O9"
"X6135_NEG_13_333.06165147897",6135,"NEG",13,333.061813867747,333.06165147897,333.06159095546,"C16 H14 O8"
"X6136_NEG_13_333.09806276403",6136,"NEG",13,333.098225474716,333.09806276403,333.097976464808,"C17 H18 O7"
"X6137_NEG_13_333.134441087427",6137,"NEG",13,333.134603245096,333.134441087427,333.13436197416,"C18 H22 O6"
"X6138_NEG_13_333.170797315543",6138,"NEG",13,333.170958888207,333.170797315543,333.170747483509,"C19 H26 O5"
"X6139_NEG_13_335.040914358256",6139,"NEG",13,335.041077949537,335.040914358256,335.040855510569,"C15 H12 O9"
"X6140_NEG_13_335.077325719435",6140,"NEG",13,335.077489880513,335.077325719435,335.07724101992,"C16 H16 O8"
"X6141_NEG_13_335.113720062034",6141,"NEG",13,335.113884182283,335.113720062034,335.113626529269,"C17 H20 O7"
"X6142_NEG_13_335.150086649889",6142,"NEG",13,335.15025080634,335.150086649889,335.150012038619,"C18 H24 O6"
"X6143_NEG_13_335.186450738146",6143,"NEG",13,335.186614075067,335.186450738146,335.186397547969,"C19 H28 O5"
"X6144_NEG_13_337.020145332853",6144,"NEG",13,337.020315202968,337.020145332853,337.020120065679,"C14 H10 O10"
"X6145_NEG_13_337.056567227415",6145,"NEG",13,337.056732679082,337.056567227415,337.056505575029,"C15 H14 O9"
"X6146_NEG_13_337.092984106383",6146,"NEG",13,337.093151019141,337.092984106383,337.092891084379,"C16 H18 O8"
"X6147_NEG_13_337.129364552255",6147,"NEG",13,337.129530675904,337.129364552255,337.12927659373,"C17 H22 O7"
"X6148_NEG_13_337.165737276797",6148,"NEG",13,337.165903424062,337.165737276797,337.165662103078,"C18 H26 O6"
"X6150_NEG_13_339.051011933545",6150,"NEG",13,339.051181776346,339.051011933545,339.051026271429,"C18 H12 O7"
"X6151_NEG_13_339.072127766405",6151,"NEG",13,339.072296659924,339.072127766405,339.072155639489,"C15 H16 O9"
"X6152_NEG_13_339.108514797001",6152,"NEG",13,339.108682881515,339.108514797001,339.108541148839,"C16 H20 O8"
"X6153_NEG_13_339.181274439313",6153,"NEG",13,339.181442236239,339.181274439313,339.181312167539,"C18 H28 O6"
"X6154_NEG_13_341.030264832149",6154,"NEG",13,341.030435265015,341.030264832149,341.030290826539,"C17 H10 O8"
"X6155_NEG_13_341.066662289893",6155,"NEG",13,341.066833641831,341.066662289893,341.066676335889,"C18 H14 O7"
"X6156_NEG_13_341.087782538727",6156,"NEG",13,341.087953913609,341.087782538727,341.087805703949,"C15 H18 O9"
"X6157_NEG_13_341.103052356236",6157,"NEG",13,341.103223717804,341.103052356236,341.103061845239,"C19 H18 O6"
"X6158_NEG_13_341.124165377089",6158,"NEG",13,341.124335128944,341.124165377089,341.124191213298,"C16 H22 O8"
"X6159_NEG_13_343.009533944333",6159,"NEG",13,343.009707316914,343.009533944333,343.00955538165,"C16 H8 O9"
"X6160_NEG_13_343.045927822049",6160,"NEG",13,343.046099114997,343.045927822049,343.045940890999,"C17 H12 O8"
"X6161_NEG_13_343.082321780095",6161,"NEG",13,343.082494381571,343.082321780095,343.082326400349,"C18 H16 O7"
"X6162_NEG_13_343.103434060411",6162,"NEG",13,343.103607956939,343.103434060411,343.10345576841,"C15 H20 O9"
"X6163_NEG_13_343.118696710955",6163,"NEG",13,343.118868896433,343.118696710955,343.118711909699,"C19 H20 O6"
"X6164_NEG_13_345.025171727586",6164,"NEG",13,345.025345113181,345.025171727586,345.025205446109,"C16 H10 O9"
"X6165_NEG_13_345.061574554128",6165,"NEG",13,345.061748637297,345.061574554128,345.061590955459,"C17 H14 O8"
"X6166_NEG_13_345.097980425159",6166,"NEG",13,345.098154317622,345.097980425159,345.097976464808,"C18 H18 O7"
"X6167_NEG_13_345.119079430782",6167,"NEG",13,345.119255462776,345.119079430782,345.119105832869,"C15 H22 O9"
"X6168_NEG_13_345.134340372175",6168,"NEG",13,345.134514388621,345.134340372175,345.13436197416,"C19 H22 O6"
"X6169_NEG_13_345.170714344992",6169,"NEG",13,345.170886288758,345.170714344992,345.170747483509,"C20 H26 O5"
"X6171_NEG_13_347.040845167675",6171,"NEG",13,347.041021276031,347.040845167675,347.040855510568,"C16 H12 O9"
"X6172_NEG_13_347.077241740897",6172,"NEG",13,347.077417469206,347.077241740897,347.07724101992,"C17 H16 O8"
"X6173_NEG_13_347.11365570092",6173,"NEG",13,347.113831562544,347.11365570092,347.113626529269,"C18 H20 O7"
"X6174_NEG_13_347.149999587134",6174,"NEG",13,347.15017557499,347.149999587134,347.150012038619,"C19 H24 O6"
"X6175_NEG_13_347.186378864807",6175,"NEG",13,347.186552172532,347.186378864807,347.186397547969,"C20 H28 O5"
"X6176_NEG_13_349.020096498563",6176,"NEG",13,349.020275315446,349.020096498563,349.020120065679,"C15 H10 O10"
"X6177_NEG_13_349.056495159886",6177,"NEG",13,349.056671976798,349.056495159886,349.056505575029,"C16 H14 O9"
"X6178_NEG_13_349.092912782608",6178,"NEG",13,349.093090664632,349.092912782608,349.092891084379,"C17 H18 O8"
"X6179_NEG_13_349.129296108562",6179,"NEG",13,349.129474025999,349.129296108562,349.12927659373,"C18 H22 O7"
"X6180_NEG_13_349.165655888777",6180,"NEG",13,349.165833841603,349.165655888777,349.165662103078,"C19 H26 O6"
"X6181_NEG_13_351.035765711949",6181,"NEG",13,351.035945801846,351.035765711949,351.035770130139,"C15 H12 O10"
"X6182_NEG_13_351.072156051481",6182,"NEG",13,351.072335419672,351.072156051481,351.072155639488,"C16 H16 O9"
"X6183_NEG_13_351.108565719645",6183,"NEG",13,351.108745560429,351.108565719645,351.108541148839,"C17 H20 O8"
"X6184_NEG_13_351.14493508914",6184,"NEG",13,351.145114965208,351.14493508914,351.144926658189,"C18 H24 O7"
"X6185_NEG_13_351.181309686815",6185,"NEG",13,351.181489464444,351.181309686815,351.181312167539,"C19 H28 O6"
"X6186_NEG_13_353.030288869586",6186,"NEG",13,353.030469755302,353.030288869586,353.030290826539,"C18 H10 O8"
"X6187_NEG_13_353.051429183322",6187,"NEG",13,353.051611978899,353.051429183322,353.051420194599,"C15 H14 O10"
"X6188_NEG_13_353.087816764119",6188,"NEG",13,353.087998846468,353.087816764119,353.08780570395,"C16 H18 O9"
"X6189_NEG_13_353.160583060873",6189,"NEG",13,353.160764560464,353.160583060873,353.16057672265,"C18 H26 O7"
"X6190_NEG_13_353.196948538995",6190,"NEG",13,353.197128651667,353.196948538995,353.196962231999,"C19 H30 O6"
"X6191_NEG_13_355.045985378066",6191,"NEG",13,355.046169074922,355.045985378066,355.045940890999,"C18 H12 O8"
"X6193_NEG_13_355.082351079548",6193,"NEG",13,355.082534530808,355.082351079548,355.082326400349,"C19 H16 O7"
"X6194_NEG_13_355.103479897966",6194,"NEG",13,355.10366356416,355.103479897966,355.10345576841,"C16 H20 O9"
"X6195_NEG_13_355.118727416884",6195,"NEG",13,355.118914715053,355.118727416884,355.118711909699,"C20 H20 O6"
"X6196_NEG_13_357.025222264609",6196,"NEG",13,357.025406370305,357.025222264609,357.025205446109,"C17 H10 O9"
"X6197_NEG_13_357.061621633763",6197,"NEG",13,357.06180578168,357.061621633763,357.061590955459,"C18 H14 O8"
"X6199_NEG_13_357.098011286711",6199,"NEG",13,357.098196773942,357.098011286711,357.097976464808,"C19 H18 O7"
"X6200_NEG_13_357.134382384985",6200,"NEG",13,357.134568714171,357.134382384985,357.134361974159,"C20 H22 O6"
"X6202_NEG_13_359.040879369127",6202,"NEG",13,359.041066227018,359.040879369127,359.040855510568,"C17 H12 O9"
"X6203_NEG_13_359.077285062952",6203,"NEG",13,359.077472006273,359.077285062952,359.07724101992,"C18 H16 O8"
"X6204_NEG_13_359.113673585509",6204,"NEG",13,359.113861271645,359.113673585509,359.113626529268,"C19 H20 O7"
"X6205_NEG_13_359.150040504858",6205,"NEG",13,359.150227810732,359.150040504858,359.150012038619,"C20 H24 O6"
"X6206_NEG_13_361.020146195334",6206,"NEG",13,361.020336606047,361.020146195334,361.020120065678,"C16 H10 O10"
"X6207_NEG_13_361.056532389632",6207,"NEG",13,361.056721837976,361.056532389632,361.056505575029,"C17 H14 O9"
"X6208_NEG_13_361.092951051664",6208,"NEG",13,361.093140524252,361.092951051664,361.092891084379,"C18 H18 O8"
"X6209_NEG_13_361.129320700854",6209,"NEG",13,361.129510183997,361.129320700854,361.12927659373,"C19 H22 O7"
"X6210_NEG_13_361.165696143132",6210,"NEG",13,361.165885523036,361.165696143132,361.165662103078,"C20 H26 O6"
"X6211_NEG_13_363.035796223809",6211,"NEG",13,363.035987172091,363.035796223809,363.035770130139,"C16 H12 O10"
"X6212_NEG_13_363.072211584306",6212,"NEG",13,363.072402351745,363.072211584306,363.072155639488,"C17 H16 O9"
"X6213_NEG_13_363.108613314391",6213,"NEG",13,363.108804683266,363.108613314391,363.108541148839,"C18 H20 O8"
"X6214_NEG_13_363.144974763726",6214,"NEG",13,363.145166167187,363.144974763726,363.14492665819,"C19 H24 O7"
"X6215_NEG_13_363.181345748675",6215,"NEG",13,363.181536779749,363.181345748675,363.181312167539,"C20 H28 O6"
"X6216_NEG_13_365.051424817379",6216,"NEG",13,365.05161703446,365.051424817379,365.051420194599,"C16 H14 O10"
"X6217_NEG_13_365.087846311947",6217,"NEG",13,365.088039550751,365.087846311947,365.08780570395,"C17 H18 O9"
"X6218_NEG_13_365.124242774237",6218,"NEG",13,365.124436057086,365.124242774237,365.124191213298,"C18 H22 O8"
"X6219_NEG_13_365.160594409763",6219,"NEG",13,365.160787727072,365.160594409763,365.16057672265,"C19 H26 O7"
"X6220_NEG_13_365.196972620022",6220,"NEG",13,365.197165593027,365.196972620022,365.196962231998,"C20 H30 O6"
"X6221_NEG_13_367.045958458576",6221,"NEG",13,367.046152668095,367.045958458576,367.045940890999,"C19 H12 O8"
"X6222_NEG_13_367.067093563788",6222,"NEG",13,367.067287741142,367.067093563788,367.067070259059,"C16 H16 O10"
"X6223_NEG_13_367.103497030954",6223,"NEG",13,367.103692186973,367.103497030954,367.10345576841,"C17 H20 O9"
"X6224_NEG_13_367.139881180683",6224,"NEG",13,367.140076371077,367.139881180683,367.139841277758,"C18 H24 O8"
"X6225_NEG_13_367.176233465529",6225,"NEG",13,367.176428690268,367.176233465529,367.176226787109,"C19 H28 O7"
"X6226_NEG_13_367.212633252643",6226,"NEG",13,367.212828060347,367.212633252643,367.212612296459,"C20 H32 O6"
"X6227_NEG_13_369.025221114838",6227,"NEG",13,369.025417096991,369.025221114838,369.025205446109,"C18 H10 O9"
"X6228_NEG_13_369.061620499128",6228,"NEG",13,369.061816865651,369.061620499128,369.061590955459,"C19 H14 O8"
"X6229_NEG_13_369.082731683858",6229,"NEG",13,369.082928613772,369.082731683858,369.082720323519,"C16 H18 O10"
"X6230_NEG_13_369.097992798077",6230,"NEG",13,369.098188705228,369.097992798077,369.097976464809,"C20 H18 O7"
"X6232_NEG_13_369.191903224647",6232,"NEG",13,369.192099810828,369.191903224647,369.191876851568,"C19 H30 O7"
"X6234_NEG_13_371.040871997565",6234,"NEG",13,371.041070594513,371.040871997565,371.040855510569,"C18 H12 O9"
"X6235_NEG_13_371.077288241435",6235,"NEG",13,371.077485487939,371.077288241435,371.07724101992,"C19 H16 O8"
"X6236_NEG_13_371.098408660517",6236,"NEG",13,371.098607109842,371.098408660517,371.098370387979,"C16 H20 O10"
"X6237_NEG_13_371.113668349039",6237,"NEG",13,371.113867558957,371.113668349039,371.113626529269,"C20 H20 O7"
"X6238_NEG_13_371.134790502913",6238,"NEG",13,371.134989124761,371.134790502913,371.134755897329,"C17 H24 O9"
"X6239_NEG_13_371.150053542464",6239,"NEG",13,371.150252412792,371.150053542464,371.150012038619,"C21 H24 O6"
"X6240_NEG_13_373.020140574752",6240,"NEG",13,373.020340606999,373.020140574752,373.020120065678,"C17 H10 O10"
"X6241_NEG_13_373.056536922327",6241,"NEG",13,373.056737206452,373.056536922327,373.056505575029,"C18 H14 O9"
"X6242_NEG_13_373.092935038257",6242,"NEG",13,373.093135465318,373.092935038257,373.092891084379,"C19 H18 O8"
"X6243_NEG_13_373.114038351141",6243,"NEG",13,373.114240400658,373.114038351141,373.114020452439,"C16 H22 O10"
"X6244_NEG_13_373.129319991323",6244,"NEG",13,373.12952081197,373.129319991323,373.12927659373,"C20 H22 O7"
"X6245_NEG_13_373.165687021373",6245,"NEG",13,373.165886914134,373.165687021373,373.165662103078,"C21 H26 O6"
"X6246_NEG_13_375.035797240225",6246,"NEG",13,375.035999862813,375.035797240225,375.035770130139,"C17 H12 O10"
"X6247_NEG_13_375.072191734261",6247,"NEG",13,375.07239396331,375.072191734261,375.072155639488,"C18 H16 O9"
"X6248_NEG_13_375.10860254141",6248,"NEG",13,375.108805210147,375.10860254141,375.108541148839,"C19 H20 O8"
"X6249_NEG_13_375.144968146466",6249,"NEG",13,375.1451708491,375.144968146466,375.14492665819,"C20 H24 O7"
"X6250_NEG_13_375.181339441369",6250,"NEG",13,375.181541480402,375.181339441369,375.181312167539,"C21 H28 O6"
"X6251_NEG_13_377.015054401022",6251,"NEG",13,377.015256399885,377.015054401022,377.015034685249,"C16 H10 O11"
"X6252_NEG_13_377.051466158535",6252,"NEG",13,377.051669111925,377.051466158535,377.051420194599,"C17 H14 O10"
"X6253_NEG_13_377.087863041984",6253,"NEG",13,377.088067621503,377.087863041984,377.08780570395,"C18 H18 O9"
"X6254_NEG_13_377.124256042317",6254,"NEG",13,377.124460586724,377.124256042317,377.124191213298,"C19 H22 O8"
"X6255_NEG_13_377.160615622906",6255,"NEG",13,377.160820201089,377.160615622906,377.16057672265,"C20 H26 O7"
"X6256_NEG_13_379.030729652951",6256,"NEG",13,379.030933684779,379.030729652951,379.030684749709,"C16 H12 O11"
"X6257_NEG_13_379.067104325117",6257,"NEG",13,379.067309774958,379.067104325117,379.067070259058,"C17 H16 O10"
"X6258_NEG_13_379.103518249964",6258,"NEG",13,379.103724629912,379.103518249964,379.10345576841,"C18 H20 O9"
"X6259_NEG_13_379.139904745969",6259,"NEG",13,379.140111159603,379.139904745969,379.139841277758,"C19 H24 O8"
"X6260_NEG_13_379.176260755582",6260,"NEG",13,379.176467202873,379.176260755582,379.176226787109,"C20 H28 O7"
"X6261_NEG_13_381.025217333414",6261,"NEG",13,381.025422988281,381.025217333414,381.025205446109,"C19 H10 O9"
"X6262_NEG_13_381.046365527591",6262,"NEG",13,381.046570988808,381.046365527591,381.046334814169,"C16 H14 O11"
"X6264_NEG_13_381.082755544827",6264,"NEG",13,381.082962892317,381.082755544827,381.082720323519,"C17 H18 O10"
"X6265_NEG_13_381.119159241657",6265,"NEG",13,381.119367484504,381.119159241657,381.11910583287,"C18 H22 O9"
"X6266_NEG_13_381.155538903655",6266,"NEG",13,381.155746852409,381.155538903655,381.15549134222,"C19 H26 O8"
"X6267_NEG_13_381.191912147088",6267,"NEG",13,381.19212037009,381.191912147088,381.191876851568,"C20 H30 O7"
"X6268_NEG_13_383.040877131457",6268,"NEG",13,383.041085026258,383.040877131457,383.040855510569,"C19 H12 O9"
"X6270_NEG_13_383.077274475846",6270,"NEG",13,383.077481553603,383.077274475846,383.077241019919,"C20 H16 O8"
"X6271_NEG_13_383.098401772606",6271,"NEG",13,383.098611480956,383.098401772606,383.098370387978,"C17 H20 O10"
"X6273_NEG_13_383.134805331926",6273,"NEG",13,383.13501543124,383.134805331926,383.134755897329,"C18 H24 O9"
"X6274_NEG_13_383.207560247657",6274,"NEG",13,383.207769957429,383.207560247657,383.207526916029,"C20 H32 O7"
"X6275_NEG_13_385.02014145079",6275,"NEG",13,385.020351666819,385.02014145079,385.020120065679,"C18 H10 O10"
"X6276_NEG_13_385.056538864024",6276,"NEG",13,385.056747980731,385.056538864024,385.056505575029,"C19 H14 O9"
"X6277_NEG_13_385.092947179344",6277,"NEG",13,385.093156899942,385.092947179344,385.092891084379,"C20 H18 O8"
"X6278_NEG_13_385.114059159679",6278,"NEG",13,385.114271029776,385.114059159679,385.11402045244,"C17 H22 O10"
"X6279_NEG_13_385.129316852203",6279,"NEG",13,385.129526559736,385.129316852203,385.129276593729,"C21 H22 O7"
"X6281_NEG_13_387.035786740049",6281,"NEG",13,387.035998225459,387.035786740049,387.035770130139,"C18 H12 O10"
"X6282_NEG_13_387.072198418177",6282,"NEG",13,387.072410615785,387.072198418177,387.072155639489,"C19 H16 O9"
"X6283_NEG_13_387.108588432068",6283,"NEG",13,387.108802136214,387.108588432068,387.108541148839,"C20 H20 O8"
"X6284_NEG_13_387.129712766184",6284,"NEG",13,387.129926073598,387.129712766184,387.1296705169,"C17 H24 O10"
"X6285_NEG_13_387.144970067493",6285,"NEG",13,387.145183628052,387.144970067493,387.14492665819,"C21 H24 O7"
"X6286_NEG_13_387.181342964723",6286,"NEG",13,387.181554622994,387.181342964723,387.181312167539,"C22 H28 O6"
"X6287_NEG_13_389.015066557253",6287,"NEG",13,389.015278020359,389.015066557253,389.015034685249,"C17 H10 O11"
"X6288_NEG_13_389.051445276009",6288,"NEG",13,389.051659386284,389.051445276009,389.051420194599,"C18 H14 O10"
"X6289_NEG_13_389.087856903063",6289,"NEG",13,389.088072493377,389.087856903063,389.08780570395,"C19 H18 O9"
"X6290_NEG_13_389.124256417107",6290,"NEG",13,389.12447196352,389.124256417107,389.124191213298,"C20 H22 O8"
"X6291_NEG_13_389.160634853364",6291,"NEG",13,389.160850049017,389.160634853364,389.16057672265,"C21 H26 O7"
"X6292_NEG_13_389.196990708554",6292,"NEG",13,389.197206314059,389.196990708554,389.196962231999,"C22 H30 O6"
"X6293_NEG_13_391.030709551118",6293,"NEG",13,391.030923339931,391.030709551118,391.030684749709,"C17 H12 O11"
"X6294_NEG_13_391.067115024223",6294,"NEG",13,391.0673316361,391.067115024223,391.067070259058,"C18 H16 O10"
"X6295_NEG_13_391.103519077262",6295,"NEG",13,391.103736475531,391.103519077262,391.10345576841,"C19 H20 O9"
"X6296_NEG_13_391.139908669301",6296,"NEG",13,391.140126077982,391.139908669301,391.139841277758,"C20 H24 O8"
"X6297_NEG_13_391.176274849748",6297,"NEG",13,391.176492291405,391.176274849748,391.176226787109,"C21 H28 O7"
"X6298_NEG_13_393.046369689619",6298,"NEG",13,393.046587110442,393.046369689619,393.046334814168,"C17 H14 O11"
"X6299_NEG_13_393.082752215763",6299,"NEG",13,393.082970639495,393.082752215763,393.082720323519,"C18 H18 O10"
"X6300_NEG_13_393.119176366036",6300,"NEG",13,393.119395566305,393.119176366036,393.11910583287,"C19 H22 O9"
"X6301_NEG_13_393.155553300282",6301,"NEG",13,393.155772533423,393.155553300282,393.15549134222,"C20 H26 O8"
"X6302_NEG_13_393.191925312644",6302,"NEG",13,393.192144017198,393.191925312644,393.191876851568,"C21 H30 O7"
"X6303_NEG_13_395.025628938698",6303,"NEG",13,395.025845836612,395.025628938698,395.025599369279,"C16 H12 O12"
"X6304_NEG_13_395.061992837456",6304,"NEG",13,395.062209404813,395.061992837456,395.061984878629,"C17 H16 O11"
"X6305_NEG_13_395.098404164849",6305,"NEG",13,395.098625212297,395.098404164849,395.098370387978,"C18 H20 O10"
"X6306_NEG_13_395.134802347928",6306,"NEG",13,395.13502336632,395.134802347928,395.134755897329,"C19 H24 O9"
"X6307_NEG_13_395.171164012333",6307,"NEG",13,395.171385063467,395.171164012333,395.17114140668,"C20 H28 O8"
"X6308_NEG_13_395.207559181604",6308,"NEG",13,395.207778706848,395.207559181604,395.207526916029,"C21 H32 O7"
"X6309_NEG_13_397.056505640952",6309,"NEG",13,397.056724212279,397.056505640952,397.056505575029,"C20 H14 O9"
"X6310_NEG_13_397.077631474689",6310,"NEG",13,397.077849002999,397.077631474689,397.077634943089,"C17 H18 O11"
"X6311_NEG_13_397.092888779107",6311,"NEG",13,397.093106381453,397.092888779107,397.092891084379,"C21 H18 O8"
"X6312_NEG_13_397.114045504803",6312,"NEG",13,397.114268247583,397.114045504803,397.11402045244,"C18 H22 O10"
"X6313_NEG_13_397.150438704613",6313,"NEG",13,397.150661216112,397.150438704613,397.150405961788,"C19 H26 O9"
"X6314_NEG_13_399.035784751606",6314,"NEG",13,399.036007325118,399.035784751606,399.035770130139,"C19 H12 O10"
"X6315_NEG_13_399.072178920579",6315,"NEG",13,399.072399412532,399.072178920579,399.072155639489,"C20 H16 O9"
"X6316_NEG_13_399.093304115665",6316,"NEG",13,399.093523232426,399.093304115665,399.093285007549,"C17 H20 O11"
"X6317_NEG_13_399.10857407145",6317,"NEG",13,399.108794088804,399.10857407145,399.108541148839,"C21 H20 O8"
"X6318_NEG_13_399.129701793689",6318,"NEG",13,399.129926308593,399.129701793689,399.1296705169,"C18 H24 O10"
"X6319_NEG_13_399.14495259355",6319,"NEG",13,399.145173563873,399.14495259355,399.144926658189,"C22 H24 O7"
"X6320_NEG_13_401.015053805306",6320,"NEG",13,401.015274735705,401.015053805306,401.015034685249,"C18 H10 O11"
"X6321_NEG_13_401.051445489627",6321,"NEG",13,401.051667691115,401.051445489627,401.051420194599,"C19 H14 O10"
"X6322_NEG_13_401.087784452347",6322,"NEG",13,401.088009025664,401.087784452347,401.087805703949,"C20 H18 O9"
"X6323_NEG_13_401.12421506137",6323,"NEG",13,401.124440532582,401.12421506137,401.124191213298,"C21 H22 O8"
"X6324_NEG_13_401.145348301152",6324,"NEG",13,401.145573345178,401.145348301152,401.145320581359,"C18 H26 O10"
"X6325_NEG_13_401.160581581753",6325,"NEG",13,401.160807165695,401.160581581753,401.16057672265,"C22 H26 O7"
"X6326_NEG_13_403.030719733235",6326,"NEG",13,403.030942729891,403.030719733235,403.030684749709,"C18 H12 O11"
"X6327_NEG_13_403.067067777545",6327,"NEG",13,403.067293408799,403.067067777545,403.067070259058,"C19 H16 O10"
"X6328_NEG_13_403.103479250954",6328,"NEG",13,403.103707329509,403.103479250954,403.10345576841,"C20 H20 O9"
"X6329_NEG_13_403.139880494549",6329,"NEG",13,403.140108670075,403.139880494549,403.139841277758,"C21 H24 O8"
"X6330_NEG_13_403.160989272668",6330,"NEG",13,403.161218311325,403.160989272668,403.160970645819,"C18 H28 O10"
"X6331_NEG_13_403.176251168031",6331,"NEG",13,403.176478723418,403.176251168031,403.176226787109,"C22 H28 O7"
"X6332_NEG_13_405.046357339841",6332,"NEG",13,405.046582497293,405.046357339841,405.046334814169,"C18 H14 O11"
"X6333_NEG_13_405.082735830612",6333,"NEG",13,405.082965279842,405.082735830612,405.082720323518,"C19 H18 O10"
"X6334_NEG_13_405.119143289691",6334,"NEG",13,405.119373219166,405.119143289691,405.11910583287,"C20 H22 O9"
"X6335_NEG_13_405.155525892344",6335,"NEG",13,405.155755854003,405.155525892344,405.15549134222,"C21 H26 O8"
"X6336_NEG_13_405.191903900382",6336,"NEG",13,405.192133222598,405.191903900382,405.191876851568,"C22 H30 O7"
"X6337_NEG_13_407.025605489873",6337,"NEG",13,407.025829847545,407.025605489873,407.025599369279,"C17 H12 O12"
"X6338_NEG_13_407.062009225605",6338,"NEG",13,407.062237215437,407.062009225605,407.061984878629,"C18 H16 O11"
"X6339_NEG_13_407.098398575024",6339,"NEG",13,407.098629979834,407.098398575024,407.098370387978,"C19 H20 O10"
"X6340_NEG_13_407.134788103043",6340,"NEG",13,407.135019812327,407.134788103043,407.134755897329,"C20 H24 O9"
"X6341_NEG_13_407.171171944761",6341,"NEG",13,407.171403686118,407.171171944761,407.17114140668,"C21 H28 O8"
"X6342_NEG_13_407.207547596622",6342,"NEG",13,407.20777811043,407.207547596622,407.207526916029,"C22 H32 O7"
"X6343_NEG_13_409.041264899362",6343,"NEG",13,409.041490590157,409.041264899362,409.041249433739,"C17 H14 O12"
"X6344_NEG_13_409.077670504874",6344,"NEG",13,409.077898418928,409.077670504874,409.077634943089,"C18 H18 O11"
"X6345_NEG_13_409.114059112858",6345,"NEG",13,409.114292563576,409.114059112858,409.11402045244,"C19 H22 O10"
"X6346_NEG_13_409.150451703449",6346,"NEG",13,409.150685186127,409.150451703449,409.150405961788,"C20 H26 O9"
"X6347_NEG_13_409.186822044754",6347,"NEG",13,409.187055559374,409.186822044754,409.18679147114,"C21 H30 O8"
"X6348_NEG_13_411.035741814113",6348,"NEG",13,411.035970581082,411.035741814113,411.035770130139,"C20 H12 O10"
"X6350_NEG_13_411.072154326776",6350,"NEG",13,411.072383339489,411.072154326776,411.072155639489,"C21 H16 O9"
"X6351_NEG_13_411.093321065867",6351,"NEG",13,411.093551950538,411.093321065867,411.093285007549,"C18 H20 O11"
"X6353_NEG_13_411.129714663848",6353,"NEG",13,411.129949881629,411.129714663848,411.1296705169,"C19 H24 O10"
"X6354_NEG_13_411.166082774583",6354,"NEG",13,411.166317718622,411.166082774583,411.166056026248,"C20 H28 O9"
"X6355_NEG_13_411.202470874076",6355,"NEG",13,411.202705425006,411.202470874076,411.202441535599,"C21 H32 O8"
"X6356_NEG_13_413.015041134948",6356,"NEG",13,413.015272099266,413.015041134948,413.015034685249,"C19 H10 O11"
"X6357_NEG_13_413.051417656616",6357,"NEG",13,413.051649498895,413.051417656616,413.051420194599,"C20 H14 O10"
"X6358_NEG_13_413.08777678023",6358,"NEG",13,413.088007770917,413.08777678023,413.087805703949,"C21 H18 O9"
"X6359_NEG_13_413.108967874395",6359,"NEG",13,413.109199978638,413.108967874395,413.108935072009,"C18 H22 O11"
"X6360_NEG_13_413.124184413494",6360,"NEG",13,413.124413749227,413.124184413494,413.124191213299,"C22 H22 O8"
"X6362_NEG_13_415.030709626886",6362,"NEG",13,415.030943869568,415.030709626886,415.030684749709,"C19 H12 O11"
"X6363_NEG_13_415.067078897737",6363,"NEG",13,415.067311043646,415.067078897737,415.067070259059,"C20 H16 O10"
"X6364_NEG_13_415.103470559324",6364,"NEG",13,415.103704913946,415.103470559324,415.10345576841,"C21 H20 O9"
"X6365_NEG_13_415.12461312508",6365,"NEG",13,415.124843141343,415.12461312508,415.124585136469,"C18 H24 O11"
"X6366_NEG_13_415.139854694316",6366,"NEG",13,415.140091021525,415.139854694316,415.139841277759,"C22 H24 O8"
"X6367_NEG_13_415.176232774167",6367,"NEG",13,415.176467916148,415.176232774167,415.176226787109,"C23 H28 O7"
"X6368_NEG_13_417.009962583982",6368,"NEG",13,417.010194956285,417.009962583982,417.009949304819,"C18 H10 O12"
"X6369_NEG_13_417.046340889069",6369,"NEG",13,417.046575331717,417.046340889069,417.046334814169,"C19 H14 O11"
"X6370_NEG_13_417.082730467087",6370,"NEG",13,417.082969183104,417.082730467087,417.082720323519,"C20 H18 O10"
"X6371_NEG_13_417.119130491823",6371,"NEG",13,417.119369933785,417.119130491823,417.11910583287,"C21 H22 O9"
"X6372_NEG_13_417.155523876729",6372,"NEG",13,417.155764042553,417.155523876729,417.15549134222,"C22 H26 O8"
"X6373_NEG_13_417.191897360577",6373,"NEG",13,417.192136250372,417.191897360577,417.191876851568,"C23 H30 O7"
"X6374_NEG_13_419.025656322154",6374,"NEG",13,419.025889981295,419.025656322154,419.025599369279,"C18 H12 O12"
"X6375_NEG_13_419.062013208681",6375,"NEG",13,419.062250339994,419.062013208681,419.061984878629,"C19 H16 O11"
"X6376_NEG_13_419.098400501516",6376,"NEG",13,419.098641911412,419.098400501516,419.098370387978,"C20 H20 O10"
"X6377_NEG_13_419.134789407767",6377,"NEG",13,419.135031579789,419.134789407767,419.134755897329,"C21 H24 O9"
"X6378_NEG_13_419.171178465261",6378,"NEG",13,419.171420668665,419.171178465261,419.17114140668,"C22 H28 O8"
"X6379_NEG_13_419.207550565134",6379,"NEG",13,419.207791190492,419.207550565134,419.207526916029,"C23 H32 O7"
"X6380_NEG_13_421.041274352613",6380,"NEG",13,421.041509466559,421.041274352613,421.041249433739,"C18 H14 O12"
"X6381_NEG_13_421.077654438293",6381,"NEG",13,421.077894664104,421.077654438293,421.077634943089,"C19 H18 O11"
"X6382_NEG_13_421.114059521044",6382,"NEG",13,421.114303547539,421.114059521044,421.11402045244,"C20 H22 O10"
"X6383_NEG_13_421.15045213465",6383,"NEG",13,421.150696041736,421.15045213465,421.150405961788,"C21 H26 O9"
"X6384_NEG_13_421.186829324759",6384,"NEG",13,421.187073263102,421.186829324759,421.18679147114,"C22 H30 O8"
"X6385_NEG_13_421.223178000054",6385,"NEG",13,421.223425340426,421.223178000054,421.223176980489,"C23 H34 O7"
"X6386_NEG_13_423.056938525993",6386,"NEG",13,423.057174026867,423.056938525993,423.056899498199,"C18 H16 O12"
"X6387_NEG_13_423.093304270637",6387,"NEG",13,423.093546212917,423.093304270637,423.093285007548,"C19 H20 O11"
"X6388_NEG_13_423.129711846753",6388,"NEG",13,423.1299574513,423.129711846753,423.1296705169,"C20 H24 O10"
"X6389_NEG_13_423.166097483101",6389,"NEG",13,423.166343118798,423.166097483101,423.166056026248,"C21 H28 O9"
"X6390_NEG_13_423.202478813078",6390,"NEG",13,423.202723624421,423.202478813078,423.202441535599,"C22 H32 O8"
"X6391_NEG_13_425.051394566076",6391,"NEG",13,425.051632453671,425.051394566076,425.051420194599,"C21 H14 O10"
"X6392_NEG_13_425.072556675323",6392,"NEG",13,425.072792783634,425.072556675323,425.072549562659,"C18 H18 O12"
"X6393_NEG_13_425.087801567728",6393,"NEG",13,425.088038483455,425.087801567728,425.08780570395,"C22 H18 O9"
"X6394_NEG_13_425.108975087879",6394,"NEG",13,425.109219461515,425.108975087879,425.108935072009,"C19 H22 O11"
"X6396_NEG_13_425.145363305814",6396,"NEG",13,425.145610632656,425.145363305814,425.145320581359,"C20 H26 O10"
"X6397_NEG_13_425.181736693426",6397,"NEG",13,425.181983763485,425.181736693426,425.18170609071,"C21 H30 O9"
"X6398_NEG_13_425.218121354245",6398,"NEG",13,425.218367803922,425.218121354245,425.218091600059,"C22 H34 O8"
"X6399_NEG_13_427.03071890166",6399,"NEG",13,427.030959984067,427.03071890166,427.030684749709,"C20 H12 O11"
"X6400_NEG_13_427.067031341069",6400,"NEG",13,427.067272320869,427.067031341069,427.067070259059,"C21 H16 O10"
"X6401_NEG_13_427.103429537034",6401,"NEG",13,427.103667940025,427.103429537034,427.103455768409,"C22 H20 O9"
"X6402_NEG_13_427.124577298627",6402,"NEG",13,427.124821567195,427.124577298627,427.124585136469,"C19 H24 O11"
"X6403_NEG_13_427.139814197505",6403,"NEG",13,427.14005250472,427.139814197505,427.139841277759,"C23 H24 O8"
"X6404_NEG_13_427.16097911288",6404,"NEG",13,427.161227538412,427.16097911288,427.160970645819,"C20 H28 O10"
"X6405_NEG_13_429.009949070628",6405,"NEG",13,429.010188763098,429.009949070628,429.009949304819,"C19 H10 O12"
"X6406_NEG_13_429.046318631024",6406,"NEG",13,429.046560576587,429.046318631024,429.046334814169,"C20 H14 O11"
"X6407_NEG_13_429.082730732381",6407,"NEG",13,429.082975380292,429.082730732381,429.082720323519,"C21 H18 O10"
"X6408_NEG_13_429.119090100859",6408,"NEG",13,429.119333688996,429.119090100859,429.11910583287,"C22 H22 O9"
"X6409_NEG_13_429.140247130312",6409,"NEG",13,429.140493011292,429.140247130312,429.140235200929,"C19 H26 O11"
"X6410_NEG_13_429.155477094169",6410,"NEG",13,429.155722903072,429.155477094169,429.15549134222,"C23 H26 O8"
"X6411_NEG_13_429.191909805896",6411,"NEG",13,429.192160319308,429.191909805896,429.191876851569,"C24 H30 O7"
"X6412_NEG_13_431.025613321083",6412,"NEG",13,431.025855779889,431.025613321083,431.025599369279,"C19 H12 O12"
"X6413_NEG_13_431.061978741681",6413,"NEG",13,431.062226089927,431.061978741681,431.061984878629,"C20 H16 O11"
"X6414_NEG_13_431.098351100964",6414,"NEG",13,431.098599723861,431.098351100964,431.098370387978,"C21 H20 O10"
"X6415_NEG_13_431.13474849114",6415,"NEG",13,431.134998686069,431.13474849114,431.134755897329,"C22 H24 O9"
"X6417_NEG_13_431.171135276709",6417,"NEG",13,431.171386765404,431.171135276709,431.17114140668,"C23 H28 O8"
"X6418_NEG_13_431.207555243971",6418,"NEG",13,431.207802355308,431.207555243971,431.207526916029,"C24 H32 O7"
"X6419_NEG_13_433.041249943929",6419,"NEG",13,433.041493977351,433.041249943929,433.041249433739,"C19 H14 O12"
"X6420_NEG_13_433.077634371097",6420,"NEG",13,433.077883576667,433.077634371097,433.077634943089,"C20 H18 O11"
"X6421_NEG_13_433.11401944865",6421,"NEG",13,433.114272624739,433.11401944865,433.11402045244,"C21 H22 O10"
"X6422_NEG_13_433.150406822607",6422,"NEG",13,433.150660910167,433.150406822607,433.150405961788,"C22 H26 O9"
"X6423_NEG_13_433.186790878211",6423,"NEG",13,433.187044769187,433.186790878211,433.18679147114,"C23 H30 O8"
"X6425_NEG_13_435.056902421047",6425,"NEG",13,435.057148160114,435.056902421047,435.056899498199,"C19 H16 O12"
"X6426_NEG_13_435.093281928345",6426,"NEG",13,435.093534135574,435.093281928345,435.093285007548,"C20 H20 O11"
"X6427_NEG_13_435.129678164964",6427,"NEG",13,435.129933445819,435.129678164964,435.1296705169,"C21 H24 O10"
"X6428_NEG_13_435.166069405441",6428,"NEG",13,435.16632519902,435.166069405441,435.166056026248,"C22 H28 O9"
"X6429_NEG_13_435.202453158316",6429,"NEG",13,435.202707991995,435.202453158316,435.202441535599,"C23 H32 O8"
"X6430_NEG_13_437.03617159646",6430,"NEG",13,437.036415241277,437.03617159646,437.036164053309,"C18 H14 O13"
"X6431_NEG_13_437.072554670589",6431,"NEG",13,437.072800687781,437.072554670589,437.072549562659,"C19 H18 O12"
"X6432_NEG_13_437.108938492223",6432,"NEG",13,437.109193824726,437.108938492223,437.108935072008,"C20 H22 O11"
"X6433_NEG_13_437.145334677036",6433,"NEG",13,437.145592097148,437.145334677036,437.145320581359,"C21 H26 O10"
"X6434_NEG_13_437.181716190739",6434,"NEG",13,437.181973668166,437.181716190739,437.18170609071,"C22 H30 O9"
"X6435_NEG_13_437.218100575923",6435,"NEG",13,437.218356596122,437.218100575923,437.218091600058,"C23 H34 O8"
"X6436_NEG_13_439.030658016089",6436,"NEG",13,439.030905048727,439.030658016089,439.030684749709,"C21 H12 O11"
"X6438_NEG_13_439.06701624354",6438,"NEG",13,439.067262589555,439.06701624354,439.067070259059,"C22 H16 O10"
"X6440_NEG_13_439.124599518484",6440,"NEG",13,439.124856866242,439.124599518484,439.124585136468,"C20 H24 O11"
"X6441_NEG_13_439.160984410843",6441,"NEG",13,439.161243535463,439.160984410843,439.160970645819,"C21 H28 O10"
"X6442_NEG_13_439.197370006423",6442,"NEG",13,439.19762851392,439.197370006423,439.19735615517,"C22 H32 O9"
"X6444_NEG_13_441.046300649425",6444,"NEG",13,441.046551082932,441.046300649425,441.046334814169,"C21 H14 O11"
"X6445_NEG_13_441.082711594332",6445,"NEG",13,441.082958046381,441.082711594332,441.082720323519,"C22 H18 O10"
"X6446_NEG_13_441.119062296067",6446,"NEG",13,441.119309895177,441.119062296067,441.119105832869,"C23 H22 O9"
"X6447_NEG_13_441.140241040805",6447,"NEG",13,441.140500417575,441.140241040805,441.14023520093,"C20 H26 O11"
"X6448_NEG_13_441.176617953978",6448,"NEG",13,441.176878487929,441.176617953978,441.176620710278,"C21 H30 O10"
"X6449_NEG_13_443.025590845453",6449,"NEG",13,443.025842097177,443.025590845453,443.02559936928,"C20 H12 O12"
"X6450_NEG_13_443.06197531569",6450,"NEG",13,443.062227104616,443.06197531569,443.061984878629,"C21 H16 O11"
"X6451_NEG_13_443.09835327357",6451,"NEG",13,443.098604860061,443.09835327357,443.098370387979,"C22 H20 O10"
"X6452_NEG_13_443.119540908394",6452,"NEG",13,443.119787271228,443.119540908394,443.119499756039,"C19 H24 O12"
"X6453_NEG_13_443.134730049594",6453,"NEG",13,443.13497996714,443.134730049594,443.134755897329,"C23 H24 O9"
"X6454_NEG_13_443.155992751176",6454,"NEG",13,443.156250813131,443.155992751176,443.15588526539,"C20 H28 O11"
"X6455_NEG_13_443.171145659728",6455,"NEG",13,443.171397139128,443.171145659728,443.171141406679,"C24 H28 O8"
"X6456_NEG_13_445.04125139493",6456,"NEG",13,445.04150509959,445.04125139493,445.041249433739,"C20 H14 O12"
"X6457_NEG_13_445.077639938739",6457,"NEG",13,445.077894465517,445.077639938739,445.077634943089,"C21 H18 O11"
"X6458_NEG_13_445.114005328125",6458,"NEG",13,445.114261920623,445.114005328125,445.114020452439,"C22 H22 O10"
"X6459_NEG_13_445.150382785112",6459,"NEG",13,445.150643710539,445.150382785112,445.150405961788,"C23 H26 O9"
"X6460_NEG_13_445.171526127753",6460,"NEG",13,445.171787675728,445.171526127753,445.171535329849,"C20 H30 O11"
"X6461_NEG_13_445.186799659562",6461,"NEG",13,445.187060073193,445.186799659562,445.18679147114,"C24 H30 O8"
"X6462_NEG_13_447.020528794901",6462,"NEG",13,447.020778104563,447.020528794901,447.020513988849,"C19 H12 O13"
"X6463_NEG_13_447.056899845286",6463,"NEG",13,447.057152517464,447.056899845286,447.056899498199,"C20 H16 O12"
"X6464_NEG_13_447.093212493509",6464,"NEG",13,447.093469785996,447.093212493509,447.093285007549,"C21 H20 O11"
"X6465_NEG_13_447.129657709298",6465,"NEG",13,447.12992024959,447.129657709298,447.1296705169,"C22 H24 O10"
"X6466_NEG_13_447.166042275624",6466,"NEG",13,447.166307452281,447.166042275624,447.166056026248,"C23 H28 O9"
"X6467_NEG_13_447.202440257184",6467,"NEG",13,447.202705106781,447.202440257184,447.202441535599,"C24 H32 O8"
"X6468_NEG_13_449.036202166084",6468,"NEG",13,449.036456772549,449.036202166084,449.036164053309,"C19 H14 O13"
"X6469_NEG_13_449.072527653036",6469,"NEG",13,449.072781940255,449.072527653036,449.072549562659,"C20 H18 O12"
"X6470_NEG_13_449.108943244939",6470,"NEG",13,449.109207434896,449.108943244939,449.108935072009,"C21 H22 O11"
"X6471_NEG_13_449.145319552272",6471,"NEG",13,449.145586828546,449.145319552272,449.145320581359,"C22 H26 O10"
"X6472_NEG_13_449.18171279783",6472,"NEG",13,449.181980166656,449.18171279783,449.181706090711,"C23 H30 O9"
"X6473_NEG_13_449.218110467286",6473,"NEG",13,449.218374753423,449.218110467286,449.218091600058,"C24 H34 O8"
"X6474_NEG_13_451.051859362054",6474,"NEG",13,451.052110986989,451.051859362054,451.051814117769,"C19 H16 O13"
"X6475_NEG_13_451.088193712137",6475,"NEG",13,451.08844723279,451.088193712137,451.088199627119,"C20 H20 O12"
"X6476_NEG_13_451.124580357761",6476,"NEG",13,451.124845939729,451.124580357761,451.124585136468,"C21 H24 O11"
"X6477_NEG_13_451.160975723082",6477,"NEG",13,451.161244701463,451.160975723082,451.160970645819,"C22 H28 O10"
"X6478_NEG_13_451.197367607965",6478,"NEG",13,451.197635869019,451.197367607965,451.19735615517,"C23 H32 O9"
"X6479_NEG_13_451.233718452558",6479,"NEG",13,451.23399359112,451.233718452558,451.233741664519,"C24 H36 O8"
"X6480_NEG_13_453.04629426961",6480,"NEG",13,453.046547285274,453.04629426961,453.046334814169,"C22 H14 O11"
"X6482_NEG_13_453.103868016144",6482,"NEG",13,453.104127500483,453.103868016144,453.103849691579,"C20 H22 O12"
"X6484_NEG_13_453.140249087236",6484,"NEG",13,453.14051815261,453.140249087236,453.14023520093,"C21 H26 O11"
"X6485_NEG_13_453.17663996427",6485,"NEG",13,453.176910139859,453.17663996427,453.176620710278,"C22 H30 O10"
"X6486_NEG_13_453.213014367688",6486,"NEG",13,453.213281932155,453.213014367688,453.21300621963,"C23 H34 O9"
"X6487_NEG_13_455.025592581381",6487,"NEG",13,455.025849414516,455.025592581381,455.025599369279,"C21 H12 O12"
"X6488_NEG_13_455.061953131264",6488,"NEG",13,455.062209342939,455.061953131264,455.061984878629,"C22 H16 O11"
"X6490_NEG_13_455.098315269671",6490,"NEG",13,455.098569997024,455.098315269671,455.098370387979,"C23 H20 O10"
"X6491_NEG_13_455.119520030009",6491,"NEG",13,455.119779206177,455.119520030009,455.119499756039,"C20 H24 O12"
"X6493_NEG_13_455.15590146061",6493,"NEG",13,455.156171213633,455.15590146061,455.15588526539,"C21 H28 O11"
"X6494_NEG_13_455.192285562796",6494,"NEG",13,455.192555943068,455.192285562796,455.192270774738,"C22 H32 O10"
"X6495_NEG_13_457.041255296137",6495,"NEG",13,457.041516117662,457.041255296137,457.041249433739,"C21 H14 O12"
"X6496_NEG_13_457.07762306401",6496,"NEG",13,457.077882848565,457.07762306401,457.077634943089,"C22 H18 O11"
"X6497_NEG_13_457.114007010942",6497,"NEG",13,457.114264772489,457.114007010942,457.114020452439,"C23 H22 O10"
"X6498_NEG_13_457.135167831916",6498,"NEG",13,457.135421899856,457.135167831916,457.135149820499,"C20 H26 O12"
"X6499_NEG_13_457.150392412255",6499,"NEG",13,457.150651125595,457.150392412255,457.150405961789,"C24 H26 O9"
"X6500_NEG_13_457.171558345482",6500,"NEG",13,457.171827775545,457.171558345482,457.171535329849,"C21 H30 O11"
"X6502_NEG_13_459.020525382955",6502,"NEG",13,459.020782144241,459.020525382955,459.020513988849,"C20 H12 O13"
"X6503_NEG_13_459.056905533819",6503,"NEG",13,459.057167160039,459.056905533819,459.056899498199,"C21 H16 O12"
"X6504_NEG_13_459.093238393515",6504,"NEG",13,459.093499018354,459.093238393515,459.093285007549,"C22 H20 O11"
"X6505_NEG_13_459.129627950882",6505,"NEG",13,459.129892348647,459.129627950882,459.1296705169,"C23 H24 O10"
"X6506_NEG_13_459.166051551857",6506,"NEG",13,459.166320763364,459.166051551857,459.166056026248,"C24 H28 O9"
"X6507_NEG_13_459.187214485719",6507,"NEG",13,459.187490308301,459.187214485719,459.187185394309,"C21 H32 O11"
"X6508_NEG_13_459.202481613114",6508,"NEG",13,459.202746651448,459.202481613114,459.202441535599,"C25 H32 O8"
"X6509_NEG_13_461.036198145431",6509,"NEG",13,461.036457385192,461.036198145431,461.036164053309,"C20 H14 O13"
"X6510_NEG_13_461.072590469465",6510,"NEG",13,461.072853214924,461.072590469465,461.072549562659,"C21 H18 O12"
"X6511_NEG_13_461.108933917844",6511,"NEG",13,461.109202014627,461.108933917844,461.108935072009,"C22 H22 O11"
"X6512_NEG_13_461.145304971712",6512,"NEG",13,461.145577121213,461.145304971712,461.145320581359,"C23 H26 O10"
"X6513_NEG_13_461.218102798339",6513,"NEG",13,461.21837347286,461.218102798339,461.218091600059,"C25 H34 O8"
"X6514_NEG_13_463.051829532668",6514,"NEG",13,463.052091199662,463.051829532668,463.05181411777,"C20 H16 O13"
"X6515_NEG_13_463.088217380512",6515,"NEG",13,463.088481361127,463.088217380512,463.088199627119,"C21 H20 O12"
"X6516_NEG_13_463.124590398476",6516,"NEG",13,463.124864714476,463.124590398476,463.124585136468,"C22 H24 O11"
"X6517_NEG_13_463.160930051178",6517,"NEG",13,463.161204930709,463.160930051178,463.160970645819,"C23 H28 O10"
"X6518_NEG_13_463.197381732419",6518,"NEG",13,463.197659021916,463.197381732419,463.19735615517,"C24 H32 O9"
"X6521_NEG_13_465.06746772762",6521,"NEG",13,465.067726841375,465.06746772762,465.067464182229,"C20 H18 O13"
"X6522_NEG_13_465.103856456227",6522,"NEG",13,465.104122442843,465.103856456227,465.103849691579,"C21 H22 O12"
"X6523_NEG_13_465.140214438401",6523,"NEG",13,465.140491970272,465.140214438401,465.14023520093,"C22 H26 O11"
"X6524_NEG_13_465.176605317154",6524,"NEG",13,465.176885068596,465.176605317154,465.176620710278,"C23 H30 O10"
"X6525_NEG_13_465.212999834731",6525,"NEG",13,465.21327724489,465.212999834731,465.21300621963,"C24 H34 O9"
"X6528_NEG_13_467.083120601516",6528,"NEG",13,467.083381718735,467.083120601516,467.083114246689,"C20 H20 O13"
"X6530_NEG_13_467.119487280482",6530,"NEG",13,467.119757915156,467.119487280482,467.119499756038,"C21 H24 O12"
"X6531_NEG_13_467.155828936901",6531,"NEG",13,467.156104885171,467.155828936901,467.15588526539,"C22 H28 O11"
"X6532_NEG_13_467.192270618716",6532,"NEG",13,467.192550812107,467.192270618716,467.192270774738,"C23 H32 O10"
"X6533_NEG_13_467.228650528023",6533,"NEG",13,467.228924356382,467.228650528023,467.228656284089,"C24 H36 O9"
"X6534_NEG_13_469.041208036723",6534,"NEG",13,469.041472105003,469.041208036723,469.041249433739,"C22 H14 O12"
"X6535_NEG_13_469.07758654053",6535,"NEG",13,469.07784958865,469.07758654053,469.077634943089,"C23 H18 O11"
"X6537_NEG_13_469.113981519946",6537,"NEG",13,469.114242507638,469.113981519946,469.11402045244,"C24 H22 O10"
"X6538_NEG_13_469.135165909452",6538,"NEG",13,469.135436046251,469.135165909452,469.135149820499,"C21 H26 O12"
"X6540_NEG_13_469.171526162914",6540,"NEG",13,469.171806714588,469.171526162914,469.171535329849,"C22 H30 O11"
"X6541_NEG_13_469.207918095264",6541,"NEG",13,469.208198663205,469.207918095264,469.2079208392,"C23 H34 O10"
"X6542_NEG_13_471.020534281147",6542,"NEG",13,471.020795271927,471.020534281147,471.020513988849,"C21 H12 O13"
"X6543_NEG_13_471.056874550324",6543,"NEG",13,471.057140625547,471.056874550324,471.056899498199,"C22 H16 O12"
"X6544_NEG_13_471.093236855132",6544,"NEG",13,471.093504141471,471.093236855132,471.093285007549,"C23 H20 O11"
"X6545_NEG_13_471.129643936821",6545,"NEG",13,471.129907791916,471.129643936821,471.129670516899,"C24 H24 O10"
"X6546_NEG_13_471.150814826121",6546,"NEG",13,471.151080298186,471.150814826121,471.150799884959,"C21 H28 O12"
"X6547_NEG_13_471.166063463373",6547,"NEG",13,471.166326082396,471.166063463373,471.166056026249,"C25 H28 O9"
"X6548_NEG_13_471.187180210093",6548,"NEG",13,471.187457920415,471.187180210093,471.187185394309,"C22 H32 O11"
"X6549_NEG_13_473.036159069494",6549,"NEG",13,473.036425144381,473.036159069494,473.036164053309,"C21 H14 O13"
"X6550_NEG_13_473.07254521675",6550,"NEG",13,473.072814748615,473.07254521675,473.072549562658,"C22 H18 O12"
"X6551_NEG_13_473.10891642336",6551,"NEG",13,473.109185084805,473.10891642336,473.108935072009,"C23 H22 O11"
"X6552_NEG_13_473.145280764777",6552,"NEG",13,473.145559301372,473.145280764777,473.145320581359,"C24 H26 O10"
"X6553_NEG_13_473.18167148109",6553,"NEG",13,473.181944529816,473.18167148109,473.181706090709,"C25 H30 O9"
"X6554_NEG_13_475.051824637625",6554,"NEG",13,475.052093047234,475.051824637625,475.05181411777,"C21 H16 O13"
"X6555_NEG_13_475.088215159127",6555,"NEG",13,475.088486486506,475.088215159127,475.088199627119,"C22 H20 O12"
"X6556_NEG_13_475.124537142715",6556,"NEG",13,475.124813290088,475.124537142715,475.124585136469,"C23 H24 O11"
"X6557_NEG_13_475.197355914494",6557,"NEG",13,475.197638117288,475.197355914494,475.19735615517,"C25 H32 O9"
"X6559_NEG_13_477.067482669787",6559,"NEG",13,477.06775092771,477.067482669787,477.067464182229,"C21 H18 O13"
"X6560_NEG_13_477.103852023505",6560,"NEG",13,477.104124573266,477.103852023505,477.103849691579,"C22 H22 O12"
"X6561_NEG_13_477.176612785802",6561,"NEG",13,477.176900020749,477.176612785802,477.176620710278,"C24 H30 O10"
"X6562_NEG_13_477.21299464469",6562,"NEG",13,477.213280140294,477.21299464469,477.21300621963,"C25 H34 O9"
"X6563_NEG_13_479.046744909424",6563,"NEG",13,479.047009878484,479.046744909424,479.046728737339,"C20 H16 O14"
"X6564_NEG_13_479.08315719807",6564,"NEG",13,479.08342265658,479.08315719807,479.083114246689,"C21 H20 O13"
"X6565_NEG_13_479.119517240258",6565,"NEG",13,479.119794953306,479.119517240258,479.119499756038,"C22 H24 O12"
"X6566_NEG_13_479.155890010274",6566,"NEG",13,479.156176940952,479.155890010274,479.15588526539,"C23 H28 O11"
"X6567_NEG_13_479.192276486522",6567,"NEG",13,479.192565874328,479.192276486522,479.192270774738,"C24 H32 O10"
"X6568_NEG_13_479.228656073711",6568,"NEG",13,479.228939297518,479.228656073711,479.228656284089,"C25 H36 O9"
"X6569_NEG_13_481.041233157873",6569,"NEG",13,481.041497985422,481.041233157873,481.041249433739,"C23 H14 O12"
"X6571_NEG_13_481.098783886821",6571,"NEG",13,481.09904935384,481.098783886821,481.098764311149,"C21 H22 O13"
"X6572_NEG_13_481.171514600682",6572,"NEG",13,481.1718040012,481.171514600682,481.171535329849,"C23 H30 O11"
"X6573_NEG_13_481.20792758005",6573,"NEG",13,481.208217171822,481.20792758005,481.207920839201,"C24 H34 O10"
"X6574_NEG_13_483.056904174379",6574,"NEG",13,483.057173352158,483.056904174379,483.056899498199,"C23 H16 O12"
"X6575_NEG_13_483.093245975092",6575,"NEG",13,483.093514586527,483.093245975092,483.093285007549,"C24 H20 O11"
"X6577_NEG_13_483.150827235902",6577,"NEG",13,483.151109733558,483.150827235902,483.150799884958,"C22 H28 O12"
"X6578_NEG_13_483.187192601015",6578,"NEG",13,483.187480111938,483.187192601015,483.187185394309,"C23 H32 O11"
"X6579_NEG_13_483.223557947109",6579,"NEG",13,483.223844888197,483.223557947109,483.223570903659,"C24 H36 O10"
"X6580_NEG_13_485.036192201539",6580,"NEG",13,485.036465199548,485.036192201539,485.036164053309,"C22 H14 O13"
"X6581_NEG_13_485.108907403539",6581,"NEG",13,485.109178920612,485.108907403539,485.108935072009,"C24 H22 O11"
"X6583_NEG_13_485.166462733873",6583,"NEG",13,485.166740250676,485.166462733873,485.166449949418,"C22 H30 O12"
"X6585_NEG_13_485.202838461943",6585,"NEG",13,485.203125999441,485.202838461943,485.202835458768,"C23 H34 O11"
"X6586_NEG_13_487.051836192659",6586,"NEG",13,487.052108640006,487.051836192659,487.05181411777,"C22 H16 O13"
"X6587_NEG_13_487.088202627937",6587,"NEG",13,487.088480590765,487.088202627937,487.088199627119,"C23 H20 O12"
"X6588_NEG_13_487.12455973409",6588,"NEG",13,487.124832263469,487.12455973409,487.124585136469,"C24 H24 O11"
"X6589_NEG_13_487.139153028965",6589,"NEG",13,487.139451317647,487.139153028965,487.13918982908,"C20 H28 O10 N2 S1"
"X6590_NEG_13_487.160925442073",6590,"NEG",13,487.161200281314,487.160925442073,487.160970645819,"C25 H28 O10"
"X6591_NEG_13_487.197354198162",6591,"NEG",13,487.197629368131,487.197354198162,487.197356155169,"C26 H32 O9"
"X6593_NEG_13_489.067453302975",6593,"NEG",13,489.067728589602,489.067453302975,489.067464182229,"C22 H18 O13"
"X6594_NEG_13_489.10383541525",6594,"NEG",13,489.104110233323,489.10383541525,489.103849691579,"C23 H22 O12"
"X6595_NEG_13_489.176572682538",6595,"NEG",13,489.17686145276,489.176572682538,489.176620710278,"C25 H30 O10"
"X6596_NEG_13_489.213011129291",6596,"NEG",13,489.213297475808,489.213011129291,489.21300621963,"C26 H34 O9"
"X6597_NEG_13_491.046749036896",6597,"NEG",13,491.047023118753,491.046749036896,491.046728737339,"C21 H16 O14"
"X6598_NEG_13_491.083074034099",6598,"NEG",13,491.083349174055,491.083074034099,491.083114246689,"C22 H20 O13"
"X6599_NEG_13_491.119486528209",6599,"NEG",13,491.119769691886,491.119486528209,491.119499756039,"C23 H24 O12"
"X6600_NEG_13_491.15584519209",6600,"NEG",13,491.156138128196,491.15584519209,491.15588526539,"C24 H28 O11"
"X6601_NEG_13_491.192251882627",6601,"NEG",13,491.192545790166,491.192251882627,491.192270774738,"C25 H32 O10"
"X6602_NEG_13_491.228669831221",6602,"NEG",13,491.228959975893,491.228669831221,491.228656284089,"C26 H36 O9"
"X6604_NEG_13_493.09875890942",6604,"NEG",13,493.099032474059,493.09875890942,493.098764311149,"C22 H22 O13"
"X6605_NEG_13_493.135151219439",6605,"NEG",13,493.135440298539,493.135151219439,493.135149820499,"C23 H26 O12"
"X6606_NEG_13_493.171507357934",6606,"NEG",13,493.171801859749,493.171507357934,493.171535329849,"C24 H30 O11"
"X6607_NEG_13_493.207913812695",6607,"NEG",13,493.208210353701,493.207913812695,493.207920839201,"C25 H34 O10"
"X6609_NEG_13_495.11440763377",6609,"NEG",13,495.1146843424,495.11440763377,495.114414375609,"C22 H24 O13"
"X6610_NEG_13_495.150780041591",6610,"NEG",13,495.151071836809,495.150780041591,495.150799884958,"C23 H28 O12"
"X6611_NEG_13_495.187167517675",6611,"NEG",13,495.187464863278,495.187167517675,495.187185394309,"C24 H32 O11"
"X6612_NEG_13_495.223568100479",6612,"NEG",13,495.223860709876,495.223568100479,495.223570903659,"C25 H36 O10"
"X6613_NEG_13_497.07253492307",6613,"NEG",13,497.072808986161,497.07253492307,497.072549562659,"C24 H18 O12"
"X6615_NEG_13_497.13002980243",6615,"NEG",13,497.130309916392,497.13002980243,497.130064440069,"C22 H26 O13"
"X6616_NEG_13_497.166565450758",6616,"NEG",13,497.166860452747,497.166565450758,497.166449949419,"C23 H30 O12"
"X6617_NEG_13_497.202824619688",6617,"NEG",13,497.203116591198,497.202824619688,497.202835458768,"C24 H34 O11"
"X6618_NEG_13_499.051822259864",6618,"NEG",13,499.052099172333,499.051822259864,499.05181411777,"C23 H16 O13"
"X6619_NEG_13_499.08817251294",6619,"NEG",13,499.088447461832,499.08817251294,499.088199627119,"C24 H20 O12"
"X6621_NEG_13_499.16095792817",6621,"NEG",13,499.161243805885,499.16095792817,499.160970645819,"C26 H28 O10"
"X6622_NEG_13_499.182127233399",6622,"NEG",13,499.182409470913,499.182127233399,499.18210001388,"C23 H32 O12"
"X6623_NEG_13_501.031089166434",6623,"NEG",13,501.031364184364,501.031089166434,501.031078672879,"C22 H14 O14"
"X6624_NEG_13_501.067446267512",6624,"NEG",13,501.067725194713,501.067446267512,501.067464182229,"C23 H18 O13"
"X6625_NEG_13_501.10384738865",6625,"NEG",13,501.104126205968,501.10384738865,501.103849691579,"C24 H22 O12"
"X6626_NEG_13_501.14017996389",6626,"NEG",13,501.14046014777,501.14017996389,501.140235200928,"C25 H26 O11"
"X6627_NEG_13_503.046723742133",6627,"NEG",13,503.047006230601,503.046723742133,503.046728737339,"C22 H16 O14"
"X6628_NEG_13_503.083127886456",6628,"NEG",13,503.083408709886,503.083127886456,503.083114246689,"C23 H20 O13"
"X6629_NEG_13_503.119464501003",6629,"NEG",13,503.11974693215,503.119464501003,503.119499756039,"C24 H24 O12"
"X6630_NEG_13_503.15582154482",6630,"NEG",13,503.156106542824,503.15582154482,503.15588526539,"C25 H28 O11"
"X6631_NEG_13_503.192249213585",6631,"NEG",13,503.192539325948,503.192249213585,503.192270774739,"C26 H32 O10"
"X6633_NEG_13_505.062402365822",6633,"NEG",13,505.062679554972,505.062402365822,505.062378801799,"C22 H18 O14"
"X6634_NEG_13_505.098771624713",6634,"NEG",13,505.099050620974,505.098771624713,505.098764311149,"C23 H22 O13"
"X6635_NEG_13_505.135095886562",6635,"NEG",13,505.135395068504,505.135095886562,505.135149820499,"C24 H26 O12"
"X6636_NEG_13_505.171484778545",6636,"NEG",13,505.1717815752,505.171484778545,505.171535329849,"C25 H30 O11"
"X6637_NEG_13_505.20788445871",6637,"NEG",13,505.208181137454,505.20788445871,505.2079208392,"C26 H34 O10"
"X6639_NEG_13_507.078030940154",6639,"NEG",13,507.078313688488,507.078030940154,507.07802886626,"C22 H20 O14"
"X6640_NEG_13_507.114373318782",6640,"NEG",13,507.114654335624,507.114373318782,507.114414375609,"C23 H24 O13"
"X6641_NEG_13_507.150711771446",6641,"NEG",13,507.151002345636,507.150711771446,507.150799884959,"C24 H28 O12"
"X6642_NEG_13_507.223542039781",6642,"NEG",13,507.223839004431,507.223542039781,507.223570903659,"C26 H36 O10"
"X6646_NEG_13_509.166410584065",6646,"NEG",13,509.166707257749,509.166410584065,509.166449949419,"C24 H30 O12"
"X6647_NEG_13_509.202797528596",6647,"NEG",13,509.203095066384,509.202797528596,509.202835458768,"C25 H34 O11"
"X6651_NEG_13_511.145707533772",6651,"NEG",13,511.145991220232,511.145707533772,511.145714504529,"C23 H28 O13"
"X6652_NEG_13_511.182084530627",6652,"NEG",13,511.182378595791,511.182084530627,511.18210001388,"C24 H32 O12"
"X6653_NEG_13_511.218448241379",6653,"NEG",13,511.218746377916,511.218448241379,511.21848552323,"C25 H36 O11"
"X6654_NEG_13_513.067423511429",6654,"NEG",13,513.067705862906,513.067423511429,513.067464182229,"C24 H18 O13"
"X6655_NEG_13_513.103813737477",6655,"NEG",13,513.10409392088,513.103813737477,513.103849691579,"C25 H22 O12"
"X6658_NEG_13_515.046718482013",6658,"NEG",13,515.04700386323,515.046718482013,515.046728737339,"C23 H16 O14"
"X6659_NEG_13_515.083057917269",6659,"NEG",13,515.083343873203,515.083057917269,515.083114246689,"C24 H20 O13"
"X6662_NEG_13_515.192221341719",6662,"NEG",13,515.1925058124,515.192221341719,515.192270774739,"C27 H32 O10"
"X6664_NEG_13_517.062404559249",6664,"NEG",13,517.062692895486,517.062404559249,517.062378801799,"C23 H18 O14"
"X6665_NEG_13_517.098751290012",6665,"NEG",13,517.099033365606,517.098751290012,517.098764311149,"C24 H22 O13"
"X6666_NEG_13_517.135074273166",6666,"NEG",13,517.135358279235,517.135074273166,517.135149820499,"C25 H26 O12"
"X6667_NEG_13_517.171466541498",6667,"NEG",13,517.171751057381,517.171466541498,517.171535329849,"C26 H30 O11"
"X6668_NEG_13_517.207914490969",6668,"NEG",13,517.208203277791,517.207914490969,517.207920839199,"C27 H34 O10"
"X6669_NEG_13_519.078012526274",6669,"NEG",13,519.078296464944,519.078012526274,519.078028866259,"C23 H20 O14"
"X6670_NEG_13_519.114360499991",6670,"NEG",13,519.114648623934,519.114360499991,519.114414375609,"C24 H24 O13"
"X6671_NEG_13_519.150724674094",6671,"NEG",13,519.151015722106,519.150724674094,519.150799884959,"C25 H28 O12"
"X6672_NEG_13_519.2235556413",6672,"NEG",13,519.223851706457,519.2235556413,519.223570903659,"C27 H36 O10"
"X6673_NEG_13_521.093646396143",6673,"NEG",13,521.093929410554,521.093646396143,521.093678930719,"C23 H22 O14"
"X6674_NEG_13_521.129992137969",6674,"NEG",13,521.130277598399,521.129992137969,521.130064440069,"C24 H26 O13"
"X6675_NEG_13_521.166404440766",6675,"NEG",13,521.166703298836,521.166404440766,521.166449949419,"C25 H30 O12"
"X6676_NEG_13_521.202803633709",6676,"NEG",13,521.203112320801,521.202803633709,521.202835458768,"C26 H34 O11"
"X6677_NEG_13_521.23923222415",6677,"NEG",13,521.239529499219,521.23923222415,521.239220968119,"C27 H38 O10"
"X6680_NEG_13_523.145679071746",6680,"NEG",13,523.145970453657,523.145679071746,523.145714504529,"C24 H28 O13"
"X6681_NEG_13_523.1820561839",6681,"NEG",13,523.182362074596,523.1820561839,523.18210001388,"C25 H32 O12"
"X6682_NEG_13_523.218473363295",6682,"NEG",13,523.218772029239,523.218473363295,523.218485523229,"C26 H36 O11"
"X6683_NEG_13_525.067433759352",6683,"NEG",13,525.067719000555,525.067433759352,525.067464182229,"C25 H18 O13"
"X6687_NEG_13_525.197715774023",6687,"NEG",13,525.198003937884,525.197715774023,525.197750078339,"C25 H34 O12"
"X6688_NEG_13_527.046710032056",6688,"NEG",13,527.046995139002,527.046710032056,527.046728737339,"C24 H16 O14"
"X6692_NEG_13_529.062362308176",6692,"NEG",13,529.0626517043,529.062362308176,529.062378801799,"C24 H18 O14"
"X6693_NEG_13_529.09876013778",6693,"NEG",13,529.099047807269,529.09876013778,529.098764311149,"C25 H22 O13"
"X6697_NEG_13_531.078030392438",6697,"NEG",13,531.078318472245,531.078030392438,531.078028866259,"C24 H20 O14"
"X6698_NEG_13_531.11433356174",6698,"NEG",13,531.114620845274,531.11433356174,531.114414375609,"C25 H24 O13"
"X6699_NEG_13_531.150734698774",6699,"NEG",13,531.151023176818,531.150734698774,531.150799884959,"C26 H28 O12"
"X6702_NEG_13_533.057263884255",6702,"NEG",13,533.057553592382,533.057263884255,533.057293421369,"C23 H18 O15"
"X6703_NEG_13_533.093699564284",6703,"NEG",13,533.093987088407,533.093699564284,533.093678930719,"C24 H22 O14"
"X6704_NEG_13_533.130028263835",6704,"NEG",13,533.130315736643,533.130028263835,533.130064440069,"C25 H26 O13"
"X6705_NEG_13_533.16639816797",6705,"NEG",13,533.166690052755,533.16639816797,533.166449949419,"C26 H30 O12"
"X6709_NEG_13_535.109318529148",6709,"NEG",13,535.109605289983,535.109318529148,535.109328995179,"C24 H24 O14"
"X6710_NEG_13_535.145648423426",6710,"NEG",13,535.14594521675,535.145648423426,535.145714504529,"C25 H28 O13"
"X6711_NEG_13_535.182053394595",6711,"NEG",13,535.182347940852,535.182053394595,535.18210001388,"C26 H32 O12"
"X6712_NEG_13_535.218442675006",6712,"NEG",13,535.218744561578,535.218442675006,535.218485523229,"C27 H36 O11"
"X6714_NEG_13_537.161358735709",6714,"NEG",13,537.161652603093,537.161358735709,537.161364568989,"C25 H30 O13"
"X6715_NEG_13_537.197739628653",6715,"NEG",13,537.198038574912,537.197739628653,537.197750078339,"C26 H34 O12"
"X6717_NEG_13_539.083122204283",6717,"NEG",13,539.083401425286,539.083122204283,539.083114246689,"C26 H20 O13"
"X6719_NEG_13_539.213396103938",6719,"NEG",13,539.213690079301,539.213396103938,539.213400142799,"C26 H36 O12"
"X6720_NEG_13_541.062349265314",6720,"NEG",13,541.06263612175,541.062349265314,541.062378801799,"C25 H18 O14"
"X6721_NEG_13_541.098745658129",6721,"NEG",13,541.099032954786,541.098745658129,541.098764311149,"C26 H22 O13"
"X6724_NEG_13_543.114398890909",6724,"NEG",13,543.114693365256,543.114398890909,543.114414375609,"C26 H24 O13"
"X6727_NEG_13_545.093653387938",6727,"NEG",13,545.09394179044,545.093653387938,545.093678930719,"C25 H22 O14"
"X6728_NEG_13_545.130018913361",6728,"NEG",13,545.130312801768,545.130018913361,545.130064440069,"C26 H26 O13"
"X6729_NEG_13_545.16637780794",6729,"NEG",13,545.166663354539,545.16637780794,545.166449949419,"C27 H30 O12"
"X6731_NEG_13_547.072939490329",6731,"NEG",13,547.073224758452,547.072939490329,547.072943485829,"C24 H20 O15"
"X6732_NEG_13_547.109348842312",6732,"NEG",13,547.109641146762,547.109348842312,547.109328995179,"C25 H24 O14"
"X6734_NEG_13_547.18203418351",6734,"NEG",13,547.182339235383,547.18203418351,547.18210001388,"C27 H32 O12"
"X6735_NEG_13_547.218482757576",6735,"NEG",13,547.218777227218,547.218482757576,547.21848552323,"C28 H36 O11"
"X6739_NEG_13_549.197731304868",6739,"NEG",13,549.198032180149,549.197731304868,549.197750078339,"C27 H34 O12"
"X6742_NEG_13_551.176998209729",6742,"NEG",13,551.177293030676,551.176998209729,551.177014633449,"C26 H32 O13"
"X6743_NEG_13_551.21338242061",6743,"NEG",13,551.213674946207,551.21338242061,551.213400142799,"C27 H36 O12"
"X6745_NEG_13_553.19269219694",6745,"NEG",13,553.19298670539,553.19269219694,553.192664697909,"C26 H34 O13"
"X6749_NEG_13_557.093651097846",6749,"NEG",13,557.093942117806,557.093651097846,557.093678930719,"C26 H22 O14"
"X6752_NEG_13_559.072945880375",6752,"NEG",13,559.073243329103,559.072945880375,559.072943485829,"C25 H20 O15"
"X6753_NEG_13_559.109346931904",6753,"NEG",13,559.109636780199,559.109346931904,559.109328995179,"C26 H24 O14"
"X6755_NEG_13_561.088606744455",6755,"NEG",13,561.088899544472,561.088606744455,561.088593550289,"C25 H22 O15"
"X6756_NEG_13_561.124923091684",6756,"NEG",13,561.125212482164,561.124923091684,561.124979059639,"C26 H26 O14"
"X6757_NEG_13_561.161252620375",6757,"NEG",13,561.161542152421,561.161252620375,561.161364568989,"C27 H30 O13"
"X6762_NEG_13_563.176931618892",6762,"NEG",13,563.177229146548,563.176931618892,563.177014633449,"C27 H32 O13"
"X6774_NEG_13_571.109311843576",6774,"NEG",13,571.109601509523,571.109311843576,571.109328995179,"C27 H24 O14"
"X6792_NEG_14_137.02445849557",6792,"NEG",14,137.024404628788,137.02445849557,137.024417599769,"C7 H6 O3"
"X6793_NEG_14_139.040091884523",6793,"NEG",14,139.040037121506,139.040091884523,139.040067664229,"C7 H8 O3"
"X6795_NEG_14_141.019368060039",6795,"NEG",14,141.019316057207,141.019368060039,141.019332219339,"C6 H6 O4"
"X6797_NEG_14_146.024781958799",6797,"NEG",14,146.024736077491,146.024781958799,146.024751952399,"C8 H5 O2 N1"
"X6798_NEG_14_150.001942451782",6798,"NEG",14,150.001898182621,150.001942451782,150.001908507229,"C7 H5 O1 N1 S1"
"X6800_NEG_14_155.035015886938",6800,"NEG",14,155.034977287393,155.035015886938,155.034982283799,"C7 H8 O4"
"X6801_NEG_14_158.082249738279",6801,"NEG",14,158.082209535761,158.082249738279,158.082266829809,"C7 H13 O3 N1"
"X6802_NEG_14_163.076420023337",6802,"NEG",14,163.0763884463,163.076420023337,163.076453173579,"C10 H12 O2"
"X6803_NEG_14_164.035293513457",6803,"NEG",14,164.035265699235,164.035293513457,164.035316636429,"C8 H7 O3 N1"
"X6804_NEG_14_165.092073668688",6804,"NEG",14,165.092048996094,165.092073668688,165.092103238039,"C10 H14 O2"
"X6805_NEG_14_166.014549087715",6805,"NEG",14,166.014525294655,166.014549087715,166.014581191539,"C7 H5 O4 N1"
"X6808_NEG_14_172.040383804459",6808,"NEG",14,172.040366648406,172.040383804459,172.040402016859,"C10 H7 O2 N1"
"X6809_NEG_14_173.024399799367",6809,"NEG",14,173.024379160531,173.024399799367,173.024417599769,"C10 H6 O3"
"X6810_NEG_14_175.076419411223",6810,"NEG",14,175.076405927986,175.076419411223,175.076453173579,"C11 H12 O2"
"X6811_NEG_14_175.097547345677",6811,"NEG",14,175.097539442493,175.097547345677,175.097582541639,"C8 H16 O4"
"X6812_NEG_14_177.092074505534",6812,"NEG",14,177.092062539741,177.092074505534,177.092103238039,"C11 H14 O2"
"X6813_NEG_14_178.050953290279",6813,"NEG",14,178.050942404425,178.050953290279,178.050966700889,"C9 H9 O3 N1"
"X6814_NEG_14_180.030197656585",6814,"NEG",14,180.030190342931,180.030197656585,180.030231255999,"C8 H7 O4 N1"
"X6815_NEG_14_181.071752020571",6815,"NEG",14,181.071747370519,181.071752020571,181.071761716319,"C6 H14 O6"
"X6816_NEG_14_182.009483351641",6816,"NEG",14,182.009479822162,182.009483351641,182.009495811109,"C7 H5 O5 N1"
"X6818_NEG_14_191.07136409142",6818,"NEG",14,191.071371913652,191.07136409142,191.071367793149,"C11 H12 O3"
"X6820_NEG_14_193.123401267406",6820,"NEG",14,193.123409829886,193.123401267406,193.123403366959,"C12 H18 O2"
"X6821_NEG_14_195.029868861494",6821,"NEG",14,195.029881801604,195.029868861494,195.029896903369,"C9 H8 O5"
"X6823_NEG_14_197.009222432054",6823,"NEG",14,197.009237109217,197.009222432054,197.009161458479,"C8 H6 O6"
"X6826_NEG_14_203.034957007692",6826,"NEG",14,203.034978760346,203.034957007692,203.034982283799,"C11 H8 O4"
"X6827_NEG_14_203.071341200064",6827,"NEG",14,203.071362802618,203.071341200064,203.071367793149,"C12 H12 O3"
"X6829_NEG_14_205.01423361152",6829,"NEG",14,205.014258380414,205.01423361152,205.014246838909,"C10 H6 O5"
"X6830_NEG_14_205.050603162241",6830,"NEG",14,205.050628288865,205.050603162241,205.050632348259,"C11 H10 O4"
"X6831_NEG_14_205.086997693792",6831,"NEG",14,205.087022904453,205.086997693792,205.087017857609,"C12 H14 O3"
"X6833_NEG_14_207.029870527386",6833,"NEG",14,207.02989768449,207.029870527386,207.029896903369,"C10 H8 O5"
"X6834_NEG_14_207.051007142203",6834,"NEG",14,207.051034999608,207.051007142203,207.051026271429,"C7 H12 O7"
"X6835_NEG_14_207.102643319666",6835,"NEG",14,207.102670118391,207.102643319666,207.102667922069,"C12 H16 O3"
"X6837_NEG_14_209.081906585935",6837,"NEG",14,209.08193686634,209.081906585935,209.081932477179,"C11 H14 O4"
"X6838_NEG_14_209.11828878839",6838,"NEG",14,209.118318735425,209.11828878839,209.118317986529,"C12 H18 O3"
"X6839_NEG_14_211.06116859555",6839,"NEG",14,211.061200736606,211.06116859555,211.06119703229,"C10 H12 O5"
"X6840_NEG_14_213.022684432334",6840,"NEG",14,213.022718004835,213.022684432334,213.022703522659,"C9 H10 O4 S1"
"X6842_NEG_14_217.050618068891",6842,"NEG",14,217.050656779866,217.050618068891,217.050632348259,"C12 H10 O4"
"X6843_NEG_14_217.086991197871",6843,"NEG",14,217.087028985796,217.086991197871,217.087017857609,"C13 H14 O3"
"X6844_NEG_14_219.029887272934",6844,"NEG",14,219.029929273145,219.029887272934,219.029896903369,"C11 H8 O5"
"X6845_NEG_14_219.066258275309",6845,"NEG",14,219.06630062986,219.066258275309,219.066282412718,"C12 H12 O4"
"X6846_NEG_14_219.102633701303",6846,"NEG",14,219.102675258456,219.102633701303,219.102667922069,"C13 H16 O3"
"X6847_NEG_14_221.009139649776",6847,"NEG",14,221.009184401931,221.009139649776,221.009161458479,"C10 H6 O6"
"X6848_NEG_14_221.045514711866",6848,"NEG",14,221.04555930633,221.045514711866,221.045546967828,"C11 H10 O5"
"X6849_NEG_14_221.118295666726",6849,"NEG",14,221.11833900446,221.118295666726,221.118317986529,"C13 H18 O3"
"X6851_NEG_14_223.024790021631",6851,"NEG",14,223.024837430495,223.024790021631,223.024811522939,"C10 H8 O6"
"X6852_NEG_14_223.061169310948",6852,"NEG",14,223.06121617985,223.061169310948,223.061197032289,"C11 H12 O5"
"X6853_NEG_14_223.097551883994",6853,"NEG",14,223.097599049297,223.097551883994,223.097582541639,"C12 H16 O4"
"X6854_NEG_14_223.133945836421",6854,"NEG",14,223.133992533804,223.133945836421,223.133968050989,"C13 H20 O3"
"X6855_NEG_14_225.076825526523",6855,"NEG",14,225.076874270164,225.076825526523,225.076847096749,"C11 H14 O5"
"X6857_NEG_14_229.050607544381",6857,"NEG",14,229.050659551737,229.050607544381,229.050632348259,"C13 H10 O4"
"X6858_NEG_14_229.086999574791",6858,"NEG",14,229.087054349194,229.086999574791,229.087017857609,"C14 H14 O3"
"X6861_NEG_14_231.066253584707",6861,"NEG",14,231.066310203081,231.066253584707,231.066282412719,"C13 H12 O4"
"X6862_NEG_14_231.102637057596",6862,"NEG",14,231.102693128048,231.102637057596,231.102667922069,"C14 H16 O3"
"X6863_NEG_14_233.045517842581",6863,"NEG",14,233.045576192353,233.045517842581,233.045546967829,"C12 H10 O5"
"X6864_NEG_14_233.081902424165",6864,"NEG",14,233.081961673019,233.081902424165,233.081932477179,"C13 H14 O4"
"X6865_NEG_14_233.118293565108",6865,"NEG",14,233.118351771777,233.118293565108,233.118317986529,"C14 H18 O3"
"X6866_NEG_14_235.024789047023",6866,"NEG",14,235.024851294557,235.024789047023,235.024811522939,"C11 H8 O6"
"X6867_NEG_14_235.061158054967",6867,"NEG",14,235.061219320528,235.061158054967,235.06119703229,"C12 H12 O5"
"X6868_NEG_14_235.097550722379",6868,"NEG",14,235.097612049704,235.097550722379,235.097582541639,"C13 H16 O4"
"X6869_NEG_14_235.133938440184",6869,"NEG",14,235.13399989208,235.133938440184,235.133968050988,"C14 H20 O3"
"X6871_NEG_14_237.040447741835",6871,"NEG",14,237.040511095955,237.040447741835,237.040461587399,"C11 H10 O6"
"X6872_NEG_14_237.076822474175",6872,"NEG",14,237.076886296904,237.076822474175,237.076847096749,"C12 H14 O5"
"X6873_NEG_14_237.113197360316",6873,"NEG",14,237.113261026165,237.113197360316,237.113232606099,"C13 H18 O4"
"X6876_NEG_14_242.176136897971",6876,"NEG",14,242.176206418653,242.176136897971,242.17616721657,"C13 H25 O3 N1"
"X6877_NEG_14_243.066248472538",6877,"NEG",14,243.066316248928,243.066248472538,243.066282412719,"C14 H12 O4"
"X6878_NEG_14_245.045517519235",6878,"NEG",14,245.04558904029,245.045517519235,245.045546967829,"C13 H10 O5"
"X6879_NEG_14_245.048875148907",6879,"NEG",14,245.048947291522,245.048875148907,245.048918271149,"C10 H14 O5 S1"
"X6880_NEG_14_245.081898560105",6880,"NEG",14,245.081971158551,245.081898560105,245.081932477179,"C14 H14 O4"
"X6881_NEG_14_245.118287468423",6881,"NEG",14,245.118359654952,245.118287468423,245.118317986529,"C15 H18 O3"
"X6882_NEG_14_247.024764488418",6882,"NEG",14,247.024841189451,247.024764488418,247.024811522939,"C12 H8 O6"
"X6883_NEG_14_247.061161001528",6883,"NEG",14,247.061236456251,247.061161001528,247.061197032289,"C13 H12 O5"
"X6884_NEG_14_247.097539162405",6884,"NEG",14,247.097614623884,247.097539162405,247.097582541639,"C14 H16 O4"
"X6885_NEG_14_247.133931625813",6885,"NEG",14,247.134005983142,247.133931625813,247.133968050989,"C15 H20 O3"
"X6886_NEG_14_249.00403746053",6886,"NEG",14,249.004116848006,249.00403746053,249.004076078049,"C11 H6 O7"
"X6887_NEG_14_249.040422453085",6887,"NEG",14,249.040499757318,249.040422453085,249.040461587399,"C12 H10 O6"
"X6888_NEG_14_249.113189566497",6888,"NEG",14,249.113266936455,249.113189566497,249.113232606099,"C14 H18 O4"
"X6889_NEG_14_249.149584202361",6889,"NEG",14,249.149662163055,249.149584202361,249.149618115449,"C15 H22 O3"
"X6890_NEG_14_250.14482619279",6890,"NEG",14,250.144904915811,250.14482619279,250.144867087649,"C14 H21 O3 N1"
"X6892_NEG_14_251.056069329164",6892,"NEG",14,251.056147413657,251.056069329164,251.056111651859,"C12 H12 O6"
"X6893_NEG_14_251.092460872586",6893,"NEG",14,251.092540419091,251.092460872586,251.092497161209,"C13 H16 O5"
"X6894_NEG_14_251.128836157956",6894,"NEG",14,251.128915855539,251.128836157956,251.128882670559,"C14 H20 O4"
"X6896_NEG_14_253.108101463768",6896,"NEG",14,253.1081833143,253.108101463768,253.108147225669,"C13 H18 O5"
"X6898_NEG_14_255.069599505918",6898,"NEG",14,255.069680193831,255.069599505918,255.069653716039,"C12 H16 O4 S1"
"X6899_NEG_14_255.160144486087",6899,"NEG",14,255.160226457906,255.160144486087,255.160182799479,"C14 H24 O4"
"X6900_NEG_14_255.232910347723",6900,"NEG",14,255.232994495098,255.232910347723,255.232953818179,"C16 H32 O2"
"X6902_NEG_14_257.081922406446",6902,"NEG",14,257.082008344468,257.081922406446,257.081932477179,"C15 H14 O4"
"X6903_NEG_14_257.093135386643",6903,"NEG",14,257.093222551434,257.093135386643,257.093165866469,"C14 H14 O3 N2"
"X6904_NEG_14_257.103022649923",6904,"NEG",14,257.103108738706,257.103022649923,257.103061845239,"C12 H18 O6"
"X6905_NEG_14_257.175797536191",6905,"NEG",14,257.17588354408,257.175797536191,257.17583286394,"C14 H26 O4"
"X6906_NEG_14_259.061154493756",6906,"NEG",14,259.061243693878,259.061154493756,259.061197032289,"C14 H12 O5"
"X6907_NEG_14_259.09753489778",6907,"NEG",14,259.097624146397,259.09753489778,259.097582541639,"C15 H16 O4"
"X6908_NEG_14_261.04041139326",6908,"NEG",14,261.040502489967,261.04041139326,261.040461587399,"C13 H10 O6"
"X6909_NEG_14_261.076792778189",6909,"NEG",14,261.076883667146,261.076792778189,261.076847096749,"C14 H14 O5"
"X6910_NEG_14_261.113178957573",6910,"NEG",14,261.113270050964,261.113178957573,261.113232606099,"C15 H18 O4"
"X6911_NEG_14_261.149589727634",6911,"NEG",14,261.149681016935,261.149589727634,261.149618115449,"C16 H22 O3"
"X6912_NEG_14_263.019670412581",6912,"NEG",14,263.019762905322,263.019670412581,263.019726142509,"C12 H8 O7"
"X6913_NEG_14_263.056049161023",6913,"NEG",14,263.056142537134,263.056049161023,263.056111651859,"C13 H12 O6"
"X6914_NEG_14_263.092429824587",6914,"NEG",14,263.092522768094,263.092429824587,263.092497161209,"C14 H16 O5"
"X6915_NEG_14_263.128820443737",6915,"NEG",14,263.128913646476,263.128820443737,263.128882670559,"C15 H20 O4"
"X6917_NEG_14_265.07171520621",6917,"NEG",14,265.071810882149,265.07171520621,265.071761716319,"C13 H14 O6"
"X6918_NEG_14_265.108088769166",6918,"NEG",14,265.108183973338,265.108088769166,265.108147225669,"C14 H18 O5"
"X6919_NEG_14_265.144463855589",6919,"NEG",14,265.144559284068,265.144463855589,265.144532735019,"C15 H22 O4"
"X6920_NEG_14_267.087349237618",6920,"NEG",14,267.087447251484,267.087349237618,267.08741178078,"C13 H16 O6"
"X6921_NEG_14_267.160119865519",6921,"NEG",14,267.160217235823,267.160119865519,267.160182799478,"C15 H24 O4"
"X6922_NEG_14_269.103003587092",6922,"NEG",14,269.103103102603,269.103003587092,269.103061845239,"C13 H18 O6"
"X6923_NEG_14_269.212153931098",6923,"NEG",14,269.212254801094,269.212153931098,269.21221837329,"C16 H30 O3"
"X6925_NEG_14_271.061136075999",6925,"NEG",14,271.061240587949,271.061136075999,271.06119703229,"C15 H12 O5"
"X6926_NEG_14_271.064496769216",6926,"NEG",14,271.064597693568,271.064496769216,271.064568335609,"C12 H16 O5 S1"
"X6927_NEG_14_271.097545967576",6927,"NEG",14,271.097649249192,271.097545967576,271.097582541639,"C16 H16 O4"
"X6928_NEG_14_271.227830242446",6928,"NEG",14,271.227933238762,271.227830242446,271.227868437749,"C16 H32 O3"
"X6929_NEG_14_273.040407944515",6929,"NEG",14,273.040511384896,273.040407944515,273.040461587399,"C14 H10 O6"
"X6930_NEG_14_273.076777310073",6930,"NEG",14,273.076882227425,273.076777310073,273.076847096749,"C15 H14 O5"
"X6931_NEG_14_273.113171615863",6931,"NEG",14,273.113276615949,273.113171615863,273.113232606099,"C16 H18 O4"
"X6932_NEG_14_275.019672135582",6932,"NEG",14,275.01978172472,275.019672135582,275.019726142509,"C13 H8 O7"
"X6933_NEG_14_275.056060392789",6933,"NEG",14,275.056166784077,275.056060392789,275.056111651859,"C14 H12 O6"
"X6934_NEG_14_275.092431326777",6934,"NEG",14,275.092537637727,275.092431326777,275.092497161209,"C15 H16 O5"
"X6935_NEG_14_275.128826547248",6935,"NEG",14,275.128932987087,275.128826547248,275.128882670559,"C16 H20 O4"
"X6936_NEG_14_277.035311529928",6936,"NEG",14,277.03542029895,277.035311529928,277.035376206969,"C13 H10 O7"
"X6937_NEG_14_277.071699880675",6937,"NEG",14,277.071808508552,277.071699880675,277.071761716318,"C14 H14 O6"
"X6938_NEG_14_277.108081405911",6938,"NEG",14,277.10818963263,277.108081405911,277.108147225669,"C15 H18 O5"
"X6939_NEG_14_277.144476301004",6939,"NEG",14,277.144584292301,277.144476301004,277.144532735019,"C16 H22 O4"
"X6940_NEG_14_279.014598846825",6940,"NEG",14,279.014713099763,279.014598846825,279.014640762079,"C12 H8 O8"
"X6941_NEG_14_279.05096443069",6941,"NEG",14,279.051075473254,279.05096443069,279.051026271429,"C13 H12 O7"
"X6942_NEG_14_279.087355155647",6942,"NEG",14,279.08746600518,279.087355155647,279.087411780779,"C14 H16 O6"
"X6943_NEG_14_279.123730883646",6943,"NEG",14,279.123841273504,279.123730883646,279.123797290129,"C15 H20 O5"
"X6945_NEG_14_281.066618534925",6945,"NEG",14,281.066734034446,281.066618534925,281.066676335889,"C13 H14 O7"
"X6946_NEG_14_281.103012454745",6946,"NEG",14,281.103125189275,281.103012454745,281.103061845239,"C14 H18 O6"
"X6947_NEG_14_281.139385993135",6947,"NEG",14,281.139498574841,281.139385993135,281.139447354589,"C15 H22 O5"
"X6948_NEG_14_283.082272662407",6948,"NEG",14,283.082389780107,283.082272662407,283.082326400349,"C13 H16 O7"
"X6950_NEG_14_283.264206336473",6950,"NEG",14,283.264321785215,283.264206336473,283.264253947099,"C18 H36 O2"
"X6951_NEG_14_285.040424437951",6951,"NEG",14,285.040541618414,285.040424437951,285.040461587399,"C15 H10 O6"
"X6952_NEG_14_285.076825487575",6952,"NEG",14,285.076947669864,285.076825487575,285.076847096749,"C16 H14 O5"
"X6953_NEG_14_285.080157345012",6953,"NEG",14,285.080273336944,285.080157345012,285.080218400069,"C13 H18 O5 S1"
"X6954_NEG_14_285.097924334642",6954,"NEG",14,285.098041722567,285.097924334642,285.097976464809,"C13 H18 O7"
"X6955_NEG_14_285.113219110912",6955,"NEG",14,285.113335623528,285.113219110912,285.113232606099,"C17 H18 O4"
"X6956_NEG_14_287.019680271872",6956,"NEG",14,287.0198040996,287.019680271872,287.019726142509,"C14 H8 O7"
"X6957_NEG_14_287.056074975406",6957,"NEG",14,287.05619435831,287.056074975406,287.056111651859,"C15 H12 O6"
"X6958_NEG_14_287.0924409913",6958,"NEG",14,287.092560962555,287.0924409913,287.092497161209,"C16 H16 O5"
"X6959_NEG_14_287.128832798262",6959,"NEG",14,287.128953709284,287.128832798262,287.128882670559,"C17 H20 O4"
"X6960_NEG_14_289.035333043825",6960,"NEG",14,289.035455623562,289.035333043825,289.035376206969,"C14 H10 O7"
"X6961_NEG_14_289.071728952505",6961,"NEG",14,289.071850589046,289.071728952505,289.071761716318,"C15 H14 O6"
"X6962_NEG_14_289.108114693979",6962,"NEG",14,289.108235790659,289.108114693979,289.10814722567,"C16 H18 O5"
"X6963_NEG_14_289.144488562143",6963,"NEG",14,289.14460979672,289.144488562143,289.144532735019,"C17 H22 O4"
"X6964_NEG_14_291.014595441151",6964,"NEG",14,291.014723976078,291.014595441151,291.014640762079,"C13 H8 O8"
"X6965_NEG_14_291.050994919494",6965,"NEG",14,291.051118459768,291.050994919494,291.051026271429,"C14 H12 O7"
"X6966_NEG_14_291.087371335537",6966,"NEG",14,291.087494363117,291.087371335537,291.087411780779,"C15 H16 O6"
"X6967_NEG_14_291.123760624326",6967,"NEG",14,291.123883859962,291.123760624326,291.123797290129,"C16 H20 O5"
"X6968_NEG_14_291.160139297945",6968,"NEG",14,291.160263304477,291.160139297945,291.160182799479,"C17 H24 O4"
"X6969_NEG_14_293.066638868449",6969,"NEG",14,293.066764569014,293.066638868449,293.066676335889,"C14 H14 O7"
"X6970_NEG_14_293.103031076186",6970,"NEG",14,293.103156234911,293.103031076186,293.10306184524,"C15 H18 O6"
"X6971_NEG_14_293.139411248495",6971,"NEG",14,293.139536445124,293.139411248495,293.139447354588,"C16 H22 O5"
"X6972_NEG_14_295.045912294971",6972,"NEG",14,295.04604345622,295.045912294971,295.045940890999,"C13 H12 O8"
"X6973_NEG_14_295.082298117922",6973,"NEG",14,295.082427188108,295.082298117922,295.082326400349,"C14 H16 O7"
"X6974_NEG_14_295.118677315716",6974,"NEG",14,295.118804570292,295.118677315716,295.118711909699,"C15 H20 O6"
"X6975_NEG_14_295.155064363536",6975,"NEG",14,295.155191712877,295.155064363536,295.155097419049,"C16 H24 O5"
"X6976_NEG_14_297.097953890997",6976,"NEG",14,297.098083428987,297.097953890997,297.097976464808,"C14 H18 O7"
"X6977_NEG_14_297.170722886698",6977,"NEG",14,297.170851607875,297.170722886698,297.170747483509,"C16 H26 O5"
"X6978_NEG_14_297.24348041349",6978,"NEG",14,297.243611559667,297.24348041349,297.243518502209,"C18 H34 O3"
"X6980_NEG_14_299.056104438578",6980,"NEG",14,299.056235776303,299.056104438578,299.056111651859,"C16 H12 O6"
"X6981_NEG_14_299.092497725487",6981,"NEG",14,299.092631289585,299.092497725487,299.092497161209,"C17 H16 O5"
"X6982_NEG_14_299.113598873981",6982,"NEG",14,299.113730472642,299.113598873981,299.113626529269,"C14 H20 O7"
"X6983_NEG_14_299.128867979523",6983,"NEG",14,299.12900171481,299.128867979523,299.128882670559,"C18 H20 O4"
"X6984_NEG_14_301.035360935174",6984,"NEG",14,301.03549582799,301.035360935174,301.035376206969,"C15 H10 O7"
"X6985_NEG_14_301.071748607562",6985,"NEG",14,301.071882005912,301.071748607562,301.071761716318,"C16 H14 O6"
"X6986_NEG_14_301.108144280699",6986,"NEG",14,301.108278543019,301.108144280699,301.108147225669,"C17 H18 O5"
"X6987_NEG_14_301.129265881555",6987,"NEG",14,301.129399416587,301.129265881555,301.129276593729,"C14 H22 O7"
"X6988_NEG_14_301.144532352621",6988,"NEG",14,301.144665052739,301.144532352621,301.144532735019,"C18 H22 O4"
"X6989_NEG_14_303.014605655627",6989,"NEG",14,303.014746445421,303.014605655627,303.014640762079,"C14 H8 O8"
"X6990_NEG_14_303.051015497221",6990,"NEG",14,303.051152432205,303.051015497221,303.05102627143,"C15 H12 O7"
"X6991_NEG_14_303.08740451495",6991,"NEG",14,303.087540155701,303.08740451495,303.087411780779,"C16 H16 O6"
"X6992_NEG_14_303.123777405163",6992,"NEG",14,303.123913019966,303.123777405163,303.123797290129,"C17 H20 O5"
"X6993_NEG_14_303.160165106093",6993,"NEG",14,303.160298836742,303.160165106093,303.160182799479,"C18 H24 O4"
"X6994_NEG_14_305.030272205548",6994,"NEG",14,305.030411898609,305.030272205548,305.030290826539,"C14 H10 O8"
"X6995_NEG_14_305.066664522769",6995,"NEG",14,305.066801746462,305.066664522769,305.066676335889,"C15 H14 O7"
"X6996_NEG_14_305.103064029807",6996,"NEG",14,305.103201541026,305.103064029807,305.10306184524,"C16 H18 O6"
"X6997_NEG_14_305.139435559787",6997,"NEG",14,305.139573206238,305.139435559787,305.139447354588,"C17 H22 O5"
"X6998_NEG_14_305.175826594704",6998,"NEG",14,305.175957106518,305.175826594704,305.175832863939,"C18 H26 O4"
"X6999_NEG_14_307.009525287445",6999,"NEG",14,307.009669020303,307.009525287445,307.00955538165,"C13 H8 O9"
"X7000_NEG_14_307.045922847431",7000,"NEG",14,307.046066323521,307.045922847431,307.045940890999,"C14 H12 O8"
"X7001_NEG_14_307.082326683115",7001,"NEG",14,307.082466637896,307.082326683115,307.082326400349,"C15 H16 O7"
"X7002_NEG_14_307.118709169956",7002,"NEG",14,307.118848726543,307.118709169956,307.118711909699,"C16 H20 O6"
"X7003_NEG_14_307.155082296452",7003,"NEG",14,307.155221889871,307.155082296452,307.155097419049,"C17 H24 O5"
"X7005_NEG_14_309.061600068126",7005,"NEG",14,309.061745733081,309.061600068126,309.061590955459,"C14 H14 O8"
"X7006_NEG_14_309.097972165325",7006,"NEG",14,309.098113852182,309.097972165325,309.097976464808,"C15 H18 O7"
"X7007_NEG_14_309.134350820583",7007,"NEG",14,309.134492414056,309.134350820583,309.13436197416,"C16 H22 O6"
"X7008_NEG_14_309.170746905385",7008,"NEG",14,309.170888878168,309.170746905385,309.170747483508,"C17 H26 O5"
"X7009_NEG_14_311.056097035873",7009,"NEG",14,311.056241903117,311.056097035873,311.056111651859,"C17 H12 O6"
"X7012_NEG_14_311.113630455764",7012,"NEG",14,311.113774041126,311.113630455764,311.113626529269,"C15 H20 O7"
"X7013_NEG_14_313.035374501173",7013,"NEG",14,313.035522984193,313.035374501173,313.035376206969,"C16 H10 O7"
"X7014_NEG_14_313.071768538172",7014,"NEG",14,313.071915973445,313.071768538172,313.071761716319,"C17 H14 O6"
"X7015_NEG_14_313.092895051126",7015,"NEG",14,313.093046380497,313.092895051126,313.092891084379,"C14 H18 O8"
"X7016_NEG_14_313.108162058158",7016,"NEG",14,313.108308311271,313.108162058158,313.108147225669,"C18 H18 O5"
"X7017_NEG_14_315.014641319445",7017,"NEG",14,315.014792371125,315.014641319445,315.014640762079,"C15 H8 O8"
"X7018_NEG_14_315.051035622075",7018,"NEG",14,315.051183651821,315.051035622075,315.05102627143,"C16 H12 O7"
"X7019_NEG_14_315.087430965259",7019,"NEG",14,315.087579652607,315.087430965259,315.087411780779,"C17 H16 O6"
"X7021_NEG_14_315.123837039712",7021,"NEG",14,315.123984812003,315.123837039712,315.123797290129,"C18 H20 O5"
"X7022_NEG_14_315.160171967696",7022,"NEG",14,315.160313878732,315.160171967696,315.160182799479,"C19 H24 O4"
"X7023_NEG_14_317.030286797565",7023,"NEG",14,317.030440706445,317.030286797565,317.030290826539,"C15 H10 O8"
"X7024_NEG_14_317.06669035817",7024,"NEG",14,317.066840577306,317.06669035817,317.066676335889,"C16 H14 O7"
"X7025_NEG_14_317.10309102825",7025,"NEG",14,317.10324098909,317.10309102825,317.10306184524,"C17 H18 O6"
"X7026_NEG_14_317.139460405016",7026,"NEG",14,317.139610335123,317.139460405016,317.139447354588,"C18 H22 O5"
"X7027_NEG_14_319.04596564992",7027,"NEG",14,319.046120218517,319.04596564992,319.045940890999,"C15 H12 O8"
"X7028_NEG_14_319.082359378615",7028,"NEG",14,319.082512278751,319.082359378615,319.082326400349,"C16 H16 O7"
"X7029_NEG_14_319.118741087465",7029,"NEG",14,319.118892645533,319.118741087465,319.118711909699,"C17 H20 O6"
"X7030_NEG_14_319.15511951424",7030,"NEG",14,319.155271108233,319.15511951424,319.155097419049,"C18 H24 O5"
"X7031_NEG_14_321.025231634517",7031,"NEG",14,321.025388656189,321.025231634517,321.025205446109,"C14 H10 O9"
"X7032_NEG_14_321.061648456449",7032,"NEG",14,321.061806447296,321.061648456449,321.06159095546,"C15 H14 O8"
"X7033_NEG_14_321.098026752886",7033,"NEG",14,321.098180504096,321.098026752886,321.097976464808,"C16 H18 O7"
"X7034_NEG_14_321.134393399642",7034,"NEG",14,321.134546944125,321.134393399642,321.13436197416,"C17 H22 O6"
"X7035_NEG_14_321.170770917482",7035,"NEG",14,321.170924904568,321.170770917482,321.170747483508,"C18 H26 O5"
"X7036_NEG_14_323.040880295086",7036,"NEG",14,323.041037500652,323.040880295086,323.040855510569,"C14 H12 O9"
"X7037_NEG_14_323.077262945931",7037,"NEG",14,323.077421492028,323.077262945931,323.077241019919,"C15 H16 O8"
"X7038_NEG_14_323.11366998049",7038,"NEG",14,323.11382546729,323.11366998049,323.113626529269,"C16 H20 O7"
"X7039_NEG_14_323.150043853201",7039,"NEG",14,323.15019937562,323.150043853201,323.150012038619,"C17 H24 O6"
"X7040_NEG_14_323.186423252259",7040,"NEG",14,323.186578375885,323.186423252259,323.186397547969,"C18 H28 O5"
"X7041_NEG_14_325.035415744251",7041,"NEG",14,325.035578142915,325.035415744251,325.035376206969,"C17 H10 O7"
"X7043_NEG_14_325.092932163897",7043,"NEG",14,325.093091700385,325.092932163897,325.092891084379,"C15 H18 O8"
"X7045_NEG_14_325.129322260148",7045,"NEG",14,325.129479716559,325.129322260148,325.12927659373,"C16 H22 O7"
"X7046_NEG_14_327.051066614954",7046,"NEG",14,327.051227250331,327.051066614954,327.051026271429,"C17 H12 O7"
"X7047_NEG_14_327.087454091742",7047,"NEG",14,327.087615137647,327.087454091742,327.087411780779,"C18 H16 O6"
"X7048_NEG_14_327.108586801102",7048,"NEG",14,327.108747633053,327.108586801102,327.108541148839,"C15 H20 O8"
"X7049_NEG_14_327.123822212555",7049,"NEG",14,327.123983807802,327.123822212555,327.123797290129,"C19 H20 O5"
"X7050_NEG_14_329.030331233778",7050,"NEG",14,329.030496541238,329.030331233778,329.030290826539,"C16 H10 O8"
"X7051_NEG_14_329.066742134539",7051,"NEG",14,329.066904657663,329.066742134539,329.066676335889,"C17 H14 O7"
"X7052_NEG_14_329.103126786371",7052,"NEG",14,329.103290045383,329.103126786371,329.103061845239,"C18 H18 O6"
"X7053_NEG_14_329.124244177795",7053,"NEG",14,329.124405972108,329.124244177795,329.124191213298,"C15 H22 O8"
"X7054_NEG_14_329.139518088764",7054,"NEG",14,329.139680263428,329.139518088764,329.139447354589,"C19 H22 O5"
"X7055_NEG_14_331.045994290557",7055,"NEG",14,331.046160827571,331.045994290557,331.045940890999,"C16 H12 O8"
"X7056_NEG_14_331.082409417972",7056,"NEG",14,331.082573667241,331.082409417972,331.082326400349,"C17 H16 O7"
"X7057_NEG_14_331.118782960811",7057,"NEG",14,331.118946665834,331.118782960811,331.118711909699,"C18 H20 O6"
"X7058_NEG_14_331.155151401564",7058,"NEG",14,331.15531502691,331.155151401564,331.155097419049,"C19 H24 O5"
"X7059_NEG_14_333.025222950573",7059,"NEG",14,333.025392716382,333.025222950573,333.025205446109,"C15 H10 O9"
"X7060_NEG_14_333.061644278306",7060,"NEG",14,333.061811728054,333.061644278306,333.061590955459,"C16 H14 O8"
"X7061_NEG_14_333.098048393495",7061,"NEG",14,333.098214155658,333.098048393495,333.097976464808,"C17 H18 O7"
"X7062_NEG_14_333.134442797684",7062,"NEG",14,333.134608229775,333.134442797684,333.13436197416,"C18 H22 O6"
"X7063_NEG_14_333.170808330152",7063,"NEG",14,333.170973657328,333.170808330152,333.170747483508,"C19 H26 O5"
"X7064_NEG_14_335.040895103206",7064,"NEG",14,335.041067402467,335.040895103206,335.040855510569,"C15 H12 O9"
"X7065_NEG_14_335.077304059331",7065,"NEG",14,335.077471598939,335.077304059331,335.07724101992,"C16 H16 O8"
"X7066_NEG_14_335.113713517273",7066,"NEG",14,335.113880781202,335.113713517273,335.113626529269,"C17 H20 O7"
"X7067_NEG_14_335.150091463619",7067,"NEG",14,335.15025858604,335.150091463619,335.150012038619,"C18 H24 O6"
"X7068_NEG_14_335.186458928509",7068,"NEG",14,335.186625843867,335.186458928509,335.186397547969,"C19 H28 O5"
"X7069_NEG_14_337.056579694044",7069,"NEG",14,337.056753013504,337.056579694044,337.056505575029,"C15 H14 O9"
"X7070_NEG_14_337.092965254005",7070,"NEG",14,337.093135933765,337.092965254005,337.092891084379,"C16 H18 O8"
"X7071_NEG_14_337.129366929442",7071,"NEG",14,337.129536008945,337.129366929442,337.12927659373,"C17 H22 O7"
"X7072_NEG_14_337.165734922337",7072,"NEG",14,337.165903963727,337.165734922337,337.165662103078,"C18 H26 O6"
"X7073_NEG_14_337.202124949333",7073,"NEG",14,337.202289949391,337.202124949333,337.202047612429,"C19 H30 O5"
"X7074_NEG_14_339.051001660831",7074,"NEG",14,339.051177709245,339.051001660831,339.051026271429,"C18 H12 O7"
"X7076_NEG_14_339.108504696077",7076,"NEG",14,339.108675579032,339.108504696077,339.108541148839,"C16 H20 O8"
"X7077_NEG_14_339.144892317681",7077,"NEG",14,339.145063085514,339.144892317681,339.144926658189,"C17 H24 O7"
"X7078_NEG_14_339.181271943347",7078,"NEG",14,339.181443010578,339.181271943347,339.181312167539,"C18 H28 O6"
"X7079_NEG_14_341.030248954494",7079,"NEG",14,341.030424962883,341.030248954494,341.030290826539,"C17 H10 O8"
"X7080_NEG_14_341.066649020079",7080,"NEG",14,341.066825458845,341.066649020079,341.066676335889,"C18 H14 O7"
"X7082_NEG_14_341.103023994952",7082,"NEG",14,341.103197626226,341.103023994952,341.103061845239,"C19 H18 O6"
"X7083_NEG_14_341.124161272264",7083,"NEG",14,341.124334140287,341.124161272264,341.124191213298,"C16 H22 O8"
"X7084_NEG_14_341.139413936858",7084,"NEG",14,341.139588876214,341.139413936858,341.139447354589,"C20 H22 O5"
"X7086_NEG_14_343.045903659496",7086,"NEG",14,343.046081439616,343.045903659496,343.045940890999,"C17 H12 O8"
"X7087_NEG_14_343.082310500868",7087,"NEG",14,343.082486431313,343.082310500868,343.082326400349,"C18 H16 O7"
"X7089_NEG_14_343.118687293262",7089,"NEG",14,343.118862150503,343.118687293262,343.118711909699,"C19 H20 O6"
"X7090_NEG_14_343.155059702228",7090,"NEG",14,343.155234069638,343.155059702228,343.155097419049,"C20 H24 O5"
"X7091_NEG_14_345.025184232901",7091,"NEG",14,345.025364234,345.025184232901,345.025205446109,"C16 H10 O9"
"X7092_NEG_14_345.061580815444",7092,"NEG",14,345.061759789171,345.061580815444,345.061590955459,"C17 H14 O8"
"X7093_NEG_14_345.097983867443",7093,"NEG",14,345.098160135454,345.097983867443,345.097976464808,"C18 H18 O7"
"X7094_NEG_14_345.134345394477",7094,"NEG",14,345.134521875691,345.134345394477,345.13436197416,"C19 H22 O6"
"X7095_NEG_14_345.170727486662",7095,"NEG",14,345.170904322723,345.170727486662,345.170747483508,"C20 H26 O5"
"X7096_NEG_14_347.040833971922",7096,"NEG",14,347.041014678593,347.040833971922,347.040855510569,"C16 H12 O9"
"X7097_NEG_14_347.077238165361",7097,"NEG",14,347.077417817988,347.077238165361,347.07724101992,"C17 H16 O8"
"X7098_NEG_14_347.11365327158",7098,"NEG",14,347.113831659573,347.11365327158,347.113626529268,"C18 H20 O7"
"X7099_NEG_14_347.150003944636",7099,"NEG",14,347.150182366403,347.150003944636,347.150012038619,"C19 H24 O6"
"X7100_NEG_14_347.186383882197",7100,"NEG",14,347.186562632345,347.186383882197,347.186397547969,"C20 H28 O5"
"X7101_NEG_14_349.020093015141",7101,"NEG",14,349.020276599973,349.020093015141,349.020120065679,"C15 H10 O10"
"X7102_NEG_14_349.056495435421",7102,"NEG",14,349.056678888482,349.056495435421,349.056505575029,"C16 H14 O9"
"X7103_NEG_14_349.092911857931",7103,"NEG",14,349.093092213925,349.092911857931,349.092891084379,"C17 H18 O8"
"X7104_NEG_14_349.129300133343",7104,"NEG",14,349.12948038998,349.129300133343,349.12927659373,"C18 H22 O7"
"X7105_NEG_14_349.165650999498",7105,"NEG",14,349.165831289757,349.165650999498,349.165662103078,"C19 H26 O6"
"X7106_NEG_14_349.202034023713",7106,"NEG",14,349.202214776576,349.202034023713,349.20204761243,"C20 H30 O5"
"X7107_NEG_14_351.035757915207",7107,"NEG",14,351.035943422504,351.035757915207,351.035770130139,"C15 H12 O10"
"X7108_NEG_14_351.072154621338",7108,"NEG",14,351.072338401185,351.072154621338,351.072155639489,"C16 H16 O9"
"X7109_NEG_14_351.108553433175",7109,"NEG",14,351.108735777838,351.108553433175,351.108541148839,"C17 H20 O8"
"X7110_NEG_14_351.144941865497",7110,"NEG",14,351.145123982295,351.144941865497,351.144926658189,"C18 H24 O7"
"X7111_NEG_14_351.181309905221",7111,"NEG",14,351.181492055504,351.181309905221,351.181312167539,"C19 H28 O6"
"X7113_NEG_14_353.087801506431",7113,"NEG",14,353.087987079927,353.087801506431,353.08780570395,"C16 H18 O9"
"X7115_NEG_14_353.124210548766",7115,"NEG",14,353.124394483906,353.124210548766,353.124191213298,"C17 H22 O8"
"X7116_NEG_14_353.196964423387",7116,"NEG",14,353.197148036435,353.196964423387,353.196962231998,"C19 H30 O6"
"X7117_NEG_14_355.045946181475",7117,"NEG",14,355.046134278859,355.045946181475,355.045940890999,"C18 H12 O8"
"X7118_NEG_14_355.082334377659",7118,"NEG",14,355.082521938901,355.082334377659,355.082326400349,"C19 H16 O7"
"X7119_NEG_14_355.103466284683",7119,"NEG",14,355.103653869194,355.103466284683,355.103455768409,"C16 H20 O9"
"X7120_NEG_14_355.118728315933",7120,"NEG",14,355.118916622097,355.118728315933,355.118711909699,"C20 H20 O6"
"X7121_NEG_14_355.13986043713",7121,"NEG",14,355.140045985577,355.13986043713,355.139841277758,"C17 H24 O8"
"X7123_NEG_14_357.025210031725",7123,"NEG",14,357.025400889466,357.025210031725,357.025205446109,"C17 H10 O9"
"X7124_NEG_14_357.061611466239",7124,"NEG",14,357.061801214659,357.061611466239,357.061590955459,"C18 H14 O8"
"X7125_NEG_14_357.09801358414",7125,"NEG",14,357.098202066841,357.09801358414,357.097976464808,"C19 H18 O7"
"X7126_NEG_14_357.119111316518",7126,"NEG",14,357.119300393065,357.119111316518,357.119105832869,"C16 H22 O9"
"X7127_NEG_14_357.134387534585",7127,"NEG",14,357.134576114397,357.134387534585,357.13436197416,"C20 H22 O6"
"X7129_NEG_14_359.040860130294",7129,"NEG",14,359.04105233272,359.040860130294,359.040855510569,"C17 H12 O9"
"X7130_NEG_14_359.077278637924",7130,"NEG",14,359.077468489385,359.077278637924,359.07724101992,"C18 H16 O8"
"X7131_NEG_14_359.11366798404",7131,"NEG",14,359.113857327106,359.11366798404,359.113626529268,"C19 H20 O7"
"X7132_NEG_14_359.150054930156",7132,"NEG",14,359.150244359312,359.150054930156,359.150012038619,"C20 H24 O6"
"X7133_NEG_14_359.186424209421",7133,"NEG",14,359.186611066753,359.186424209421,359.186397547969,"C21 H28 O5"
"X7134_NEG_14_361.056526009294",7134,"NEG",14,361.05671874311,361.056526009294,361.056505575029,"C17 H14 O9"
"X7135_NEG_14_361.092943433918",7135,"NEG",14,361.093134454229,361.092943433918,361.092891084379,"C18 H18 O8"
"X7136_NEG_14_361.129323179955",7136,"NEG",14,361.129514385941,361.129323179955,361.12927659373,"C19 H22 O7"
"X7137_NEG_14_361.165703783955",7137,"NEG",14,361.165895022681,361.165703783955,361.165662103078,"C20 H26 O6"
"X7138_NEG_14_363.035782501549",7138,"NEG",14,363.035978301499,363.035782501549,363.035770130139,"C16 H12 O10"
"X7139_NEG_14_363.072198392395",7139,"NEG",14,363.072393669927,363.072198392395,363.072155639489,"C17 H16 O9"
"X7140_NEG_14_363.108608676259",7140,"NEG",14,363.108801923791,363.108608676259,363.108541148839,"C18 H20 O8"
"X7141_NEG_14_363.144978987669",7141,"NEG",14,363.145172003349,363.144978987669,363.14492665819,"C19 H24 O7"
"X7142_NEG_14_363.181345735052",7142,"NEG",14,363.181538783306,363.181345735052,363.181312167539,"C20 H28 O6"
"X7144_NEG_14_365.051425996064",7144,"NEG",14,365.051622615824,365.051425996064,365.051420194599,"C16 H14 O10"
"X7145_NEG_14_365.087824432733",7145,"NEG",14,365.088020372627,365.087824432733,365.087805703949,"C17 H18 O9"
"X7146_NEG_14_365.12423760102",7146,"NEG",14,365.124432385464,365.12423760102,365.124191213298,"C18 H22 O8"
"X7147_NEG_14_365.160600227965",7147,"NEG",14,365.160795044828,365.160600227965,365.16057672265,"C19 H26 O7"
"X7148_NEG_14_365.196976743864",7148,"NEG",14,365.197171590878,365.196976743864,365.196962231998,"C20 H30 O6"
"X7149_NEG_14_367.045930097255",7149,"NEG",14,367.046128520105,367.045930097255,367.045940890999,"C19 H12 O8"
"X7152_NEG_14_367.103492766541",7152,"NEG",14,367.103691015953,367.103492766541,367.10345576841,"C17 H20 O9"
"X7153_NEG_14_367.139879883188",7153,"NEG",14,367.14007646051,367.139879883188,367.139841277758,"C18 H24 O8"
"X7154_NEG_14_367.21263337393",7154,"NEG",14,367.212829298895,367.21263337393,367.212612296459,"C20 H32 O6"
"X7155_NEG_14_369.025214440351",7155,"NEG",14,369.02541484804,369.025214440351,369.025205446109,"C18 H10 O9"
"X7156_NEG_14_369.098017687714",7156,"NEG",14,369.098217391545,369.098017687714,369.097976464809,"C20 H18 O7"
"X7157_NEG_14_369.119136201697",7157,"NEG",14,369.119335151415,369.119136201697,369.11910583287,"C17 H22 O9"
"X7158_NEG_14_369.134400150725",7158,"NEG",14,369.134598661119,369.134400150725,369.134361974159,"C21 H22 O6"
"X7160_NEG_14_371.040870991921",7160,"NEG",14,371.041071889071,371.040870991921,371.040855510569,"C18 H12 O9"
"X7161_NEG_14_371.077265381871",7161,"NEG",14,371.077466387571,371.077265381871,371.077241019919,"C19 H16 O8"
"X7162_NEG_14_371.113652878562",7162,"NEG",14,371.11385458224,371.113652878562,371.113626529269,"C20 H20 O7"
"X7163_NEG_14_371.13479727214",7163,"NEG",14,371.134997823307,371.13479727214,371.134755897329,"C17 H24 O9"
"X7164_NEG_14_371.150052389335",7164,"NEG",14,371.150253750764,371.150052389335,371.150012038619,"C21 H24 O6"
"X7165_NEG_14_373.020149909769",7165,"NEG",14,373.020352916924,373.020149909769,373.020120065679,"C17 H10 O10"
"X7166_NEG_14_373.056519873478",7166,"NEG",14,373.056723242506,373.056519873478,373.05650557503,"C18 H14 O9"
"X7167_NEG_14_373.092922251619",7167,"NEG",14,373.093123677874,373.092922251619,373.092891084379,"C19 H18 O8"
"X7168_NEG_14_373.129318694918",7168,"NEG",14,373.129520500916,373.129318694918,373.12927659373,"C20 H22 O7"
"X7169_NEG_14_373.165689412055",7169,"NEG",14,373.165891235592,373.165689412055,373.165662103078,"C21 H26 O6"
"X7170_NEG_14_375.035779064221",7170,"NEG",14,375.035984077392,375.035779064221,375.035770130139,"C17 H12 O10"
"X7171_NEG_14_375.072190513661",7171,"NEG",14,375.072394292478,375.072190513661,375.072155639489,"C18 H16 O9"
"X7172_NEG_14_375.108599467548",7172,"NEG",14,375.108803104142,375.108599467548,375.108541148839,"C19 H20 O8"
"X7173_NEG_14_375.144975702377",7173,"NEG",14,375.145179316374,375.144975702377,375.14492665819,"C20 H24 O7"
"X7174_NEG_14_375.181342886736",7174,"NEG",14,375.181546453281,375.181342886736,375.181312167539,"C21 H28 O6"
"X7175_NEG_14_377.015055407533",7175,"NEG",14,377.015261515492,377.015055407533,377.015034685249,"C16 H10 O11"
"X7176_NEG_14_377.051441054496",7176,"NEG",14,377.051646755833,377.051441054496,377.051420194599,"C17 H14 O10"
"X7177_NEG_14_377.087853748151",7177,"NEG",14,377.088059058104,377.087853748151,377.087805703949,"C18 H18 O9"
"X7178_NEG_14_377.124249588504",7178,"NEG",14,377.124454921709,377.124249588504,377.124191213298,"C19 H22 O8"
"X7179_NEG_14_377.16062472409",7179,"NEG",14,377.160830088814,377.16062472409,377.16057672265,"C20 H26 O7"
"X7180_NEG_14_377.19700472225",7180,"NEG",14,377.19720994414,377.19700472225,377.196962231998,"C21 H30 O6"
"X7181_NEG_14_379.030697626806",7181,"NEG",14,379.030905364858,379.030697626806,379.030684749709,"C16 H12 O11"
"X7182_NEG_14_379.067109194317",7182,"NEG",14,379.067316593628,379.067109194317,379.067070259059,"C17 H16 O10"
"X7183_NEG_14_379.103497385245",7183,"NEG",14,379.103705139985,379.103497385245,379.10345576841,"C18 H20 O9"
"X7184_NEG_14_379.139903153859",7184,"NEG",14,379.14011022947,379.139903153859,379.139841277758,"C19 H24 O8"
"X7185_NEG_14_379.176270159933",7185,"NEG",14,379.176477266903,379.176270159933,379.176226787109,"C20 H28 O7"
"X7186_NEG_14_379.212631471718",7186,"NEG",14,379.212835128178,379.212631471718,379.212612296459,"C21 H32 O6"
"X7187_NEG_14_381.025200566459",7187,"NEG",14,381.025409071296,381.025200566459,381.025205446109,"C19 H10 O9"
"X7188_NEG_14_381.046334260626",7188,"NEG",14,381.046541431471,381.046334260626,381.046334814169,"C16 H14 O11"
"X7189_NEG_14_381.061620734896",7189,"NEG",14,381.061831192855,381.061620734896,381.061590955459,"C20 H14 O8"
"X7190_NEG_14_381.08274583472",7190,"NEG",14,381.082953542057,381.08274583472,381.082720323519,"C17 H18 O10"
"X7191_NEG_14_381.119154294638",7191,"NEG",14,381.119363155515,381.119154294638,381.11910583287,"C18 H22 O9"
"X7192_NEG_14_381.155542614032",7192,"NEG",14,381.155751035736,381.155542614032,381.15549134222,"C19 H26 O8"
"X7193_NEG_14_381.191916369398",7193,"NEG",14,381.192125210135,381.191916369398,381.191876851568,"C20 H30 O7"
"X7194_NEG_14_383.040871377618",7194,"NEG",14,383.041082801713,383.040871377618,383.040855510569,"C19 H12 O9"
"X7195_NEG_14_383.077269695202",7195,"NEG",14,383.077480118279,383.077269695202,383.077241019919,"C20 H16 O8"
"X7197_NEG_14_383.113673594568",7197,"NEG",14,383.113884291434,383.113673594568,383.113626529269,"C21 H20 O7"
"X7198_NEG_14_383.134812043767",7198,"NEG",14,383.135022507617,383.134812043767,383.134755897329,"C18 H24 O9"
"X7200_NEG_14_385.020137737818",7200,"NEG",14,385.020351165606,385.020137737818,385.020120065679,"C18 H10 O10"
"X7201_NEG_14_385.056530164349",7201,"NEG",14,385.056741987827,385.056530164349,385.056505575029,"C19 H14 O9"
"X7202_NEG_14_385.092935148352",7202,"NEG",14,385.093146670794,385.092935148352,385.092891084379,"C20 H18 O8"
"X7203_NEG_14_385.114054481366",7203,"NEG",14,385.114266228471,385.114054481366,385.11402045244,"C17 H22 O10"
"X7204_NEG_14_385.129321176333",7204,"NEG",14,385.129533379806,385.129321176333,385.129276593729,"C21 H22 O7"
"X7205_NEG_14_385.150452071637",7205,"NEG",14,385.150663634548,385.150452071637,385.150405961788,"C18 H26 O9"
"X7206_NEG_14_385.165673343674",7206,"NEG",14,385.165884239539,385.165673343674,385.165662103079,"C22 H26 O6"
"X7207_NEG_14_387.035768549685",7207,"NEG",14,387.035982427285,387.035768549685,387.035770130139,"C18 H12 O10"
"X7208_NEG_14_387.072180762457",7208,"NEG",14,387.072394251407,387.072180762457,387.072155639489,"C19 H16 O9"
"X7209_NEG_14_387.108591184347",7209,"NEG",14,387.108805379903,387.108591184347,387.108541148839,"C20 H20 O8"
"X7210_NEG_14_387.144975260115",7210,"NEG",14,387.145189155218,387.144975260115,387.14492665819,"C21 H24 O7"
"X7211_NEG_14_387.181353664665",7211,"NEG",14,387.181567252204,387.181353664665,387.181312167539,"C22 H28 O6"
"X7212_NEG_14_389.015058876088",7212,"NEG",14,389.015273851202,389.015058876088,389.015034685249,"C17 H10 O11"
"X7213_NEG_14_389.051459143865",7213,"NEG",14,389.051676084551,389.051459143865,389.051420194599,"C18 H14 O10"
"X7214_NEG_14_389.087841535841",7214,"NEG",14,389.088056270716,389.087841535841,389.087805703949,"C19 H18 O9"
"X7215_NEG_14_389.124257673937",7215,"NEG",14,389.124473296837,389.124257673937,389.124191213298,"C20 H22 O8"
"X7216_NEG_14_389.160643215625",7216,"NEG",14,389.160858827674,389.160643215625,389.16057672265,"C21 H26 O7"
"X7217_NEG_14_389.197005602346",7217,"NEG",14,389.197221004529,389.197005602346,389.196962231998,"C22 H30 O6"
"X7218_NEG_14_391.030704404255",7218,"NEG",14,391.030920810681,391.030704404255,391.030684749709,"C17 H12 O11"
"X7219_NEG_14_391.067102728551",7219,"NEG",14,391.067319427595,391.067102728551,391.067070259059,"C18 H16 O10"
"X7220_NEG_14_391.103502134337",7220,"NEG",14,391.103719452596,391.103502134337,391.10345576841,"C19 H20 O9"
"X7221_NEG_14_391.139910955128",7221,"NEG",14,391.140128228485,391.139910955128,391.139841277758,"C20 H24 O8"
"X7222_NEG_14_391.176277330868",7222,"NEG",14,391.176494634674,391.176277330868,391.176226787109,"C21 H28 O7"
"X7223_NEG_14_391.212652950048",7223,"NEG",14,391.212869506492,391.212652950048,391.212612296459,"C22 H32 O6"
"X7224_NEG_14_393.046383328153",7224,"NEG",14,393.046600159161,393.046383328153,393.046334814169,"C17 H14 O11"
"X7225_NEG_14_393.082751527527",7225,"NEG",14,393.082968978425,393.082751527527,393.082720323519,"C18 H18 O10"
"X7226_NEG_14_393.119170043407",7226,"NEG",14,393.119389138501,393.119170043407,393.11910583287,"C19 H22 O9"
"X7227_NEG_14_393.15555279962",7227,"NEG",14,393.155771756412,393.15555279962,393.15549134222,"C20 H26 O8"
"X7228_NEG_14_393.191924223462",7228,"NEG",14,393.192143210555,393.191924223462,393.191876851568,"C21 H30 O7"
"X7230_NEG_14_395.098388734645",7230,"NEG",14,395.098607959175,395.098388734645,395.098370387979,"C18 H20 O10"
"X7231_NEG_14_395.134798106819",7231,"NEG",14,395.135018750872,395.134798106819,395.134755897329,"C19 H24 O9"
"X7232_NEG_14_395.207559491471",7232,"NEG",14,395.207779895262,395.207559491471,395.207526916028,"C21 H32 O7"
"X7233_NEG_14_397.020132149429",7233,"NEG",14,397.020353154551,397.020132149429,397.020120065679,"C19 H10 O10"
"X7234_NEG_14_397.056512027157",7234,"NEG",14,397.056732766319,397.056512027157,397.056505575029,"C20 H14 O9"
"X7235_NEG_14_397.092899470456",7235,"NEG",14,397.093119847853,397.092899470456,397.092891084379,"C21 H18 O8"
"X7236_NEG_14_397.114039963176",7236,"NEG",14,397.114261365931,397.114039963176,397.114020452439,"C18 H22 O10"
"X7237_NEG_14_397.129290639127",7237,"NEG",14,397.129512432201,397.129290639127,397.129276593729,"C22 H22 O7"
"X7238_NEG_14_397.150424747531",7238,"NEG",14,397.150647015731,397.150424747531,397.150405961788,"C19 H26 O9"
"X7239_NEG_14_399.03577735566",7239,"NEG",14,399.035999356522,399.03577735566,399.035770130139,"C19 H12 O10"
"X7240_NEG_14_399.072140456261",7240,"NEG",14,399.072361836288,399.072140456261,399.072155639489,"C20 H16 O9"
"X7241_NEG_14_399.108569060089",7241,"NEG",14,399.108790674103,399.108569060089,399.108541148839,"C21 H20 O8"
"X7242_NEG_14_399.129698040139",7242,"NEG",14,399.129920095131,399.129698040139,399.129670516899,"C18 H24 O10"
"X7243_NEG_14_399.144944138358",7243,"NEG",14,399.14516617923,399.144944138358,399.144926658189,"C22 H24 O7"
"X7244_NEG_14_399.166079821964",7244,"NEG",14,399.166303231839,399.166079821964,399.166056026248,"C19 H28 O9"
"X7245_NEG_14_399.181331486562",7245,"NEG",14,399.181550758822,399.181331486562,399.181312167539,"C23 H28 O6"
"X7246_NEG_14_401.015059445778",7246,"NEG",14,401.01528303946,401.015059445778,401.015034685249,"C18 H10 O11"
"X7247_NEG_14_401.051423437284",7247,"NEG",14,401.051647064888,401.051423437284,401.051420194599,"C19 H14 O10"
"X7248_NEG_14_401.087773444638",7248,"NEG",14,401.087996616967,401.087773444638,401.087805703949,"C20 H18 O9"
"X7249_NEG_14_401.124223077707",7249,"NEG",14,401.124448566013,401.124223077707,401.124191213298,"C21 H22 O8"
"X7251_NEG_14_401.160595054133",7251,"NEG",14,401.16082029753,401.160595054133,401.16057672265,"C22 H26 O7"
"X7252_NEG_14_401.196966217975",7252,"NEG",14,401.1971896259,401.196966217975,401.196962231999,"C23 H30 O6"
"X7253_NEG_14_403.030686636163",7253,"NEG",14,403.030911404464,403.030686636163,403.030684749709,"C18 H12 O11"
"X7254_NEG_14_403.067060461679",7254,"NEG",14,403.067285152835,403.067060461679,403.067070259059,"C19 H16 O10"
"X7255_NEG_14_403.103484049659",7255,"NEG",14,403.103710573391,403.103484049659,403.10345576841,"C20 H20 O9"
"X7256_NEG_14_403.139884522968",7256,"NEG",14,403.140112073557,403.139884522968,403.139841277758,"C21 H24 O8"
"X7257_NEG_14_403.176262095401",7257,"NEG",14,403.176489150231,403.176262095401,403.176226787109,"C22 H28 O7"
"X7258_NEG_14_403.212629526786",7258,"NEG",14,403.212855335407,403.212629526786,403.212612296458,"C23 H32 O6"
"X7259_NEG_14_405.046350779176",7259,"NEG",14,405.04657613525,405.046350779176,405.046334814169,"C18 H14 O11"
"X7260_NEG_14_405.082739707002",7260,"NEG",14,405.082965803844,405.082739707002,405.082720323519,"C19 H18 O10"
"X7261_NEG_14_405.119141607659",7261,"NEG",14,405.11937025403,405.119141607659,405.11910583287,"C20 H22 O9"
"X7262_NEG_14_405.155531025847",7262,"NEG",14,405.155759829353,405.155531025847,405.15549134222,"C21 H26 O8"
"X7263_NEG_14_405.191918387395",7263,"NEG",14,405.192147220303,405.191918387395,405.191876851568,"C22 H30 O7"
"X7264_NEG_14_407.025599541883",7264,"NEG",14,407.025825358172,407.025599541883,407.025599369279,"C17 H12 O12"
"X7265_NEG_14_407.062003288989",7265,"NEG",14,407.062229796223,407.062003288989,407.061984878629,"C18 H16 O11"
"X7266_NEG_14_407.098392453736",7266,"NEG",14,407.098620978405,407.098392453736,407.098370387979,"C19 H20 O10"
"X7267_NEG_14_407.134783237366",7267,"NEG",14,407.135013636095,407.134783237366,407.134755897329,"C20 H24 O9"
"X7268_NEG_14_407.17117689253",7268,"NEG",14,407.171407320517,407.17117689253,407.17114140668,"C21 H28 O8"
"X7269_NEG_14_407.207542341682",7269,"NEG",14,407.207772416551,407.207542341682,407.207526916028,"C22 H32 O7"
"X7270_NEG_14_409.04125427321",7270,"NEG",14,409.041478944598,409.04125427321,409.041249433739,"C17 H14 O12"
"X7271_NEG_14_409.056514356888",7271,"NEG",14,409.056744625932,409.056514356888,409.056505575029,"C21 H14 O9"
"X7272_NEG_14_409.077649137635",7272,"NEG",14,409.077877034356,409.077649137635,409.077634943089,"C18 H18 O11"
"X7274_NEG_14_409.11406123107",7274,"NEG",14,409.114292278788,409.11406123107,409.114020452439,"C19 H22 O10"
"X7275_NEG_14_409.150438719845",7275,"NEG",14,409.150670734737,409.150438719845,409.150405961788,"C20 H26 O9"
"X7276_NEG_14_409.186818019744",7276,"NEG",14,409.187050063727,409.186818019744,409.18679147114,"C21 H30 O8"
"X7277_NEG_14_409.223211485359",7277,"NEG",14,409.223438475899,409.223211485359,409.223176980489,"C22 H34 O7"
"X7278_NEG_14_411.035764827204",7278,"NEG",14,411.035994479969,411.035764827204,411.035770130139,"C20 H12 O10"
"X7279_NEG_14_411.072156635141",7279,"NEG",14,411.072389241429,411.072156635141,411.072155639489,"C21 H16 O9"
"X7281_NEG_14_411.108548169117",7281,"NEG",14,411.108776211559,411.108548169117,411.108541148839,"C22 H20 O8"
"X7282_NEG_14_411.129704919692",7282,"NEG",14,411.129937592032,411.129704919692,411.1296705169,"C19 H24 O10"
"X7284_NEG_14_411.166080571358",7284,"NEG",14,411.166313582873,411.166080571358,411.166056026248,"C20 H28 O9"
"X7285_NEG_14_413.015066768832",7285,"NEG",14,413.015297731206,413.015066768832,413.015034685249,"C19 H10 O11"
"X7286_NEG_14_413.051434890568",7286,"NEG",14,413.051665302265,413.051434890568,413.051420194599,"C20 H14 O10"
"X7287_NEG_14_413.087778715235",7287,"NEG",14,413.088009266321,413.087778715235,413.087805703949,"C21 H18 O9"
"X7288_NEG_14_413.124210627692",7288,"NEG",14,413.124442158512,413.124210627692,413.124191213299,"C22 H22 O8"
"X7289_NEG_14_413.145359006634",7289,"NEG",14,413.145593187983,413.145359006634,413.145320581359,"C19 H26 O10"
"X7290_NEG_14_413.160577142142",7290,"NEG",14,413.160808416885,413.160577142142,413.160576722649,"C23 H26 O7"
"X7291_NEG_14_413.218118657179",7291,"NEG",14,413.218352678916,413.218118657179,413.218091600058,"C21 H34 O8"
"X7292_NEG_14_415.030720946205",7292,"NEG",14,415.030953526034,415.030720946205,415.030684749709,"C19 H12 O11"
"X7293_NEG_14_415.067086271201",7293,"NEG",14,415.067318295699,415.067086271201,415.067070259059,"C20 H16 O10"
"X7294_NEG_14_415.103474726906",7294,"NEG",14,415.103707641831,415.103474726906,415.10345576841,"C21 H20 O9"
"X7295_NEG_14_415.139868214542",7295,"NEG",14,415.140103797746,415.139868214542,415.139841277759,"C22 H24 O8"
"X7296_NEG_14_415.16099411613",7296,"NEG",14,415.161228147908,415.16099411613,415.160970645819,"C19 H28 O10"
"X7297_NEG_14_415.176259235624",7297,"NEG",14,415.176494941316,415.176259235624,415.176226787109,"C23 H28 O7"
"X7298_NEG_14_417.046367286793",7298,"NEG",14,417.046601273461,417.046367286793,417.046334814169,"C19 H14 O11"
"X7299_NEG_14_417.082732800076",7299,"NEG",14,417.082965613553,417.082732800076,417.082720323519,"C20 H18 O10"
"X7300_NEG_14_417.11913445208",7300,"NEG",14,417.119371327846,417.11913445208,417.11910583287,"C21 H22 O9"
"X7301_NEG_14_417.155529399036",7301,"NEG",14,417.155767632728,417.155529399036,417.15549134222,"C22 H26 O8"
"X7302_NEG_14_417.191908728985",7302,"NEG",14,417.192146611737,417.191908728985,417.191876851568,"C23 H30 O7"
"X7303_NEG_14_419.025640958673",7303,"NEG",14,419.025874468885,419.025640958673,419.025599369279,"C18 H12 O12"
"X7304_NEG_14_419.062011562982",7304,"NEG",14,419.062246777547,419.062011562982,419.061984878629,"C19 H16 O11"
"X7305_NEG_14_419.098414088977",7305,"NEG",14,419.098649941362,419.098414088977,419.098370387979,"C20 H20 O10"
"X7306_NEG_14_419.13479509506",7306,"NEG",14,419.135034471179,419.13479509506,419.134755897329,"C21 H24 O9"
"X7307_NEG_14_419.171183125141",7307,"NEG",14,419.171422841365,419.171183125141,419.17114140668,"C22 H28 O8"
"X7308_NEG_14_419.207563596924",7308,"NEG",14,419.20780302963,419.207563596924,419.207526916028,"C23 H32 O7"
"X7309_NEG_14_421.077645623653",7309,"NEG",14,421.077880148046,421.077645623653,421.077634943089,"C19 H18 O11"
"X7310_NEG_14_421.114051604558",7310,"NEG",14,421.114291560929,421.114051604558,421.11402045244,"C20 H22 O10"
"X7311_NEG_14_421.150449509381",7311,"NEG",14,421.150690970433,421.150449509381,421.150405961788,"C21 H26 O9"
"X7312_NEG_14_421.186832810353",7312,"NEG",14,421.187074299588,421.186832810353,421.18679147114,"C22 H30 O8"
"X7313_NEG_14_421.223207558314",7313,"NEG",14,421.22344762611,421.223207558314,421.223176980488,"C23 H34 O7"
"X7314_NEG_14_423.056942204527",7314,"NEG",14,423.057176975388,423.056942204527,423.056899498199,"C18 H16 O12"
"X7315_NEG_14_423.093306606517",7315,"NEG",14,423.093541632258,423.093306606517,423.093285007549,"C19 H20 O11"
"X7316_NEG_14_423.129713842597",7316,"NEG",14,423.129956076335,423.129713842597,423.1296705169,"C20 H24 O10"
"X7317_NEG_14_423.166095862619",7317,"NEG",14,423.166338880868,423.166095862619,423.166056026248,"C21 H28 O9"
"X7318_NEG_14_423.202481559078",7318,"NEG",14,423.202724028605,423.202481559078,423.202441535599,"C22 H32 O8"
"X7320_NEG_14_425.051424069124",7320,"NEG",14,425.051661754695,425.051424069124,425.051420194599,"C21 H14 O10"
"X7322_NEG_14_425.108956817341",7322,"NEG",14,425.109190760366,425.108956817341,425.108935072009,"C19 H22 O11"
"X7323_NEG_14_425.124199300186",7323,"NEG",14,425.124436302853,425.124199300186,425.124191213299,"C23 H22 O8"
"X7324_NEG_14_425.145360290507",7324,"NEG",14,425.14560401436,425.145360290507,425.145320581359,"C20 H26 O10"
"X7325_NEG_14_425.181744213824",7325,"NEG",14,425.181987814051,425.181744213824,425.18170609071,"C21 H30 O9"
"X7326_NEG_14_425.218124302784",7326,"NEG",14,425.218367026243,425.218124302784,425.218091600058,"C22 H34 O8"
"X7327_NEG_14_427.030713221758",7327,"NEG",14,427.030954277619,427.030713221758,427.030684749709,"C20 H12 O11"
"X7328_NEG_14_427.067048022713",7328,"NEG",14,427.067287008951,427.067048022713,427.067070259059,"C21 H16 O10"
"X7329_NEG_14_427.103425776015",7329,"NEG",14,427.103664204333,427.103425776015,427.103455768409,"C22 H20 O9"
"X7331_NEG_14_427.139827810382",7331,"NEG",14,427.140066798537,427.139827810382,427.139841277759,"C23 H24 O8"
"X7332_NEG_14_427.160986095549",7332,"NEG",14,427.161230453364,427.160986095549,427.160970645819,"C20 H28 O10"
"X7333_NEG_14_427.176222573421",7333,"NEG",14,427.176459997992,427.176222573421,427.176226787109,"C24 H28 O7"
"X7335_NEG_14_429.046324200079",7335,"NEG",14,429.046564989717,429.046324200079,429.046334814169,"C20 H14 O11"
"X7336_NEG_14_429.082721835923",7336,"NEG",14,429.082961300773,429.082721835923,429.082720323519,"C21 H18 O10"
"X7337_NEG_14_429.119103249171",7337,"NEG",14,429.119344293903,429.119103249171,429.11910583287,"C22 H22 O9"
"X7338_NEG_14_429.155470810136",7338,"NEG",14,429.155714756591,429.155470810136,429.15549134222,"C23 H26 O8"
"X7339_NEG_14_429.19188894878",7339,"NEG",14,429.192134276434,429.19188894878,429.191876851568,"C24 H30 O7"
"X7340_NEG_14_431.025599874158",7340,"NEG",14,431.025841395697,431.025599874158,431.025599369279,"C19 H12 O12"
"X7341_NEG_14_431.061976316622",7341,"NEG",14,431.062217326274,431.061976316622,431.061984878629,"C20 H16 O11"
"X7342_NEG_14_431.098358161331",7342,"NEG",14,431.098600623728,431.098358161331,431.098370387979,"C21 H20 O10"
"X7343_NEG_14_431.13476043369",7343,"NEG",14,431.135008020279,431.13476043369,431.134755897329,"C22 H24 O9"
"X7344_NEG_14_431.171133796704",7344,"NEG",14,431.171382332704,431.171133796704,431.17114140668,"C23 H28 O8"
"X7345_NEG_14_431.207540846467",7345,"NEG",14,431.207789313028,431.207540846467,431.207526916028,"C24 H32 O7"
"X7346_NEG_14_433.041260668295",7346,"NEG",14,433.041502268894,433.041260668295,433.041249433739,"C19 H14 O12"
"X7347_NEG_14_433.077633400226",7347,"NEG",14,433.077875855505,433.077633400226,433.077634943089,"C20 H18 O11"
"X7348_NEG_14_433.114034517991",7348,"NEG",14,433.114281030334,433.114034517991,433.114020452439,"C21 H22 O10"
"X7349_NEG_14_433.150406339698",7349,"NEG",14,433.150656810688,433.150406339698,433.150405961788,"C22 H26 O9"
"X7350_NEG_14_433.186802071419",7350,"NEG",14,433.187052705345,433.186802071419,433.18679147114,"C23 H30 O8"
"X7351_NEG_14_433.223188901859",7351,"NEG",14,433.223438649093,433.223188901859,433.223176980488,"C24 H34 O7"
"X7352_NEG_14_435.056886887426",7352,"NEG",14,435.057129660683,435.056886887426,435.056899498199,"C19 H16 O12"
"X7353_NEG_14_435.093301324224",7353,"NEG",14,435.093544754284,435.093301324224,435.093285007549,"C20 H20 O11"
"X7354_NEG_14_435.129687182932",7354,"NEG",14,435.129937182384,435.129687182932,435.1296705169,"C21 H24 O10"
"X7355_NEG_14_435.166066314672",7355,"NEG",14,435.166318441315,435.166066314672,435.166056026248,"C22 H28 O9"
"X7356_NEG_14_435.202453652346",7356,"NEG",14,435.202705792838,435.202453652346,435.202441535599,"C23 H32 O8"
"X7357_NEG_14_435.23885436641",7357,"NEG",14,435.239103847217,435.23885436641,435.238827044949,"C24 H36 O7"
"X7358_NEG_14_437.072551803281",7358,"NEG",14,437.07279134682,437.072551803281,437.072549562659,"C19 H18 O12"
"X7359_NEG_14_437.108931115824",7359,"NEG",14,437.109175585141,437.108931115824,437.108935072009,"C20 H22 O11"
"X7361_NEG_14_437.145335983531",7361,"NEG",14,437.145588799153,437.145335983531,437.145320581359,"C21 H26 O10"
"X7362_NEG_14_437.181715192765",7362,"NEG",14,437.181968804372,437.181715192765,437.18170609071,"C22 H30 O9"
"X7363_NEG_14_437.218102633338",7363,"NEG",14,437.218355082758,437.218102633338,437.218091600058,"C23 H34 O8"
"X7364_NEG_14_439.06705769398",7364,"NEG",14,439.067301689333,439.06705769398,439.067070259059,"C22 H16 O10"
"X7365_NEG_14_439.103430416023",7365,"NEG",14,439.103675027335,439.103430416023,439.103455768409,"C23 H20 O9"
"X7366_NEG_14_439.124595444719",7366,"NEG",14,439.12484323807,439.124595444719,439.124585136469,"C20 H24 O11"
"X7368_NEG_14_439.160981758012",7368,"NEG",14,439.161236641678,439.160981758012,439.160970645819,"C21 H28 O10"
"X7369_NEG_14_439.197373609324",7369,"NEG",14,439.197627062644,439.197373609324,439.19735615517,"C22 H32 O9"
"X7370_NEG_14_439.233758409549",7370,"NEG",14,439.234014931511,439.233758409549,439.233741664519,"C23 H36 O8"
"X7371_NEG_14_441.046350705781",7371,"NEG",14,441.046597802966,441.046350705781,441.046334814169,"C21 H14 O11"
"X7372_NEG_14_441.082694906448",7372,"NEG",14,441.082940801033,441.082694906448,441.082720323519,"C22 H18 O10"
"X7373_NEG_14_441.119081017124",7373,"NEG",14,441.11932796439,441.119081017124,441.11910583287,"C23 H22 O9"
"X7374_NEG_14_441.140238075828",7374,"NEG",14,441.140484409035,441.140238075828,441.140235200929,"C20 H26 O11"
"X7375_NEG_14_441.155599199764",7375,"NEG",14,441.155845994553,441.155599199764,441.155491342219,"C24 H26 O8"
"X7376_NEG_14_441.176637366364",7376,"NEG",14,441.176892692619,441.176637366364,441.176620710278,"C21 H30 O10"
"X7377_NEG_14_441.213009520851",7377,"NEG",14,441.213264190406,441.213009520851,441.21300621963,"C22 H34 O9"
"X7378_NEG_14_443.025610570662",7378,"NEG",14,443.025857222529,443.025610570662,443.025599369279,"C20 H12 O12"
"X7379_NEG_14_443.061996394577",7379,"NEG",14,443.06224426469,443.061996394577,443.061984878629,"C21 H16 O11"
"X7380_NEG_14_443.098373298154",7380,"NEG",14,443.098620885187,443.098373298154,443.098370387979,"C22 H20 O10"
"X7381_NEG_14_443.134734333778",7381,"NEG",14,443.134983080813,443.134734333778,443.134755897329,"C23 H24 O9"
"X7382_NEG_14_443.171144786051",7382,"NEG",14,443.171397719144,443.171144786051,443.171141406679,"C24 H28 O8"
"X7383_NEG_14_443.207536484064",7383,"NEG",14,443.207785111772,443.207536484064,443.207526916029,"C25 H32 O7"
"X7384_NEG_14_445.041271368593",7384,"NEG",14,445.041519786882,445.041271368593,445.041249433739,"C20 H14 O12"
"X7385_NEG_14_445.077647042502",7385,"NEG",14,445.077895130855,445.077647042502,445.077634943089,"C21 H18 O11"
"X7386_NEG_14_445.114013175345",7386,"NEG",14,445.114262329287,445.114013175345,445.114020452439,"C22 H22 O10"
"X7387_NEG_14_445.150410596035",7387,"NEG",14,445.150667143317,445.150410596035,445.150405961788,"C23 H26 O9"
"X7388_NEG_14_445.18679737657",7388,"NEG",14,445.187055713439,445.18679737657,445.18679147114,"C24 H30 O8"
"X7389_NEG_14_445.223203482478",7389,"NEG",14,445.223461394657,445.223203482478,445.223176980488,"C25 H34 O7"
"X7391_NEG_14_447.056924025631",7391,"NEG",14,447.057174039765,447.056924025631,447.056899498199,"C20 H16 O12"
"X7392_NEG_14_447.093206873851",7392,"NEG",14,447.093455604365,447.093206873851,447.093285007549,"C21 H20 O11"
"X7393_NEG_14_447.129681354156",7393,"NEG",14,447.129937101119,447.129681354156,447.1296705169,"C22 H24 O10"
"X7394_NEG_14_447.166062026686",7394,"NEG",14,447.166322683228,447.166062026686,447.166056026248,"C23 H28 O9"
"X7395_NEG_14_447.202450220141",7395,"NEG",14,447.202710609333,447.202450220141,447.202441535599,"C24 H32 O8"
"X7396_NEG_14_447.238840071804",7396,"NEG",14,447.239099784026,447.238840071804,447.238827044949,"C25 H36 O7"
"X7397_NEG_14_449.036160856072",7397,"NEG",14,449.036409057889,449.036160856072,449.036164053309,"C19 H14 O13"
"X7398_NEG_14_449.072517780643",7398,"NEG",14,449.072767462155,449.072517780643,449.072549562659,"C20 H18 O12"
"X7399_NEG_14_449.108934485219",7399,"NEG",14,449.109185590791,449.108934485219,449.108935072009,"C21 H22 O11"
"X7400_NEG_14_449.145322485657",7400,"NEG",14,449.145582651074,449.145322485657,449.145320581359,"C22 H26 O10"
"X7401_NEG_14_449.181712510648",7401,"NEG",14,449.181974521764,449.181712510648,449.181706090711,"C23 H30 O9"
"X7402_NEG_14_449.218106689996",7402,"NEG",14,449.218368418733,449.218106689996,449.218091600058,"C24 H34 O8"
"X7405_NEG_14_451.124599736979",7405,"NEG",14,451.124853944779,451.124599736979,451.124585136469,"C21 H24 O11"
"X7406_NEG_14_451.160975447332",7406,"NEG",14,451.161238487359,451.160975447332,451.160970645819,"C22 H28 O10"
"X7407_NEG_14_451.197367738978",7407,"NEG",14,451.197630860477,451.197367738978,451.19735615517,"C23 H32 O9"
"X7408_NEG_14_451.233747192679",7408,"NEG",14,451.234007658703,451.233747192679,451.233741664519,"C24 H36 O8"
"X7409_NEG_14_453.046331806791",7409,"NEG",14,453.04658181464,453.046331806791,453.046334814169,"C22 H14 O11"
"X7411_NEG_14_453.14023949514",7411,"NEG",14,453.140499582467,453.14023949514,453.140235200929,"C21 H26 O11"
"X7412_NEG_14_453.17664205543",7412,"NEG",14,453.176906069523,453.17664205543,453.176620710278,"C22 H30 O10"
"X7413_NEG_14_453.213028131079",7413,"NEG",14,453.213291590456,453.213028131079,453.21300621963,"C23 H34 O9"
"X7414_NEG_14_455.061949154603",7414,"NEG",14,455.06220033079,455.061949154603,455.061984878629,"C22 H16 O11"
"X7415_NEG_14_455.098327188302",7415,"NEG",14,455.098580187586,455.098327188302,455.098370387979,"C23 H20 O10"
"X7416_NEG_14_455.134764707704",7416,"NEG",14,455.135016223886,455.134764707704,455.134755897329,"C24 H24 O9"
"X7417_NEG_14_455.155881977935",7417,"NEG",14,455.15614028939,455.155881977935,455.15588526539,"C21 H28 O11"
"X7418_NEG_14_455.171160129686",7418,"NEG",14,455.1714107891,455.171160129686,455.171141406679,"C25 H28 O8"
"X7419_NEG_14_457.041260610888",7419,"NEG",14,457.041513129525,457.041260610888,457.041249433739,"C21 H14 O12"
"X7420_NEG_14_457.07762953869",7420,"NEG",14,457.077882654507,457.07762953869,457.077634943089,"C22 H18 O11"
"X7421_NEG_14_457.114001197837",7421,"NEG",14,457.114254361242,457.114001197837,457.114020452439,"C23 H22 O10"
"X7422_NEG_14_457.150425922989",7422,"NEG",14,457.150683807116,457.150425922989,457.150405961788,"C24 H26 O9"
"X7424_NEG_14_457.186798447557",7424,"NEG",14,457.187055924245,457.186798447557,457.18679147114,"C25 H30 O8"
"X7425_NEG_14_459.056908554113",7425,"NEG",14,459.05716497605,459.056908554113,459.056899498199,"C21 H16 O12"
"X7426_NEG_14_459.093249238876",7426,"NEG",14,459.093505930218,459.093249238876,459.093285007549,"C22 H20 O11"
"X7427_NEG_14_459.12966773134",7427,"NEG",14,459.129925541637,459.12966773134,459.1296705169,"C23 H24 O10"
"X7428_NEG_14_459.202470185636",7428,"NEG",14,459.202737795694,459.202470185636,459.202441535599,"C25 H32 O8"
"X7430_NEG_14_461.072569267167",7430,"NEG",14,461.072824772405,461.072569267167,461.072549562659,"C21 H18 O12"
"X7431_NEG_14_461.108942418242",7431,"NEG",14,461.10919756263,461.108942418242,461.108935072009,"C22 H22 O11"
"X7432_NEG_14_461.145295859186",7432,"NEG",14,461.145562219993,461.145295859186,461.145320581359,"C23 H26 O10"
"X7433_NEG_14_461.218118325412",7433,"NEG",14,461.218388016202,461.218118325412,461.218091600058,"C25 H34 O8"
"X7434_NEG_14_463.051839560827",7434,"NEG",14,463.052092612128,463.051839560827,463.051814117769,"C20 H16 O13"
"X7435_NEG_14_463.088184019056",7435,"NEG",14,463.088438426564,463.088184019056,463.088199627119,"C21 H20 O12"
"X7436_NEG_14_463.124588774969",7436,"NEG",14,463.124849763145,463.124588774969,463.124585136469,"C22 H24 O11"
"X7437_NEG_14_463.160903807618",7437,"NEG",14,463.161173490411,463.160903807618,463.160970645819,"C23 H28 O10"
"X7438_NEG_14_463.197366778839",7438,"NEG",14,463.197638966982,463.197366778839,463.19735615517,"C24 H32 O9"
"X7439_NEG_14_463.233765890391",7439,"NEG",14,463.234036589504,463.233765890391,463.233741664518,"C25 H36 O8"
"X7441_NEG_14_465.14020638863",7441,"NEG",14,465.140471568551,465.14020638863,465.140235200929,"C22 H26 O11"
"X7442_NEG_14_465.176601200197",7442,"NEG",14,465.176873060483,465.176601200197,465.176620710278,"C23 H30 O10"
"X7443_NEG_14_465.213002841313",7443,"NEG",14,465.213276409775,465.213002841313,465.21300621963,"C24 H34 O9"
"X7444_NEG_14_465.249388218401",7444,"NEG",14,465.249658278389,465.249388218401,465.249391728979,"C25 H38 O8"
"X7447_NEG_14_467.15583702255",7447,"NEG",14,467.156102958556,467.15583702255,467.15588526539,"C22 H28 O11"
"X7448_NEG_14_467.192265421347",7448,"NEG",14,467.192538867622,467.192265421347,467.192270774738,"C23 H32 O10"
"X7449_NEG_14_467.228646857671",7449,"NEG",14,467.228918159383,467.228646857671,467.228656284089,"C24 H36 O9"
"X7450_NEG_14_469.077613747258",7450,"NEG",14,469.077867304817,469.077613747258,469.077634943089,"C23 H18 O11"
"X7451_NEG_14_469.114001334872",7451,"NEG",14,469.114257907697,469.114001334872,469.114020452439,"C24 H22 O10"
"X7453_NEG_14_469.150390814887",7453,"NEG",14,469.150646902794,469.150390814887,469.150405961789,"C25 H26 O9"
"X7454_NEG_14_469.171525841659",7454,"NEG",14,469.171795522433,469.171525841659,469.171535329849,"C22 H30 O11"
"X7456_NEG_14_469.207916382335",7456,"NEG",14,469.208188534424,469.207916382335,469.207920839201,"C23 H34 O10"
"X7457_NEG_14_471.056888840865",7457,"NEG",14,471.057146776887,471.056888840865,471.056899498199,"C22 H16 O12"
"X7458_NEG_14_471.093257707915",7458,"NEG",14,471.093516915652,471.093257707915,471.093285007549,"C23 H20 O11"
"X7459_NEG_14_471.166037405522",7459,"NEG",14,471.166298594516,471.166037405522,471.16605602625,"C25 H28 O9"
"X7460_NEG_14_471.187183153319",7460,"NEG",14,471.187455488007,471.187183153319,471.187185394309,"C22 H32 O11"
"X7461_NEG_14_471.202421523784",7461,"NEG",14,471.202684847355,471.202421523784,471.202441535599,"C26 H32 O8"
"X7462_NEG_14_473.036160922695",7462,"NEG",14,473.036421302355,473.036160922695,473.036164053309,"C21 H14 O13"
"X7463_NEG_14_473.07256263872",7463,"NEG",14,473.072822556871,473.07256263872,473.072549562659,"C22 H18 O12"
"X7464_NEG_14_473.108921976417",7464,"NEG",14,473.109183274767,473.108921976417,473.108935072009,"C23 H22 O11"
"X7465_NEG_14_473.145293104262",7465,"NEG",14,473.145567659847,473.145293104262,473.145320581359,"C24 H26 O10"
"X7466_NEG_14_473.181692464464",7466,"NEG",14,473.181965239574,473.181692464464,473.18170609071,"C25 H30 O9"
"X7467_NEG_14_473.218100559191",7467,"NEG",14,473.218372580694,473.218100559191,473.218091600058,"C26 H34 O8"
"X7468_NEG_14_475.051839125894",7468,"NEG",14,475.052098712454,475.051839125894,475.051814117769,"C21 H16 O13"
"X7469_NEG_14_475.088194881486",7469,"NEG",14,475.088453936758,475.088194881486,475.088199627119,"C22 H20 O12"
"X7470_NEG_14_475.124553962804",7470,"NEG",14,475.124814176922,475.124553962804,475.124585136469,"C23 H24 O11"
"X7471_NEG_14_475.197345890111",7471,"NEG",14,475.19762399676,475.197345890111,475.19735615517,"C25 H32 O9"
"X7472_NEG_14_475.233741997774",7472,"NEG",14,475.234016148895,475.233741997774,475.233741664519,"C26 H36 O8"
"X7473_NEG_14_477.067488109867",7473,"NEG",14,477.067747025016,477.067488109867,477.067464182229,"C21 H18 O13"
"X7474_NEG_14_477.10383785366",7474,"NEG",14,477.104100123504,477.10383785366,477.103849691579,"C22 H22 O12"
"X7475_NEG_14_477.17660970451",7475,"NEG",14,477.176888235024,477.17660970451,477.176620710278,"C24 H30 O10"
"X7476_NEG_14_477.213009843079",7476,"NEG",14,477.213289456277,477.213009843079,477.21300621963,"C25 H34 O9"
"X7477_NEG_14_477.249430364151",7477,"NEG",14,477.24970558932,477.249430364151,477.249391728979,"C26 H38 O8"
"X7479_NEG_14_479.155885757831",7479,"NEG",14,479.156162786586,479.155885757831,479.15588526539,"C23 H28 O11"
"X7480_NEG_14_479.192268900522",7480,"NEG",14,479.192549017931,479.192268900522,479.192270774738,"C24 H32 O10"
"X7481_NEG_14_479.228665497757",7481,"NEG",14,479.228945738873,479.228665497757,479.228656284089,"C25 H36 O9"
"X7482_NEG_14_481.138517162505",7482,"NEG",14,481.13879905407,481.138517162505,481.138521123818,"C19 H30 O12 S1"
"X7483_NEG_14_481.171531293221",7483,"NEG",14,481.171807840411,481.171531293221,481.171535329849,"C23 H30 O11"
"X7484_NEG_14_481.207925841421",7484,"NEG",14,481.20820761865,481.207925841421,481.207920839201,"C24 H34 O10"
"X7485_NEG_14_481.244290537152",7485,"NEG",14,481.244563922045,481.244290537152,481.244306348549,"C25 H38 O9"
"X7486_NEG_14_483.056915161459",7486,"NEG",14,483.057177894172,483.056915161459,483.056899498199,"C23 H16 O12"
"X7487_NEG_14_483.093255419528",7487,"NEG",14,483.093518815469,483.093255419528,483.093285007549,"C24 H20 O11"
"X7488_NEG_14_483.12971788801",7488,"NEG",14,483.129983121676,483.12971788801,483.129670516899,"C25 H24 O10"
"X7489_NEG_14_483.138463793112",7489,"NEG",14,483.138748297241,483.138463793112,483.138401982738,"C28 H24 O4 N2 S1"
"X7491_NEG_14_483.166071994367",7491,"NEG",14,483.166345560011,483.166071994367,483.16605602625,"C26 H28 O9"
"X7492_NEG_14_483.187186780185",7492,"NEG",14,483.187462710054,483.187186780185,483.187185394309,"C23 H32 O11"
"X7493_NEG_14_483.223581599077",7493,"NEG",14,483.223859846164,483.223581599077,483.22357090366,"C24 H36 O10"
"X7494_NEG_14_485.068697200518",7494,"NEG",14,485.068985015717,485.068697200518,485.06852681066,"C18 H18 O14 N2"
"X7495_NEG_14_485.108940746897",7495,"NEG",14,485.109202051166,485.108940746897,485.108935072009,"C24 H22 O11"
"X7496_NEG_14_485.145294931776",7496,"NEG",14,485.14555745452,485.145294931776,485.145320581359,"C25 H26 O10"
"X7498_NEG_14_485.18169749937",7498,"NEG",14,485.18196811922,485.18169749937,485.181706090709,"C26 H30 O9"
"X7499_NEG_14_485.202837742751",7499,"NEG",14,485.203125049772,485.202837742751,485.202835458768,"C23 H34 O11"
"X7501_NEG_14_487.051819986491",7501,"NEG",14,487.05208613234,487.051819986491,487.05181411777,"C22 H16 O13"
"X7502_NEG_14_487.088174988038",7502,"NEG",14,487.088439189545,487.088174988038,487.088199627119,"C23 H20 O12"
"X7503_NEG_14_487.12458195985",7503,"NEG",14,487.124846928586,487.12458195985,487.124585136469,"C24 H24 O11"
"X7504_NEG_14_487.160929076892",7504,"NEG",14,487.161196084908,487.160929076892,487.160970645819,"C25 H28 O10"
"X7505_NEG_14_487.19735312126",7505,"NEG",14,487.197631753024,487.19735312126,487.19735615517,"C26 H32 O9"
"X7506_NEG_14_487.233769357419",7506,"NEG",14,487.234043438021,487.233769357419,487.23374166452,"C27 H36 O8"
"X7508_NEG_14_489.067453157194",7508,"NEG",14,489.067719014489,489.067453157194,489.067464182229,"C22 H18 O13"
"X7509_NEG_14_489.10385791524",7509,"NEG",14,489.104122386716,489.10385791524,489.103849691579,"C23 H22 O12"
"X7510_NEG_14_489.176577233845",7510,"NEG",14,489.176859607671,489.176577233845,489.176620710278,"C25 H30 O10"
"X7511_NEG_14_489.213004456372",7511,"NEG",14,489.213289278006,489.213004456372,489.21300621963,"C26 H34 O9"
"X7512_NEG_14_489.249381983509",7512,"NEG",14,489.249662117413,489.249381983509,489.249391728979,"C27 H38 O8"
"X7514_NEG_14_491.083083290475",7514,"NEG",14,491.083345654771,491.083083290475,491.083114246689,"C22 H20 O13"
"X7515_NEG_14_491.119495386388",7515,"NEG",14,491.11976013211,491.119495386388,491.119499756039,"C23 H24 O12"
"X7516_NEG_14_491.1558464072",7516,"NEG",14,491.156125433362,491.1558464072,491.15588526539,"C24 H28 O11"
"X7517_NEG_14_491.228639071513",7517,"NEG",14,491.228926684432,491.228639071513,491.228656284089,"C26 H36 O9"
"X7518_NEG_14_493.13515795904",7518,"NEG",14,493.135422233423,493.13515795904,493.135149820499,"C23 H26 O12"
"X7519_NEG_14_493.171515097341",7519,"NEG",14,493.171797702313,493.171515097341,493.171535329849,"C24 H30 O11"
"X7520_NEG_14_493.207904501303",7520,"NEG",14,493.208193543564,493.207904501303,493.207920839201,"C25 H34 O10"
"X7521_NEG_14_493.244315194263",7521,"NEG",14,493.244595937442,493.244315194263,493.244306348549,"C26 H38 O9"
"X7524_NEG_14_495.150817691934",7524,"NEG",14,495.151083042441,495.150817691934,495.150799884959,"C23 H28 O12"
"X7525_NEG_14_495.18715680144",7525,"NEG",14,495.187440630399,495.18715680144,495.187185394309,"C24 H32 O11"
"X7526_NEG_14_495.223555742891",7526,"NEG",14,495.22384049583,495.223555742891,495.22357090366,"C25 H36 O10"
"X7527_NEG_14_497.202819244913",7527,"NEG",14,497.203103620464,497.202819244913,497.202835458768,"C24 H34 O11"
"X7529_NEG_14_497.239188406839",7529,"NEG",14,497.239475440515,497.239188406839,497.239220968119,"C25 H38 O10"
"X7531_NEG_14_499.088190847592",7531,"NEG",14,499.088454507482,499.088190847592,499.088199627119,"C24 H20 O12"
"X7532_NEG_14_499.12454139261",7532,"NEG",14,499.124805719452,499.12454139261,499.124585136469,"C25 H24 O11"
"X7533_NEG_14_499.160976974088",7533,"NEG",14,499.161250427229,499.160976974088,499.160970645819,"C26 H28 O10"
"X7535_NEG_14_499.197315585317",7535,"NEG",14,499.197586812475,499.197315585317,499.197356155169,"C27 H32 O9"
"X7536_NEG_14_499.218460075138",7536,"NEG",14,499.218757407472,499.218460075138,499.21848552323,"C24 H36 O11"
"X7538_NEG_14_501.06752191922",7538,"NEG",14,501.067790345139,501.06752191922,501.067464182229,"C23 H18 O13"
"X7540_NEG_14_501.14022110988",7540,"NEG",14,501.140491103216,501.14022110988,501.140235200928,"C25 H26 O11"
"X7541_NEG_14_501.176560726363",7541,"NEG",14,501.176832778547,501.176560726363,501.176620710278,"C26 H30 O10"
"X7542_NEG_14_501.212976084674",7542,"NEG",14,501.213256659229,501.212976084674,501.21300621963,"C27 H34 O9"
"X7543_NEG_14_503.083091759505",7543,"NEG",14,503.083356710907,503.083091759505,503.083114246689,"C23 H20 O13"
"X7544_NEG_14_503.119469872346",7544,"NEG",14,503.119736490228,503.119469872346,503.119499756039,"C24 H24 O12"
"X7545_NEG_14_503.155837920904",7545,"NEG",14,503.156109607307,503.155837920904,503.15588526539,"C25 H28 O11"
"X7546_NEG_14_503.192232781385",7546,"NEG",14,503.192518654177,503.192232781385,503.192270774739,"C26 H32 O10"
"X7547_NEG_14_503.228656991838",7547,"NEG",14,503.228945988734,503.228656991838,503.228656284089,"C27 H36 O9"
"X7549_NEG_14_505.135090659667",7549,"NEG",14,505.135372442081,505.135090659667,505.1351498205,"C24 H26 O12"
"X7550_NEG_14_505.171510114793",7550,"NEG",14,505.171797953553,505.171510114793,505.171535329849,"C25 H30 O11"
"X7551_NEG_14_505.207900364866",7551,"NEG",14,505.208191726391,505.207900364866,505.2079208392,"C26 H34 O10"
"X7552_NEG_14_505.244316010089",7552,"NEG",14,505.24460640245,505.244316010089,505.244306348548,"C27 H38 O9"
"X7556_NEG_14_507.223531017257",7556,"NEG",14,507.223823979348,507.223531017257,507.22357090366,"C26 H36 O10"
"X7560_NEG_14_509.166421962442",7560,"NEG",14,509.166688472764,509.166421962442,509.166449949419,"C24 H30 O12"
"X7561_NEG_14_509.202799078267",7561,"NEG",14,509.20308961213,509.202799078267,509.202835458768,"C25 H34 O11"
"X7562_NEG_14_509.239209641147",7562,"NEG",14,509.239498284783,509.239209641147,509.23922096812,"C26 H38 O10"
"X7563_NEG_14_511.182110553213",7563,"NEG",14,511.182383810846,511.182110553213,511.182100013879,"C24 H32 O12"
"X7564_NEG_14_511.218444719008",7564,"NEG",14,511.218734556136,511.218444719008,511.218485523229,"C25 H36 O11"
"X7566_NEG_14_513.176587728723",7566,"NEG",14,513.176871002799,513.176587728723,513.176620710278,"C27 H30 O10"
"X7568_NEG_14_515.083102735404",7568,"NEG",14,515.083374604076,515.083102735404,515.083114246689,"C24 H20 O13"
"X7569_NEG_14_515.119486546135",7569,"NEG",14,515.119753017138,515.119486546135,515.119499756039,"C25 H24 O12"
"X7571_NEG_14_515.192210222516",7571,"NEG",14,515.192492468388,515.192210222516,515.192270774739,"C27 H32 O10"
"X7572_NEG_14_515.228642273638",7572,"NEG",14,515.228925579003,515.228642273638,515.228656284089,"C28 H36 O9"
"X7575_NEG_14_517.135082342308",7575,"NEG",14,517.135355273912,517.135082342308,517.135149820499,"C25 H26 O12"
"X7576_NEG_14_517.171465486777",7576,"NEG",14,517.171741215847,517.171465486777,517.171535329849,"C26 H30 O11"
"X7577_NEG_14_517.207855649226",7577,"NEG",14,517.208147961978,517.207855649226,517.2079208392,"C27 H34 O10"
"X7578_NEG_14_517.24427871342",7578,"NEG",14,517.244566303191,517.24427871342,517.244306348548,"C28 H38 O9"
"X7582_NEG_14_519.187118643207",7582,"NEG",14,519.187406193885,519.187118643207,519.187185394309,"C26 H32 O11"
"X7583_NEG_14_519.223524370903",7583,"NEG",14,519.223819815148,519.223524370903,519.22357090366,"C27 H36 O10"
"X7584_NEG_14_519.259936192577",7584,"NEG",14,519.260224973788,519.259936192577,519.25995641301,"C28 H40 O9"
"X7587_NEG_14_521.202792779151",7587,"NEG",14,521.203086263366,521.202792779151,521.202835458768,"C26 H34 O11"
"X7588_NEG_14_521.23922938998",7588,"NEG",14,521.239522392888,521.23922938998,521.23922096812,"C27 H38 O10"
"X7590_NEG_14_523.182060256429",7590,"NEG",14,523.182355232018,523.182060256429,523.18210001388,"C25 H32 O12"
"X7591_NEG_14_523.218467049352",7591,"NEG",14,523.218754970497,523.218467049352,523.218485523229,"C26 H36 O11"
"X7595_NEG_14_525.234142028862",7595,"NEG",14,525.234426637275,525.234142028862,525.234135587689,"C26 H38 O11"
"X7597_NEG_14_527.083065478802",7597,"NEG",14,527.083338019387,527.083065478802,527.083114246689,"C25 H20 O13"
"X7603_NEG_14_529.135088912191",7603,"NEG",14,529.135356554289,529.135088912191,529.135149820499,"C26 H26 O12"
"X7604_NEG_14_529.171489483761",7604,"NEG",14,529.171768911676,529.171489483761,529.171535329849,"C27 H30 O11"
"X7605_NEG_14_529.207879520308",7605,"NEG",14,529.208155801132,529.207879520308,529.207920839199,"C28 H34 O10"
"X7608_NEG_14_531.11445252741",7608,"NEG",14,531.114726938688,531.11445252741,531.114414375609,"C25 H24 O13"
"X7610_NEG_14_531.187111744641",7610,"NEG",14,531.187387759835,531.187111744641,531.187185394309,"C27 H32 O11"
"X7611_NEG_14_531.223538550845",7611,"NEG",14,531.223829962343,531.223538550845,531.223570903659,"C28 H36 O10"
"X7612_NEG_14_531.259951437802",7612,"NEG",14,531.260241256321,531.259951437802,531.259956413009,"C29 H40 O9"
"X7615_NEG_14_533.202797741773",7615,"NEG",14,533.203084716506,533.202797741773,533.202835458768,"C27 H34 O11"
"X7616_NEG_14_533.239213013601",7616,"NEG",14,533.239512193281,533.239213013601,533.23922096812,"C28 H38 O10"
"X7617_NEG_14_535.182065011483",7617,"NEG",14,535.182351721164,535.182065011483,535.18210001388,"C26 H32 O12"
"X7618_NEG_14_535.218465976897",7618,"NEG",14,535.218757576848,535.218465976897,535.218485523229,"C27 H36 O11"
"X7619_NEG_14_535.254893507898",7619,"NEG",14,535.25518671925,535.254893507898,535.254871032579,"C28 H40 O10"
"X7620_NEG_14_537.197776809851",7620,"NEG",14,537.198049292928,537.197776809851,537.197750078339,"C26 H34 O12"
"X7621_NEG_14_537.234147723556",7621,"NEG",14,537.234430356296,537.234147723556,537.234135587689,"C27 H38 O11"
"X7638_NEG_14_545.166421363779",7638,"NEG",14,545.166693816667,545.166421363779,545.166449949419,"C27 H30 O12"
"X7639_NEG_14_545.202811494983",7639,"NEG",14,545.203099776646,545.202811494983,545.202835458768,"C28 H34 O11"
"X7643_NEG_14_547.218452649593",7643,"NEG",14,547.218747979595,547.218452649593,547.218485523229,"C28 H36 O11"
"X7644_NEG_14_547.254886012899",7644,"NEG",14,547.255176499528,547.254886012899,547.254871032579,"C29 H40 O10"
"X7647_NEG_14_549.234117571156",7647,"NEG",14,549.234406935922,549.234117571156,549.234135587689,"C28 H38 O11"
"X7651_NEG_14_551.249814960009",7651,"NEG",14,551.250087432315,551.249814960009,551.249785652149,"C28 H40 O11"
"X7653_NEG_14_553.229074643992",7653,"NEG",14,553.229344898499,553.229074643992,553.229050207259,"C27 H38 O12"
"X7661_NEG_14_559.218399468736",7661,"NEG",14,559.218671462151,559.218399468736,559.218485523229,"C29 H36 O11"
"X7665_NEG_14_561.234125646639",7665,"NEG",14,561.23440575146,561.234125646639,561.234135587689,"C29 H38 O11"
"X7668_NEG_14_563.213363337623",7668,"NEG",14,563.213635863581,563.213363337623,563.213400142799,"C28 H36 O12"
"X7669_NEG_14_563.249757660294",7669,"NEG",14,563.250035019794,563.249757660294,563.249785652149,"C29 H40 O11"
"X7670_NEG_14_565.229037862045",7670,"NEG",14,565.229311797901,565.229037862045,565.229050207259,"C28 H38 O12"
"X7690_NEG_15_91.0222796808156",7690,"NEG",15,91.0221126854261,91.0222796808156,91.0223095994889,"C3 H8 O1 S1"
"X7691_NEG_15_141.055749676616",7691,"NEG",15,141.055696167797,141.055749676616,141.055717728689,"C7 H10 O3"
"X7692_NEG_15_141.092141419539",7692,"NEG",15,141.092092460979,141.092141419539,141.092103238039,"C8 H14 O2"
"X7693_NEG_15_147.029936326981",7693,"NEG",15,147.029887513768,147.029936326981,147.029896903369,"C5 H8 O5"
"X7694_NEG_15_149.06082829976",7694,"NEG",15,149.060781896513,149.06082829976,149.060803109119,"C9 H10 O2"
"X7695_NEG_15_155.035016415527",7695,"NEG",15,155.034979139863,155.035016415527,155.034982283799,"C7 H8 O4"
"X7696_NEG_15_158.082241111581",7696,"NEG",15,158.082203237503,158.082241111581,158.082266829809,"C7 H13 O3 N1"
"X7699_NEG_15_172.040388444661",7699,"NEG",15,172.040372270107,172.040388444661,172.040402016859,"C10 H7 O2 N1"
"X7701_NEG_15_175.040049571618",7701,"NEG",15,175.040036950267,175.040049571618,175.040067664229,"C10 H8 O3"
"X7703_NEG_15_182.00947657359",7703,"NEG",15,182.009474112147,182.00947657359,182.009495811109,"C7 H5 O5 N1"
"X7704_NEG_15_185.04554982925",7704,"NEG",15,185.045549721835,185.04554982925,185.045546967829,"C8 H10 O5"
"X7707_NEG_15_193.123394245897",7707,"NEG",15,193.123405154345,193.123394245897,193.123403366959,"C12 H18 O2"
"X7708_NEG_15_195.029866674254",7708,"NEG",15,195.029880672654,195.029866674254,195.029896903369,"C9 H8 O5"
"X7709_NEG_15_195.102640216189",7709,"NEG",15,195.102654031481,195.102640216189,195.102667922069,"C11 H16 O3"
"X7712_NEG_15_197.00921427709",7712,"NEG",15,197.009231407027,197.00921427709,197.009161458479,"C8 H6 O6"
"X7713_NEG_15_199.018263672467",7713,"NEG",15,199.018283454249,199.018263672467,199.018286847489,"C7 H8 O3 N2 S1"
"X7716_NEG_15_203.071343866586",7716,"NEG",15,203.07136876552,203.071343866586,203.071367793149,"C12 H12 O3"
"X7717_NEG_15_205.014238280311",7717,"NEG",15,205.014261397943,205.014238280311,205.014246838909,"C10 H6 O5"
"X7718_NEG_15_205.050603763283",7718,"NEG",15,205.050630563694,205.050603763283,205.050632348259,"C11 H10 O4"
"X7719_NEG_15_205.086986557975",7719,"NEG",15,205.08701349376,205.086986557975,205.087017857609,"C12 H14 O3"
"X7720_NEG_15_207.051010162564",7720,"NEG",15,207.051040337311,207.051010162564,207.051026271429,"C7 H12 O7"
"X7721_NEG_15_209.045525877318",7721,"NEG",15,209.045557780856,209.045525877318,209.045546967829,"C10 H10 O5"
"X7722_NEG_15_209.118286971603",7722,"NEG",15,209.118318706469,209.118286971603,209.118317986529,"C12 H18 O3"
"X7723_NEG_15_211.024777904698",7723,"NEG",15,211.024814491188,211.024777904698,211.024811522939,"C9 H8 O6"
"X7724_NEG_15_211.061175341351",7724,"NEG",15,211.061211136576,211.061175341351,211.061197032289,"C10 H12 O5"
"X7726_NEG_15_213.059055940542",7726,"NEG",15,213.059096155744,213.059055940542,213.059089032009,"C10 H14 O3 S1"
"X7727_NEG_15_213.07682210095",7727,"NEG",15,213.07685929041,213.07682210095,213.076847096749,"C10 H14 O5"
"X7728_NEG_15_217.010200456412",7728,"NEG",15,217.010242128224,217.010200456412,217.010224086909,"C6 H6 O7 N2"
"X7730_NEG_15_217.08699916004",7730,"NEG",15,217.087039706741,217.08699916004,217.087017857609,"C13 H14 O3"
"X7731_NEG_15_219.029892563194",7731,"NEG",15,219.029936677594,219.029892563194,219.029896903369,"C11 H8 O5"
"X7732_NEG_15_219.066259175772",7732,"NEG",15,219.066303884247,219.066259175772,219.066282412719,"C12 H12 O4"
"X7733_NEG_15_219.102636751956",7733,"NEG",15,219.102680487095,219.102636751956,219.102667922069,"C13 H16 O3"
"X7734_NEG_15_221.009121139362",7734,"NEG",15,221.009169691937,221.009121139362,221.009161458479,"C10 H6 O6"
"X7736_NEG_15_221.118287636799",7736,"NEG",15,221.118334507582,221.118287636799,221.118317986529,"C13 H18 O3"
"X7737_NEG_15_223.061173884502",7737,"NEG",15,223.061220509966,223.061173884502,223.061197032289,"C11 H12 O5"
"X7739_NEG_15_223.133935746963",7739,"NEG",15,223.13398360775,223.133935746963,223.133968050989,"C13 H20 O3"
"X7740_NEG_15_224.056423542865",7740,"NEG",15,224.056476313148,224.056423542865,224.056446004489,"C10 H11 O5 N1"
"X7741_NEG_15_225.055692987104",7741,"NEG",15,225.055746685558,225.055692987104,225.055717728689,"C14 H10 O3"
"X7742_NEG_15_225.07681867345",7742,"NEG",15,225.076871278936,225.07681867345,225.076847096749,"C11 H14 O5"
"X7743_NEG_15_227.001927413408",7743,"NEG",15,227.001980920877,227.001927413408,227.001968077769,"C9 H8 O5 S1"
"X7744_NEG_15_227.092454504242",7744,"NEG",15,227.09250770278,227.092454504242,227.092497161209,"C11 H16 O5"
"X7745_NEG_15_227.165230072702",7745,"NEG",15,227.165284884832,227.165230072702,227.165268179909,"C13 H24 O3"
"X7746_NEG_15_228.160487658382",7746,"NEG",15,228.160543862892,228.160487658382,228.160517152109,"C12 H23 O3 N1"
"X7749_NEG_15_231.123769934086",7749,"NEG",15,231.123828318723,231.123769934086,231.123797290129,"C11 H20 O5"
"X7750_NEG_15_233.081906625788",7750,"NEG",15,233.081967814371,233.081906625788,233.081932477179,"C13 H14 O4"
"X7751_NEG_15_235.061164579258",7751,"NEG",15,235.061228613947,235.061164579258,235.061197032289,"C12 H12 O5"
"X7752_NEG_15_235.097551982186",7752,"NEG",15,235.097615686521,235.097551982186,235.097582541639,"C13 H16 O4"
"X7753_NEG_15_235.133939945029",7753,"NEG",15,235.13400275488,235.133939945029,235.133968050988,"C14 H20 O3"
"X7756_NEG_15_237.076814105459",7756,"NEG",15,237.076880219801,237.076814105459,237.076847096749,"C12 H14 O5"
"X7757_NEG_15_237.113186071508",7757,"NEG",15,237.11325171328,237.113186071508,237.113232606099,"C13 H18 O4"
"X7758_NEG_15_237.149578084583",7758,"NEG",15,237.149641388119,237.149578084583,237.149618115449,"C14 H22 O3"
"X7759_NEG_15_239.019690214484",7759,"NEG",15,239.019757989723,239.019690214484,239.019726142509,"C10 H8 O7"
"X7761_NEG_15_245.081898361535",7761,"NEG",15,245.081974173979,245.081898361535,245.081932477179,"C14 H14 O4"
"X7762_NEG_15_245.085273091961",7762,"NEG",15,245.085348148074,245.085273091961,245.085303780499,"C11 H18 O4 S1"
"X7763_NEG_15_247.061157016998",7763,"NEG",15,247.061234369018,247.061157016998,247.061197032289,"C13 H12 O5"
"X7764_NEG_15_247.097538753306",7764,"NEG",15,247.097616676398,247.097538753306,247.097582541639,"C14 H16 O4"
"X7767_NEG_15_249.113188901894",7767,"NEG",15,249.113268220253,249.113188901894,249.113232606099,"C14 H18 O4"
"X7768_NEG_15_249.149581588583",7768,"NEG",15,249.149659986027,249.149581588583,249.149618115449,"C15 H22 O3"
"X7770_NEG_15_251.128829106484",7770,"NEG",15,251.128911053442,251.128829106484,251.128882670559,"C14 H20 O4"
"X7771_NEG_15_253.108097800512",7771,"NEG",15,253.10818188633,253.108097800512,253.108147225669,"C13 H18 O5"
"X7772_NEG_15_255.014599422173",7772,"NEG",15,255.014689627198,255.014599422173,255.014640762079,"C10 H8 O8"
"X7773_NEG_15_255.066248753802",7773,"NEG",15,255.066337411805,255.066248753802,255.066282412719,"C15 H12 O4"
"X7774_NEG_15_255.069597707335",7774,"NEG",15,255.069685117554,255.069597707335,255.069653716039,"C12 H16 O4 S1"
"X7775_NEG_15_255.232904550124",7775,"NEG",15,255.232992621889,255.232904550124,255.232953818179,"C16 H32 O2"
"X7776_NEG_15_257.093123521002",7776,"NEG",15,257.093214735664,257.093123521002,257.093165866469,"C14 H14 O3 N2"
"X7777_NEG_15_259.061137583416",7777,"NEG",15,259.061229007148,259.061137583416,259.061197032289,"C14 H12 O5"
"X7778_NEG_15_259.097525506332",7778,"NEG",15,259.097617313913,259.097525506332,259.097582541639,"C15 H16 O4"
"X7779_NEG_15_259.191438600802",7779,"NEG",15,259.191529480513,259.191438600802,259.191482928399,"C14 H28 O4"
"X7781_NEG_15_261.113172468261",7781,"NEG",15,261.113265093079,261.113172468261,261.113232606099,"C15 H18 O4"
"X7782_NEG_15_263.019664484045",7782,"NEG",15,263.019761246301,263.019664484045,263.019726142509,"C12 H8 O7"
"X7784_NEG_15_263.092429642895",7784,"NEG",15,263.092525788258,263.092429642895,263.092497161209,"C14 H16 O5"
"X7785_NEG_15_263.128816308737",7785,"NEG",15,263.12891179753,263.128816308737,263.12888267056,"C15 H20 O4"
"X7786_NEG_15_265.071718204673",7786,"NEG",15,265.071816160328,265.071718204673,265.071761716319,"C13 H14 O6"
"X7787_NEG_15_265.108082566362",7787,"NEG",15,265.108180221667,265.108082566362,265.108147225669,"C14 H18 O5"
"X7788_NEG_15_265.14446079752",7788,"NEG",15,265.144558238195,265.14446079752,265.144532735019,"C15 H22 O4"
"X7789_NEG_15_266.082195968049",7789,"NEG",15,266.082294720661,266.082195968049,266.08226682981,"C16 H13 O3 N1"
"X7790_NEG_15_267.087355404046",7790,"NEG",15,267.087452130267,267.087355404046,267.087411780779,"C13 H16 O6"
"X7791_NEG_15_267.123725056581",7791,"NEG",15,267.123824474638,267.123725056581,267.123797290129,"C14 H20 O5"
"X7792_NEG_15_267.160115647166",7792,"NEG",15,267.160215243963,267.160115647166,267.160182799479,"C15 H24 O4"
"X7793_NEG_15_268.061463015607",7793,"NEG",15,268.061565883437,268.061463015607,268.061531384919,"C15 H11 O4 N1"
"X7794_NEG_15_269.081881238305",7794,"NEG",15,269.081984103634,269.081881238305,269.081932477179,"C16 H14 O4"
"X7795_NEG_15_269.103020353158",7795,"NEG",15,269.103122348195,269.103020353158,269.103061845239,"C13 H18 O6"
"X7796_NEG_15_269.212152287315",7796,"NEG",15,269.212256715749,269.212152287315,269.21221837329,"C16 H30 O3"
"X7798_NEG_15_271.061134746162",7798,"NEG",15,271.061239381584,271.061134746162,271.06119703229,"C15 H12 O5"
"X7799_NEG_15_271.227806090841",7799,"NEG",15,271.227913666121,271.227806090841,271.227868437749,"C16 H32 O3"
"X7800_NEG_15_273.076787441497",7800,"NEG",15,273.076896062662,273.076787441497,273.076847096749,"C15 H14 O5"
"X7801_NEG_15_273.11316526658",7801,"NEG",15,273.113273761712,273.11316526658,273.113232606099,"C16 H18 O4"
"X7802_NEG_15_273.13430702839",7802,"NEG",15,273.134411299056,273.13430702839,273.134361974159,"C13 H22 O6"
"X7803_NEG_15_275.092435311027",7803,"NEG",15,275.09254407781,275.092435311027,275.092497161208,"C15 H16 O5"
"X7804_NEG_15_275.128819175322",7804,"NEG",15,275.128927570626,275.128819175322,275.128882670559,"C16 H20 O4"
"X7806_NEG_15_277.071706608227",7806,"NEG",15,277.071820065071,277.071706608227,277.071761716319,"C14 H14 O6"
"X7807_NEG_15_277.108078111835",7807,"NEG",15,277.108188572109,277.108078111835,277.108147225669,"C15 H18 O5"
"X7808_NEG_15_277.144465417281",7808,"NEG",15,277.144576037916,277.144465417281,277.144532735019,"C16 H22 O4"
"X7810_NEG_15_279.087354287981",7810,"NEG",15,279.087469532865,279.087354287981,279.087411780779,"C14 H16 O6"
"X7811_NEG_15_279.123729550777",7811,"NEG",15,279.123842060675,279.123729550777,279.123797290129,"C15 H20 O5"
"X7812_NEG_15_279.160121470109",7812,"NEG",15,279.160233717608,279.160121470109,279.160182799479,"C16 H24 O4"
"X7813_NEG_15_281.002678221264",7813,"NEG",15,281.002793645272,281.002678221264,281.002636783029,"C14 H6 O3 N2 S1"
"X7814_NEG_15_281.103014226786",7814,"NEG",15,281.103129584942,281.103014226786,281.103061845239,"C14 H18 O6"
"X7815_NEG_15_283.118664256594",7815,"NEG",15,283.118781103053,283.118664256594,283.118711909699,"C14 H20 O6"
"X7817_NEG_15_283.264196248168",7817,"NEG",15,283.264314134523,283.264196248168,283.264253947099,"C18 H36 O2"
"X7819_NEG_15_285.080161507066",7819,"NEG",15,285.080278928112,285.080161507066,285.080218400069,"C13 H18 O5 S1"
"X7822_NEG_15_287.092441589142",7822,"NEG",15,287.092565968386,287.092441589142,287.092497161209,"C16 H16 O5"
"X7823_NEG_15_287.128827945904",7823,"NEG",15,287.12895114068,287.128827945904,287.128882670559,"C17 H20 O4"
"X7824_NEG_15_289.071721783877",7824,"NEG",15,289.071849254007,289.071721783877,289.071761716319,"C15 H14 O6"
"X7825_NEG_15_289.108112714254",7825,"NEG",15,289.108235805123,289.108112714254,289.10814722567,"C16 H18 O5"
"X7826_NEG_15_289.14449296773",7826,"NEG",15,289.144616191405,289.14449296773,289.144532735019,"C17 H22 O4"
"X7827_NEG_15_291.014619879938",7827,"NEG",15,291.014747812941,291.014619879938,291.014640762079,"C13 H8 O8"
"X7829_NEG_15_291.087370645206",7829,"NEG",15,291.087497744779,291.087370645206,291.08741178078,"C15 H16 O6"
"X7830_NEG_15_291.123756374334",7830,"NEG",15,291.123881251128,291.123756374334,291.123797290129,"C16 H20 O5"
"X7831_NEG_15_291.1601445072",7831,"NEG",15,291.160271676878,291.1601445072,291.160182799478,"C17 H24 O4"
"X7832_NEG_15_293.066651430729",7832,"NEG",15,293.066782916115,293.066651430729,293.066676335889,"C14 H14 O7"
"X7833_NEG_15_293.103026597603",7833,"NEG",15,293.103154182115,293.103026597603,293.103061845239,"C15 H18 O6"
"X7834_NEG_15_293.139408433681",7834,"NEG",15,293.139535465585,293.139408433681,293.139447354588,"C16 H22 O5"
"X7835_NEG_15_293.175838317223",7835,"NEG",15,293.175967988463,293.175838317223,293.175832863939,"C17 H26 O4"
"X7838_NEG_15_295.118687224639",7838,"NEG",15,295.118816263996,295.118687224639,295.118711909699,"C15 H20 O6"
"X7839_NEG_15_295.155066122787",7839,"NEG",15,295.155195198941,295.155066122787,295.155097419049,"C16 H24 O5"
"X7840_NEG_15_297.097951575488",7840,"NEG",15,297.098087961726,297.097951575488,297.097976464809,"C14 H18 O7"
"X7841_NEG_15_297.134334744747",7841,"NEG",15,297.134465817423,297.134334744747,297.13436197416,"C15 H22 O6"
"X7842_NEG_15_297.243478795552",7842,"NEG",15,297.243613353919,297.243478795552,297.243518502209,"C18 H34 O3"
"X7843_NEG_15_298.129582383093",7843,"NEG",15,298.129712617397,298.129582383093,298.129610946359,"C14 H21 O6 N1"
"X7844_NEG_15_299.092507494386",7844,"NEG",15,299.092646221321,299.092507494386,299.092497161209,"C17 H16 O5"
"X7845_NEG_15_299.113595881532",7845,"NEG",15,299.11373019138,299.113595881532,299.113626529269,"C14 H20 O7"
"X7846_NEG_15_299.128875799008",7846,"NEG",15,299.129011346967,299.128875799008,299.128882670559,"C18 H20 O4"
"X7848_NEG_15_301.035343523604",7848,"NEG",15,301.035483148891,301.035343523604,301.035376206969,"C15 H10 O7"
"X7849_NEG_15_301.071736316174",7849,"NEG",15,301.071872608838,301.071736316174,301.071761716318,"C16 H14 O6"
"X7850_NEG_15_301.108126529881",7850,"NEG",15,301.108264343404,301.108126529881,301.108147225669,"C17 H18 O5"
"X7852_NEG_15_303.051008419883",7852,"NEG",15,303.051152241154,303.051008419883,303.051026271429,"C15 H12 O7"
"X7853_NEG_15_303.087397129559",7853,"NEG",15,303.087537419557,303.087397129559,303.08741178078,"C16 H16 O6"
"X7854_NEG_15_303.12377956824",7854,"NEG",15,303.12391796271,303.12377956824,303.123797290129,"C17 H20 O5"
"X7855_NEG_15_303.160180766426",7855,"NEG",15,303.160318741823,303.160180766426,303.160182799478,"C18 H24 O4"
"X7856_NEG_15_305.030264606786",7856,"NEG",15,305.030409205486,305.030264606786,305.030290826539,"C14 H10 O8"
"X7857_NEG_15_305.06665032741",7857,"NEG",15,305.066795951758,305.06665032741,305.066676335889,"C15 H14 O7"
"X7858_NEG_15_305.103055962786",7858,"NEG",15,305.103195308297,305.103055962786,305.103061845239,"C16 H18 O6"
"X7859_NEG_15_305.139429654321",7859,"NEG",15,305.139569021038,305.139429654321,305.139447354588,"C17 H22 O5"
"X7860_NEG_15_305.175808234706",7860,"NEG",15,305.175948306567,305.175808234706,305.17583286394,"C18 H26 O4"
"X7861_NEG_15_307.009529582093",7861,"NEG",15,307.009675480443,307.009529582093,307.00955538165,"C13 H8 O9"
"X7862_NEG_15_307.082338325762",7862,"NEG",15,307.082483520386,307.082338325762,307.082326400349,"C15 H16 O7"
"X7863_NEG_15_307.11871600086",7863,"NEG",15,307.118856981476,307.11871600086,307.118711909699,"C16 H20 O6"
"X7864_NEG_15_307.155082944358",7864,"NEG",15,307.155224093995,307.155082944358,307.155097419049,"C17 H24 O5"
"X7866_NEG_15_309.097972893595",7866,"NEG",15,309.098119554308,309.097972893595,309.097976464808,"C15 H18 O7"
"X7867_NEG_15_309.134355708354",7867,"NEG",15,309.134498656073,309.134355708354,309.13436197416,"C16 H22 O6"
"X7868_NEG_15_309.170737080332",7868,"NEG",15,309.170880063453,309.170737080332,309.170747483508,"C17 H26 O5"
"X7869_NEG_15_311.113626397869",7869,"NEG",15,311.113772566148,311.113626397869,311.113626529269,"C15 H20 O7"
"X7870_NEG_15_311.150002427519",7870,"NEG",15,311.150147131713,311.150002427519,311.150012038619,"C16 H24 O6"
"X7871_NEG_15_311.186376969929",7871,"NEG",15,311.186521837297,311.186376969929,311.186397547969,"C17 H28 O5"
"X7874_NEG_15_313.108151313423",7874,"NEG",15,313.108302746357,313.108151313423,313.108147225669,"C18 H18 O5"
"X7875_NEG_15_313.129292067381",7875,"NEG",15,313.129439470526,313.129292067381,313.12927659373,"C15 H22 O7"
"X7876_NEG_15_313.144526908699",7876,"NEG",15,313.144678011579,313.144526908699,313.144532735019,"C19 H22 O4"
"X7879_NEG_15_315.087422160754",7879,"NEG",15,315.087574415772,315.087422160754,315.08741178078,"C17 H16 O6"
"X7880_NEG_15_315.123805018774",7880,"NEG",15,315.123956445145,315.123805018774,315.123797290129,"C18 H20 O5"
"X7881_NEG_15_315.144939374361",7881,"NEG",15,315.145088032598,315.144939374361,315.144926658189,"C15 H24 O7"
"X7882_NEG_15_315.160169915004",7882,"NEG",15,315.16032108977,315.160169915004,315.160182799479,"C19 H24 O4"
"X7884_NEG_15_317.103081301462",7884,"NEG",15,317.103233356733,317.103081301462,317.103061845239,"C17 H18 O6"
"X7885_NEG_15_317.139458734594",7885,"NEG",15,317.139609520808,317.139458734594,317.139447354589,"C18 H22 O5"
"X7886_NEG_15_317.175843523397",7886,"NEG",15,317.175995706022,317.175843523397,317.175832863939,"C19 H26 O4"
"X7887_NEG_15_319.045971094928",7887,"NEG",15,319.046129104711,319.045971094928,319.045940890999,"C15 H12 O8"
"X7888_NEG_15_319.08233518878",7888,"NEG",15,319.082492279037,319.08233518878,319.082326400349,"C16 H16 O7"
"X7889_NEG_15_319.118736791179",7889,"NEG",15,319.118889414816,319.118736791179,319.118711909699,"C17 H20 O6"
"X7890_NEG_15_319.15511402681",7890,"NEG",15,319.155266873986,319.15511402681,319.155097419049,"C18 H24 O5"
"X7891_NEG_15_321.025202880006",7891,"NEG",15,321.025362857991,321.025202880006,321.025205446109,"C14 H10 O9"
"X7892_NEG_15_321.061610633323",7892,"NEG",15,321.061768590759,321.061610633323,321.061590955459,"C15 H14 O8"
"X7893_NEG_15_321.098015841563",7893,"NEG",15,321.098174286316,321.098015841563,321.097976464808,"C16 H18 O7"
"X7894_NEG_15_321.134397162163",7894,"NEG",15,321.134551851637,321.134397162163,321.13436197416,"C17 H22 O6"
"X7895_NEG_15_321.170772256314",7895,"NEG",15,321.170926845801,321.170772256314,321.170747483508,"C18 H26 O5"
"X7897_NEG_15_323.11366374005",7897,"NEG",15,323.113822373103,323.11366374005,323.113626529269,"C16 H20 O7"
"X7898_NEG_15_323.150044974793",7898,"NEG",15,323.150201293194,323.150044974793,323.150012038619,"C17 H24 O6"
"X7899_NEG_15_323.18642439359",7899,"NEG",15,323.186581077745,323.18642439359,323.186397547969,"C18 H28 O5"
"X7900_NEG_15_325.111551471088",7900,"NEG",15,325.11170733764,325.111551471088,325.111518528989,"C16 H22 O5 S1"
"X7901_NEG_15_325.129320194431",7901,"NEG",15,325.129478855106,325.129320194431,325.12927659373,"C16 H22 O7"
"X7903_NEG_15_327.123854732306",7903,"NEG",15,327.124018746004,327.123854732306,327.123797290129,"C19 H20 O5"
"X7904_NEG_15_327.144973537504",7904,"NEG",15,327.145134097794,327.144973537504,327.144926658189,"C16 H24 O7"
"X7905_NEG_15_329.066706160412",7905,"NEG",15,329.06687135796,329.066706160412,329.066676335889,"C17 H14 O7"
"X7906_NEG_15_329.103113833036",7906,"NEG",15,329.10327932144,329.103113833036,329.103061845239,"C18 H18 O6"
"X7907_NEG_15_329.139527918376",7907,"NEG",15,329.139692960783,329.139527918376,329.139447354589,"C19 H22 O5"
"X7908_NEG_15_329.175861981481",7908,"NEG",15,329.176025351043,329.175861981481,329.175832863939,"C20 H26 O4"
"X7909_NEG_15_329.233383610775",7909,"NEG",15,329.233545291174,329.233383610775,329.233347741349,"C18 H34 O5"
"X7910_NEG_15_331.045987202823",7910,"NEG",15,331.046153513216,331.045987202823,331.045940890999,"C16 H12 O8"
"X7911_NEG_15_331.082381189882",7911,"NEG",15,331.082549984811,331.082381189882,331.082326400349,"C17 H16 O7"
"X7912_NEG_15_331.118780782595",7912,"NEG",15,331.118946717286,331.118780782595,331.118711909699,"C18 H20 O6"
"X7913_NEG_15_331.155139632408",7913,"NEG",15,331.155304445031,331.155139632408,331.155097419049,"C19 H24 O5"
"X7914_NEG_15_331.191514807379",7914,"NEG",15,331.191681333405,331.191514807379,331.191482928399,"C20 H28 O4"
"X7915_NEG_15_333.025221506286",7915,"NEG",15,333.025392149509,333.025221506286,333.025205446109,"C15 H10 O9"
"X7916_NEG_15_333.061627699124",7916,"NEG",15,333.061796232458,333.061627699124,333.061590955459,"C16 H14 O8"
"X7917_NEG_15_333.098044657782",7917,"NEG",15,333.098214027989,333.098044657782,333.097976464809,"C17 H18 O7"
"X7918_NEG_15_333.134446669991",7918,"NEG",15,333.134613215655,333.134446669991,333.13436197416,"C18 H22 O6"
"X7919_NEG_15_333.170802804827",7919,"NEG",15,333.170968305916,333.170802804827,333.170747483508,"C19 H26 O5"
"X7920_NEG_15_335.040899071103",7920,"NEG",15,335.04107047613,335.040899071103,335.040855510569,"C15 H12 O9"
"X7921_NEG_15_335.077295071461",7921,"NEG",15,335.077466971887,335.077295071461,335.077241019919,"C16 H16 O8"
"X7922_NEG_15_335.113702163683",7922,"NEG",15,335.113871165123,335.113702163683,335.113626529269,"C17 H20 O7"
"X7923_NEG_15_335.150091808025",7923,"NEG",15,335.150259182586,335.150091808025,335.150012038619,"C18 H24 O6"
"X7924_NEG_15_335.186445781382",7924,"NEG",15,335.18661430127,335.186445781382,335.186397547969,"C19 H28 O5"
"X7926_NEG_15_337.09292132835",7926,"NEG",15,337.09309323029,337.09292132835,337.092891084379,"C16 H18 O8"
"X7927_NEG_15_337.129361658532",7927,"NEG",15,337.129531546922,337.129361658532,337.12927659373,"C17 H22 O7"
"X7928_NEG_15_337.165738302352",7928,"NEG",15,337.165907826835,337.165738302352,337.165662103078,"C18 H26 O6"
"X7929_NEG_15_337.20210289985",7929,"NEG",15,337.202273858311,337.20210289985,337.20204761243,"C19 H30 O5"
"X7930_NEG_15_339.108501456095",7930,"NEG",15,339.10867675124,339.108501456095,339.108541148839,"C16 H20 O8"
"X7931_NEG_15_339.144891034138",7931,"NEG",15,339.14506195434,339.144891034138,339.144926658189,"C17 H24 O7"
"X7932_NEG_15_341.030248788616",7932,"NEG",15,341.030423536948,341.030248788616,341.030290826539,"C17 H10 O8"
"X7933_NEG_15_341.103042536355",7933,"NEG",15,341.103219042236,341.103042536355,341.103061845239,"C19 H18 O6"
"X7934_NEG_15_341.124169671168",7934,"NEG",15,341.124345391704,341.124169671168,341.124191213299,"C16 H22 O8"
"X7935_NEG_15_341.139403881141",7935,"NEG",15,341.139579665865,341.139403881141,341.139447354589,"C20 H22 O5"
"X7936_NEG_15_341.160545178038",7936,"NEG",15,341.160717777726,341.160545178038,341.16057672265,"C17 H26 O7"
"X7937_NEG_15_341.17916501905",7937,"NEG",15,341.179338380689,341.17916501905,341.179204167259,"C18 H30 O4 S1"
"X7938_NEG_15_343.045904763631",7938,"NEG",15,343.046082997586,343.045904763631,343.045940890999,"C17 H12 O8"
"X7939_NEG_15_343.082300292211",7939,"NEG",15,343.082478168244,343.082300292211,343.082326400349,"C18 H16 O7"
"X7940_NEG_15_343.11868649043",7940,"NEG",15,343.11886368897,343.11868649043,343.118711909699,"C19 H20 O6"
"X7941_NEG_15_343.155061948586",7941,"NEG",15,343.155238528796,343.155061948586,343.15509741905,"C20 H24 O5"
"X7942_NEG_15_343.17619186911",7942,"NEG",15,343.176365779142,343.17619186911,343.176226787109,"C17 H28 O7"
"X7943_NEG_15_345.025174662599",7943,"NEG",15,345.02535355097,345.025174662599,345.025205446109,"C16 H10 O9"
"X7944_NEG_15_345.134341787665",7944,"NEG",15,345.134518044977,345.134341787665,345.13436197416,"C19 H22 O6"
"X7945_NEG_15_345.17073229924",7945,"NEG",15,345.17090883822,345.17073229924,345.170747483508,"C20 H26 O5"
"X7946_NEG_15_347.04082298919",7946,"NEG",15,347.041005201247,347.04082298919,347.040855510569,"C16 H12 O9"
"X7947_NEG_15_347.077211907541",7947,"NEG",15,347.07739397549,347.077211907541,347.077241019919,"C17 H16 O8"
"X7948_NEG_15_347.113642588973",7948,"NEG",15,347.113821468874,347.113642588973,347.113626529269,"C18 H20 O7"
"X7949_NEG_15_347.14999723258",7949,"NEG",15,347.150175197756,347.14999723258,347.150012038619,"C19 H24 O6"
"X7950_NEG_15_347.186379641567",7950,"NEG",15,347.186557829078,347.186379641567,347.18639754797,"C20 H28 O5"
"X7953_NEG_15_349.092878821844",7953,"NEG",15,349.093062062323,349.092878821844,349.092891084379,"C17 H18 O8"
"X7954_NEG_15_349.129325123872",7954,"NEG",15,349.129505707324,349.129325123872,349.12927659373,"C18 H22 O7"
"X7955_NEG_15_349.165650902357",7955,"NEG",15,349.165830613785,349.165650902357,349.165662103078,"C19 H26 O6"
"X7956_NEG_15_349.20202933028",7956,"NEG",15,349.202209445068,349.20202933028,349.20204761243,"C20 H30 O5"
"X7957_NEG_15_351.072102817611",7957,"NEG",15,351.072288397768,351.072102817611,351.072155639489,"C16 H16 O9"
"X7958_NEG_15_351.10854516028",7958,"NEG",15,351.108730631627,351.10854516028,351.108541148839,"C17 H20 O8"
"X7959_NEG_15_351.144939632921",7959,"NEG",15,351.145121048275,351.144939632921,351.144926658189,"C18 H24 O7"
"X7960_NEG_15_351.181316389928",7960,"NEG",15,351.181497836498,351.181316389928,351.181312167539,"C19 H28 O6"
"X7961_NEG_15_351.217680977033",7961,"NEG",15,351.217862372044,351.217680977033,351.217697676889,"C20 H32 O5"
"X7963_NEG_15_353.124203642358",7963,"NEG",15,353.124388568808,353.124203642358,353.124191213298,"C17 H22 O8"
"X7964_NEG_15_353.160583206661",7964,"NEG",15,353.160766346218,353.160583206661,353.16057672265,"C18 H26 O7"
"X7965_NEG_15_353.196947901478",7965,"NEG",15,353.197130813994,353.196947901478,353.196962231998,"C19 H30 O6"
"X7966_NEG_15_355.11870401907",7966,"NEG",15,355.118891535151,355.11870401907,355.118711909699,"C20 H20 O6"
"X7967_NEG_15_355.139852297272",7967,"NEG",15,355.140038039678,355.139852297272,355.139841277759,"C17 H24 O8"
"X7969_NEG_15_357.025198924092",7969,"NEG",15,357.025389167129,357.025198924092,357.025205446109,"C17 H10 O9"
"X7970_NEG_15_357.061607945181",7970,"NEG",15,357.061797300663,357.061607945181,357.061590955459,"C18 H14 O8"
"X7971_NEG_15_357.098005770465",7971,"NEG",15,357.098195219703,357.098005770465,357.097976464809,"C19 H18 O7"
"X7972_NEG_15_357.134376427137",7972,"NEG",15,357.134564661339,357.134376427137,357.13436197416,"C20 H22 O6"
"X7973_NEG_15_357.155497639486",7973,"NEG",15,357.155685428106,357.155497639486,357.155491342219,"C17 H26 O8"
"X7974_NEG_15_357.1707351112",7974,"NEG",15,357.170922693676,357.1707351112,357.170747483509,"C21 H26 O5"
"X7975_NEG_15_359.040838596737",7975,"NEG",15,359.041028758456,359.040838596737,359.040855510569,"C17 H12 O9"
"X7976_NEG_15_359.077263046137",7976,"NEG",15,359.07745455668,359.077263046137,359.077241019919,"C18 H16 O8"
"X7977_NEG_15_359.113657854895",7977,"NEG",15,359.113847530937,359.113657854895,359.113626529269,"C19 H20 O7"
"X7978_NEG_15_359.150049398796",7978,"NEG",15,359.150237685422,359.150049398796,359.150012038619,"C20 H24 O6"
"X7979_NEG_15_359.18641490811",7979,"NEG",15,359.186604418206,359.18641490811,359.186397547969,"C21 H28 O5"
"X7980_NEG_15_361.056508387126",7980,"NEG",15,361.056701818535,361.056508387126,361.056505575029,"C17 H14 O9"
"X7981_NEG_15_361.092907697993",7981,"NEG",15,361.093100732874,361.092907697993,361.092891084379,"C18 H18 O8"
"X7982_NEG_15_361.129323844379",7982,"NEG",15,361.129514160265,361.129323844379,361.12927659373,"C19 H22 O7"
"X7983_NEG_15_361.165711272759",7983,"NEG",15,361.165901150195,361.165711272759,361.165662103078,"C20 H26 O6"
"X7984_NEG_15_361.202060773487",7984,"NEG",15,361.202250614553,361.202060773487,361.202047612429,"C21 H30 O5"
"X7985_NEG_15_363.03578917216",7985,"NEG",15,363.035983388998,363.03578917216,363.035770130139,"C16 H12 O10"
"X7986_NEG_15_363.072169275101",7986,"NEG",15,363.072361864771,363.072169275101,363.072155639489,"C17 H16 O9"
"X7987_NEG_15_363.108596769253",7987,"NEG",15,363.108790703799,363.108596769253,363.108541148839,"C18 H20 O8"
"X7988_NEG_15_363.144968883902",7988,"NEG",15,363.145160585202,363.144968883902,363.144926658189,"C19 H24 O7"
"X7989_NEG_15_363.181351654668",7989,"NEG",15,363.181543201018,363.181351654668,363.181312167539,"C20 H28 O6"
"X7990_NEG_15_365.087785403865",7990,"NEG",15,365.08797753186,365.087785403865,365.087805703949,"C17 H18 O9"
"X7991_NEG_15_365.12421962022",7991,"NEG",15,365.124413581821,365.12421962022,365.124191213298,"C18 H22 O8"
"X7992_NEG_15_365.16060133893",7992,"NEG",15,365.160794513239,365.16060133893,365.16057672265,"C19 H26 O7"
"X7993_NEG_15_365.196973736449",7993,"NEG",15,365.197166913314,365.196973736449,365.196962231998,"C20 H30 O6"
"X7996_NEG_15_367.13987056323",7996,"NEG",15,367.140065597599,367.13987056323,367.139841277758,"C18 H24 O8"
"X7997_NEG_15_367.176238867662",7997,"NEG",15,367.176433343227,367.176238867662,367.176226787109,"C19 H28 O7"
"X7998_NEG_15_367.212624173961",7998,"NEG",15,367.212819515248,367.212624173961,367.21261229646,"C20 H32 O6"
"X8001_NEG_15_369.097976092739",8001,"NEG",15,369.098175100922,369.097976092739,369.097976464809,"C20 H18 O7"
"X8003_NEG_15_369.134384790202",8003,"NEG",15,369.13458303511,369.134384790202,369.134361974159,"C21 H22 O6"
"X8004_NEG_15_369.15552087338",8004,"NEG",15,369.155717472384,369.15552087338,369.15549134222,"C18 H26 O8"
"X8005_NEG_15_371.040844894203",8005,"NEG",15,371.041044230932,371.040844894203,371.040855510569,"C18 H12 O9"
"X8006_NEG_15_371.077249159414",8006,"NEG",15,371.07744935669,371.077249159414,371.077241019919,"C19 H16 O8"
"X8007_NEG_15_371.113653254675",8007,"NEG",15,371.113853839135,371.113653254675,371.11362652927,"C20 H20 O7"
"X8009_NEG_15_371.150059820829",8009,"NEG",15,371.15025976531,371.150059820829,371.150012038619,"C21 H24 O6"
"X8010_NEG_15_371.186429186185",8010,"NEG",15,371.186627465514,371.186429186185,371.186397547969,"C22 H28 O5"
"X8012_NEG_15_373.020112527616",8012,"NEG",15,373.0203147508,373.020112527616,373.020120065679,"C17 H10 O10"
"X8013_NEG_15_373.056504886605",8013,"NEG",15,373.05670589016,373.056504886605,373.056505575029,"C18 H14 O9"
"X8014_NEG_15_373.092939929215",8014,"NEG",15,373.093141291353,373.092939929215,373.092891084379,"C19 H18 O8"
"X8015_NEG_15_373.129314728242",8015,"NEG",15,373.12951488429,373.129314728242,373.12927659373,"C20 H22 O7"
"X8016_NEG_15_373.165705989692",8016,"NEG",15,373.165905710424,373.165705989692,373.165662103078,"C21 H26 O6"
"X8017_NEG_15_373.202065035687",8017,"NEG",15,373.202265121286,373.202065035687,373.202047612429,"C22 H30 O5"
"X8018_NEG_15_375.035800572572",8018,"NEG",15,375.036003808915,375.035800572572,375.035770130139,"C17 H12 O10"
"X8019_NEG_15_375.072182795481",8019,"NEG",15,375.072385947906,375.072182795481,375.072155639489,"C18 H16 O9"
"X8020_NEG_15_375.108594872133",8020,"NEG",15,375.108797791268,375.108594872133,375.108541148839,"C19 H20 O8"
"X8021_NEG_15_375.144974371366",8021,"NEG",15,375.145175830709,375.144974371366,375.14492665819,"C20 H24 O7"
"X8022_NEG_15_375.181341170026",8022,"NEG",15,375.181542665731,375.181341170026,375.181312167539,"C21 H28 O6"
"X8023_NEG_15_375.238844537947",8023,"NEG",15,375.239045586212,375.238844537947,375.238827044949,"C19 H36 O7"
"X8024_NEG_15_377.05142768101",8024,"NEG",15,377.051632185183,377.05142768101,377.051420194599,"C17 H14 O10"
"X8025_NEG_15_377.124246745798",8025,"NEG",15,377.124450303435,377.124246745798,377.124191213298,"C19 H22 O8"
"X8026_NEG_15_377.160624986058",8026,"NEG",15,377.160827800963,377.160624986058,377.16057672265,"C20 H26 O7"
"X8027_NEG_15_377.197010857944",8027,"NEG",15,377.197213893587,377.197010857944,377.196962231998,"C21 H30 O6"
"X8028_NEG_15_379.030728057098",8028,"NEG",15,379.030930167951,379.030728057098,379.030684749709,"C16 H12 O11"
"X8029_NEG_15_379.103469008553",8029,"NEG",15,379.103674956692,379.103469008553,379.103455768409,"C18 H20 O9"
"X8030_NEG_15_379.139901127748",8030,"NEG",15,379.140105454041,379.139901127748,379.139841277758,"C19 H24 O8"
"X8031_NEG_15_379.176273791983",8031,"NEG",15,379.176478187559,379.176273791983,379.176226787109,"C20 H28 O7"
"X8032_NEG_15_379.212636289818",8032,"NEG",15,379.21284148767,379.212636289818,379.212612296459,"C21 H32 O6"
"X8033_NEG_15_381.11913511892",8033,"NEG",15,381.119342445427,381.11913511892,381.119105832869,"C18 H22 O9"
"X8034_NEG_15_381.155539489681",8034,"NEG",15,381.15574566079,381.155539489681,381.15549134222,"C19 H26 O8"
"X8035_NEG_15_381.19191416584",8035,"NEG",15,381.192120130958,381.19191416584,381.191876851568,"C20 H30 O7"
"X8037_NEG_15_383.134791782892",8037,"NEG",15,383.135001245314,383.134791782892,383.134755897329,"C18 H24 O9"
"X8038_NEG_15_383.150013455085",8038,"NEG",15,383.150221926135,383.150013455085,383.150012038619,"C22 H24 O6"
"X8039_NEG_15_383.17118555855",8039,"NEG",15,383.171392580618,383.17118555855,383.17114140668,"C19 H28 O8"
"X8040_NEG_15_385.056525203058",8040,"NEG",15,385.056735194837,385.056525203058,385.056505575029,"C19 H14 O9"
"X8041_NEG_15_385.092913975806",8041,"NEG",15,385.093123691001,385.092913975806,385.092891084379,"C20 H18 O8"
"X8042_NEG_15_385.129315174056",8042,"NEG",15,385.1295252255,385.129315174056,385.129276593729,"C21 H22 O7"
"X8043_NEG_15_385.165672673499",8043,"NEG",15,385.165882623309,385.165672673499,385.165662103079,"C22 H26 O6"
"X8044_NEG_15_387.035759897357",8044,"NEG",15,387.035970700141,387.035759897357,387.035770130139,"C18 H12 O10"
"X8045_NEG_15_387.07218384324",8045,"NEG",15,387.072394244766,387.07218384324,387.072155639489,"C19 H16 O9"
"X8046_NEG_15_387.108579994238",8046,"NEG",15,387.108791773707,387.108579994238,387.108541148839,"C20 H20 O8"
"X8047_NEG_15_387.14497397132",8047,"NEG",15,387.145185438132,387.14497397132,387.144926658189,"C21 H24 O7"
"X8048_NEG_15_387.181349039332",8048,"NEG",15,387.181560034403,387.181349039332,387.181312167539,"C22 H28 O6"
"X8049_NEG_15_389.015030899957",8049,"NEG",15,389.015241455604,389.015030899957,389.015034685249,"C17 H10 O11"
"X8050_NEG_15_389.051430103186",8050,"NEG",15,389.051641762801,389.051430103186,389.051420194599,"C18 H14 O10"
"X8051_NEG_15_389.087866215056",8051,"NEG",15,389.088078297275,389.087866215056,389.087805703949,"C19 H18 O9"
"X8052_NEG_15_389.124244482884",8052,"NEG",15,389.124455805442,389.124244482884,389.124191213298,"C20 H22 O8"
"X8053_NEG_15_389.160653984255",8053,"NEG",15,389.160866391351,389.160653984255,389.16057672265,"C21 H26 O7"
"X8054_NEG_15_389.197010002891",8054,"NEG",15,389.197222347315,389.197010002891,389.196962231998,"C22 H30 O6"
"X8055_NEG_15_391.0307344955",8055,"NEG",15,391.030948081911,391.0307344955,391.030684749709,"C17 H12 O11"
"X8056_NEG_15_391.067110557873",8056,"NEG",15,391.067322501361,391.067110557873,391.067070259059,"C18 H16 O10"
"X8057_NEG_15_391.103501634765",8057,"NEG",15,391.103714898165,391.103501634765,391.103455768409,"C19 H20 O9"
"X8058_NEG_15_391.139906998714",8058,"NEG",15,391.140120362455,391.139906998714,391.139841277758,"C20 H24 O8"
"X8059_NEG_15_391.176279756368",8059,"NEG",15,391.176493332155,391.176279756368,391.176226787109,"C21 H28 O7"
"X8060_NEG_15_391.212656266897",8060,"NEG",15,391.212870230156,391.212656266897,391.21261229646,"C22 H32 O6"
"X8063_NEG_15_393.119158450995",8063,"NEG",15,393.119372772284,393.119158450995,393.119105832869,"C19 H22 O9"
"X8064_NEG_15_393.155546637821",8064,"NEG",15,393.155761689913,393.155546637821,393.15549134222,"C20 H26 O8"
"X8065_NEG_15_393.191932975118",8065,"NEG",15,393.19214805425,393.191932975118,393.191876851568,"C21 H30 O7"
"X8066_NEG_15_395.134783511189",8066,"NEG",15,395.135000376378,395.134783511189,395.134755897329,"C19 H24 O9"
"X8067_NEG_15_395.171164814283",8067,"NEG",15,395.171381358774,395.171164814283,395.17114140668,"C20 H28 O8"
"X8068_NEG_15_395.207564336443",8068,"NEG",15,395.20778026896,395.207564336443,395.207526916028,"C21 H32 O7"
"X8070_NEG_15_397.129257825796",8070,"NEG",15,397.129474085062,397.129257825796,397.129276593729,"C22 H22 O7"
"X8071_NEG_15_397.150427771464",8071,"NEG",15,397.15064640114,397.150427771464,397.150405961788,"C19 H26 O9"
"X8073_NEG_15_399.035768078521",8073,"NEG",15,399.03598677476,399.035768078521,399.035770130139,"C19 H12 O10"
"X8075_NEG_15_399.108567375721",8075,"NEG",15,399.108785564198,399.108567375721,399.108541148839,"C21 H20 O8"
"X8076_NEG_15_399.144925127022",8076,"NEG",15,399.145144339645,399.144925127022,399.144926658189,"C22 H24 O7"
"X8077_NEG_15_399.166085514818",8077,"NEG",15,399.166305679061,399.166085514818,399.166056026249,"C19 H28 O9"
"X8078_NEG_15_399.181324052114",8078,"NEG",15,399.181542524044,399.181324052114,399.181312167539,"C23 H28 O6"
"X8079_NEG_15_401.015048598146",8079,"NEG",15,401.015267502644,401.015048598146,401.015034685249,"C18 H10 O11"
"X8081_NEG_15_401.087777076468",8081,"NEG",15,401.087996212935,401.087777076468,401.087805703949,"C20 H18 O9"
"X8082_NEG_15_401.12420942642",8082,"NEG",15,401.124429429531,401.12420942642,401.124191213298,"C21 H22 O8"
"X8083_NEG_15_401.160606279449",8083,"NEG",15,401.160827382561,401.160606279449,401.16057672265,"C22 H26 O7"
"X8084_NEG_15_401.196978891275",8084,"NEG",15,401.197200054057,401.196978891275,401.196962231998,"C23 H30 O6"
"X8085_NEG_15_403.067059891468",8085,"NEG",15,403.067279870191,403.067059891468,403.067070259059,"C19 H16 O10"
"X8086_NEG_15_403.10347324499",8086,"NEG",15,403.103694517524,403.10347324499,403.103455768409,"C20 H20 O9"
"X8087_NEG_15_403.139876170201",8087,"NEG",15,403.140098738185,403.139876170201,403.139841277759,"C21 H24 O8"
"X8088_NEG_15_403.176266012363",8088,"NEG",15,403.176488374186,403.176266012363,403.176226787109,"C22 H28 O7"
"X8089_NEG_15_403.212641927119",8089,"NEG",15,403.212864776783,403.212641927119,403.21261229646,"C23 H32 O6"
"X8090_NEG_15_405.046335177252",8090,"NEG",15,405.046556476831,405.046335177252,405.046334814169,"C18 H14 O11"
"X8091_NEG_15_405.082737578137",8091,"NEG",15,405.082958720144,405.082737578137,405.082720323519,"C19 H18 O10"
"X8092_NEG_15_405.119132553777",8092,"NEG",15,405.119354687614,405.119132553777,405.119105832869,"C20 H22 O9"
"X8093_NEG_15_405.155527605892",8093,"NEG",15,405.155751241251,405.155527605892,405.15549134222,"C21 H26 O8"
"X8094_NEG_15_405.191939464764",8094,"NEG",15,405.192163383395,405.191939464764,405.191876851568,"C22 H30 O7"
"X8095_NEG_15_405.228288712886",8095,"NEG",15,405.228513038837,405.228288712886,405.22826236092,"C23 H34 O6"
"X8097_NEG_15_407.098409020494",8097,"NEG",15,407.098630645809,407.098409020494,407.098370387979,"C19 H20 O10"
"X8098_NEG_15_407.134787013222",8098,"NEG",15,407.135011724329,407.134787013222,407.134755897329,"C20 H24 O9"
"X8099_NEG_15_407.171181341259",8099,"NEG",15,407.171406356195,407.171181341259,407.17114140668,"C21 H28 O8"
"X8100_NEG_15_407.207559655684",8100,"NEG",15,407.207784587325,407.207559655684,407.207526916028,"C22 H32 O7"
"X8103_NEG_15_409.150426630341",8103,"NEG",15,409.150653384166,409.150426630341,409.150405961788,"C20 H26 O9"
"X8104_NEG_15_409.186815208405",8104,"NEG",15,409.187041822815,409.186815208405,409.18679147114,"C21 H30 O8"
"X8105_NEG_15_409.223211699048",8105,"NEG",15,409.223438506364,409.223211699048,409.223176980488,"C22 H34 O7"
"X8108_NEG_15_411.129702198536",8108,"NEG",15,411.129923414097,411.129702198536,411.129670516899,"C19 H24 O10"
"X8109_NEG_15_411.144927132511",8109,"NEG",15,411.145152337547,411.144927132511,411.144926658189,"C23 H24 O7"
"X8110_NEG_15_411.16608318462",8110,"NEG",15,411.166310502022,411.16608318462,411.166056026248,"C20 H28 O9"
"X8112_NEG_15_413.051405080376",8112,"NEG",15,413.051630914694,413.051405080376,413.051420194599,"C20 H14 O10"
"X8113_NEG_15_413.12421652136",8113,"NEG",15,413.124442760946,413.12421652136,413.124191213299,"C22 H22 O8"
"X8115_NEG_15_413.160599802099",8115,"NEG",15,413.160826623907,413.160599802099,413.160576722649,"C23 H26 O7"
"X8116_NEG_15_413.181745883481",8116,"NEG",15,413.181974225561,413.181745883481,413.18170609071,"C20 H30 O9"
"X8117_NEG_15_413.196968023593",8117,"NEG",15,413.197193425788,413.196968023593,413.196962231999,"C24 H30 O6"
"X8118_NEG_15_415.030708295549",8118,"NEG",15,415.030935573707,415.030708295549,415.030684749709,"C19 H12 O11"
"X8119_NEG_15_415.067077640443",8119,"NEG",15,415.067304522133,415.067077640443,415.067070259059,"C20 H16 O10"
"X8120_NEG_15_415.10347949788",8120,"NEG",15,415.103706008186,415.10347949788,415.103455768409,"C21 H20 O9"
"X8121_NEG_15_415.139871597257",8121,"NEG",15,415.140100297601,415.139871597257,415.13984127776,"C22 H24 O8"
"X8122_NEG_15_415.176244503217",8122,"NEG",15,415.176474901866,415.176244503217,415.176226787109,"C23 H28 O7"
"X8123_NEG_15_415.212622663974",8123,"NEG",15,415.212853170053,415.212622663974,415.212612296459,"C24 H32 O6"
"X8124_NEG_15_417.046325000132",8124,"NEG",15,417.046552243403,417.046325000132,417.046334814169,"C19 H14 O11"
"X8125_NEG_15_417.0827546713",8125,"NEG",15,417.082982693416,417.0827546713,417.082720323519,"C20 H18 O10"
"X8126_NEG_15_417.119113279158",8126,"NEG",15,417.119341896995,417.119113279158,417.11910583287,"C21 H22 O9"
"X8127_NEG_15_417.155514600973",8127,"NEG",15,417.155746385133,417.155514600973,417.15549134222,"C22 H26 O8"
"X8128_NEG_15_417.191914523333",8128,"NEG",15,417.192146945848,417.191914523333,417.191876851568,"C23 H30 O7"
"X8129_NEG_15_417.228277457664",8129,"NEG",15,417.228507839387,417.228277457664,417.22826236092,"C24 H34 O6"
"X8130_NEG_15_419.062020398101",8130,"NEG",15,419.062248155639,419.062020398101,419.061984878629,"C19 H16 O11"
"X8131_NEG_15_419.134801944707",8131,"NEG",15,419.13503367797,419.134801944707,419.134755897329,"C21 H24 O9"
"X8132_NEG_15_419.171180537207",8132,"NEG",15,419.171413802263,419.171180537207,419.17114140668,"C22 H28 O8"
"X8133_NEG_15_419.207554433787",8133,"NEG",15,419.207787720291,419.207554433787,419.207526916028,"C23 H32 O7"
"X8136_NEG_15_421.114085311348",8136,"NEG",15,421.114314409571,421.114085311348,421.11402045244,"C20 H22 O10"
"X8137_NEG_15_421.150439876976",8137,"NEG",15,421.150673787739,421.150439876976,421.150405961788,"C21 H26 O9"
"X8138_NEG_15_421.186837762575",8138,"NEG",15,421.187072571463,421.186837762575,421.18679147114,"C22 H30 O8"
"X8139_NEG_15_421.223220014691",8139,"NEG",15,421.223454961578,421.223220014691,421.223176980488,"C23 H34 O7"
"X8140_NEG_15_423.129695171374",8140,"NEG",15,423.129926046417,423.129695171374,423.129670516899,"C20 H24 O10"
"X8141_NEG_15_423.166101286189",8141,"NEG",15,423.166336788681,423.166101286189,423.166056026248,"C21 H28 O9"
"X8142_NEG_15_423.202471764394",8142,"NEG",15,423.202708220098,423.202471764394,423.202441535599,"C22 H32 O8"
"X8143_NEG_15_423.238840481049",8143,"NEG",15,423.239078200892,423.238840481049,423.238827044949,"C23 H36 O7"
"X8144_NEG_15_425.145359631234",8144,"NEG",15,425.145592426872,425.145359631234,425.145320581359,"C20 H26 O10"
"X8146_NEG_15_425.181740711841",8146,"NEG",15,425.181977790996,425.181740711841,425.18170609071,"C21 H30 O9"
"X8148_NEG_15_427.139826808173",8148,"NEG",15,427.140060576539,427.139826808173,427.13984127776,"C23 H24 O8"
"X8149_NEG_15_427.16095348469",8149,"NEG",15,427.161184124848,427.16095348469,427.160970645819,"C20 H28 O10"
"X8150_NEG_15_427.176229936292",8150,"NEG",15,427.176463546197,427.176229936292,427.176226787109,"C24 H28 O7"
"X8152_NEG_15_429.082720619726",8152,"NEG",15,429.082953550291,429.082720619726,429.082720323519,"C21 H18 O10"
"X8153_NEG_15_429.119117853766",8153,"NEG",15,429.119352350013,429.119117853766,429.11910583287,"C22 H22 O9"
"X8154_NEG_15_429.155476697014",8154,"NEG",15,429.155714734702,429.155476697014,429.155491342219,"C23 H26 O8"
"X8155_NEG_15_429.191888558366",8155,"NEG",15,429.192127923938,429.191888558366,429.191876851568,"C24 H30 O7"
"X8156_NEG_15_429.228273851153",8156,"NEG",15,429.228511892068,429.228273851153,429.228262360919,"C25 H34 O6"
"X8157_NEG_15_431.025592985987",8157,"NEG",15,431.02582810422,431.025592985987,431.025599369279,"C19 H12 O12"
"X8158_NEG_15_431.061999474003",8158,"NEG",15,431.062232837149,431.061999474003,431.061984878629,"C20 H16 O11"
"X8159_NEG_15_431.098354759727",8159,"NEG",15,431.098587724277,431.098354759727,431.098370387979,"C21 H20 O10"
"X8160_NEG_15_431.134759140542",8160,"NEG",15,431.134995036742,431.134759140542,431.134755897329,"C22 H24 O9"
"X8161_NEG_15_431.171138636964",8161,"NEG",15,431.171379541961,431.171138636964,431.17114140668,"C23 H28 O8"
"X8162_NEG_15_431.207533348825",8162,"NEG",15,431.207775000235,431.207533348825,431.207526916028,"C24 H32 O7"
"X8163_NEG_15_431.243919696219",8163,"NEG",15,431.244159485988,431.243919696219,431.243912425379,"C25 H36 O6"
"X8164_NEG_15_433.041266586421",8164,"NEG",15,433.041501152551,433.041266586421,433.041249433739,"C19 H14 O12"
"X8165_NEG_15_433.077600757029",8165,"NEG",15,433.077835652503,433.077600757029,433.077634943089,"C20 H18 O11"
"X8166_NEG_15_433.114035740968",8166,"NEG",15,433.114269555155,433.114035740968,433.114020452439,"C21 H22 O10"
"X8167_NEG_15_433.150418819013",8167,"NEG",15,433.15065903719,433.150418819013,433.150405961788,"C22 H26 O9"
"X8168_NEG_15_433.186801897591",8168,"NEG",15,433.187044239903,433.186801897591,433.18679147114,"C23 H30 O8"
"X8169_NEG_15_433.223186705554",8169,"NEG",15,433.223429407678,433.223186705554,433.223176980488,"C24 H34 O7"
"X8171_NEG_15_435.129691070649",8171,"NEG",15,435.12992657578,435.129691070649,435.129670516899,"C21 H24 O10"
"X8172_NEG_15_435.166082129631",8172,"NEG",15,435.166325535874,435.166082129631,435.166056026248,"C22 H28 O9"
"X8173_NEG_15_435.202448025289",8173,"NEG",15,435.20269223788,435.202448025289,435.202441535599,"C23 H32 O8"
"X8174_NEG_15_435.238838630201",8174,"NEG",15,435.239080649523,435.238838630201,435.238827044949,"C24 H36 O7"
"X8175_NEG_15_437.145350102495",8175,"NEG",15,437.145589156008,437.145350102495,437.145320581359,"C21 H26 O10"
"X8176_NEG_15_437.181708324706",8176,"NEG",15,437.181952953348,437.181708324706,437.18170609071,"C22 H30 O9"
"X8177_NEG_15_437.218101775964",8177,"NEG",15,437.218347051203,437.218101775964,437.218091600058,"C23 H34 O8"
"X8178_NEG_15_439.160993245271",8178,"NEG",15,439.16123379431,439.160993245271,439.160970645819,"C21 H28 O10"
"X8179_NEG_15_439.197371466385",8179,"NEG",15,439.197617320141,439.197371466385,439.19735615517,"C22 H32 O9"
"X8180_NEG_15_441.119102114506",8180,"NEG",15,441.119340137565,441.119102114506,441.119105832869,"C23 H22 O9"
"X8181_NEG_15_441.155592257187",8181,"NEG",15,441.155831454951,441.155592257187,441.155491342219,"C24 H26 O8"
"X8182_NEG_15_441.176621740762",8182,"NEG",15,441.176864690357,441.176621740762,441.176620710278,"C21 H30 O10"
"X8185_NEG_15_443.098391918209",8185,"NEG",15,443.098630368477,443.098391918209,443.098370387979,"C22 H20 O10"
"X8186_NEG_15_443.134733838747",8186,"NEG",15,443.134973706972,443.134733838747,443.134755897329,"C23 H24 O9"
"X8187_NEG_15_443.207549280167",8187,"NEG",15,443.207797076048,443.207549280167,443.207526916029,"C25 H32 O7"
"X8190_NEG_15_445.11403956476",8190,"NEG",15,445.114278507656,445.11403956476,445.114020452439,"C22 H22 O10"
"X8191_NEG_15_445.150414837307",8191,"NEG",15,445.150659388751,445.150414837307,445.150405961788,"C23 H26 O9"
"X8192_NEG_15_445.186795698308",8192,"NEG",15,445.187045048586,445.186795698308,445.18679147114,"C24 H30 O8"
"X8193_NEG_15_445.223194723885",8193,"NEG",15,445.223444983526,445.223194723885,445.223176980488,"C25 H34 O7"
"X8195_NEG_15_447.129664208505",8195,"NEG",15,447.129905409694,447.129664208505,447.129670516899,"C22 H24 O10"
"X8196_NEG_15_447.166066380211",8196,"NEG",15,447.166315964793,447.166066380211,447.166056026248,"C23 H28 O9"
"X8197_NEG_15_447.202454138215",8197,"NEG",15,447.202705738387,447.202454138215,447.202441535599,"C24 H32 O8"
"X8198_NEG_15_447.238828052572",8198,"NEG",15,447.239078210694,447.238828052572,447.23882704495,"C25 H36 O7"
"X8200_NEG_15_449.145328949437",8200,"NEG",15,449.145572208872,449.145328949437,449.145320581359,"C22 H26 O10"
"X8201_NEG_15_449.18170689057",8201,"NEG",15,449.181959090716,449.18170689057,449.18170609071,"C23 H30 O9"
"X8202_NEG_15_449.218105845267",8202,"NEG",15,449.218358285903,449.218105845267,449.218091600058,"C24 H34 O8"
"X8204_NEG_15_451.161004482015",8204,"NEG",15,451.161252794023,451.161004482015,451.160970645819,"C22 H28 O10"
"X8205_NEG_15_451.197370133849",8205,"NEG",15,451.19762383178,451.197370133849,451.19735615517,"C23 H32 O9"
"X8206_NEG_15_451.233747904821",8206,"NEG",15,451.234001227795,451.233747904821,451.233741664518,"C24 H36 O8"
"X8207_NEG_15_453.155503605631",8207,"NEG",15,453.155753329574,453.155503605631,453.155491342219,"C25 H26 O8"
"X8208_NEG_15_453.176646082092",8208,"NEG",15,453.176896036768,453.176646082092,453.176620710278,"C22 H30 O10"
"X8209_NEG_15_453.213018638716",8209,"NEG",15,453.213271497766,453.213018638716,453.21300621963,"C23 H34 O9"
"X8211_NEG_15_455.134783222608",8211,"NEG",15,455.135029263621,455.134783222608,455.134755897329,"C24 H24 O9"
"X8212_NEG_15_455.171178074571",8212,"NEG",15,455.171423934468,455.171178074571,455.171141406679,"C25 H28 O8"
"X8213_NEG_15_455.192276473922",8213,"NEG",15,455.192527657715,455.192276473922,455.192270774739,"C22 H32 O10"
"X8218_NEG_15_457.15041216412",8218,"NEG",15,457.150661553068,457.15041216412,457.150405961788,"C24 H26 O9"
"X8219_NEG_15_457.186803675768",8219,"NEG",15,457.187052131261,457.186803675768,457.18679147114,"C25 H30 O8"
"X8220_NEG_15_457.223208999633",8220,"NEG",15,457.223460905334,457.223208999633,457.223176980489,"C26 H34 O7"
"X8223_NEG_15_459.093275508067",8223,"NEG",15,459.093520181959,459.093275508067,459.093285007549,"C22 H20 O11"
"X8224_NEG_15_459.129691315702",8224,"NEG",15,459.129937091177,459.129691315702,459.129670516899,"C23 H24 O10"
"X8225_NEG_15_459.202466325623",8225,"NEG",15,459.202723044466,459.202466325623,459.202441535599,"C25 H32 O8"
"X8226_NEG_15_459.238860613327",8226,"NEG",15,459.239117223371,459.238860613327,459.23882704495,"C26 H36 O7"
"X8227_NEG_15_461.036172521709",8227,"NEG",15,461.036413900296,461.036172521709,461.036164053309,"C20 H14 O13"
"X8229_NEG_15_461.145327470239",8229,"NEG",15,461.145573596747,461.145327470239,461.145320581359,"C23 H26 O10"
"X8230_NEG_15_461.218118037128",8230,"NEG",15,461.218377319744,461.218118037128,461.218091600058,"C25 H34 O8"
"X8231_NEG_15_461.254508784563",8231,"NEG",15,461.254766499441,461.254508784563,461.254477109409,"C26 H38 O7"
"X8233_NEG_15_463.160909101372",8233,"NEG",15,463.161164634654,463.160909101372,463.160970645819,"C23 H28 O10"
"X8234_NEG_15_463.197372252194",8234,"NEG",15,463.197632020983,463.197372252194,463.19735615517,"C24 H32 O9"
"X8235_NEG_15_463.233776889532",8235,"NEG",15,463.234037270027,463.233776889532,463.233741664518,"C25 H36 O8"
"X8237_NEG_15_465.17661230999",8237,"NEG",15,465.176867961109,465.17661230999,465.176620710278,"C23 H30 O10"
"X8238_NEG_15_465.213009132874",8238,"NEG",15,465.213268949403,465.213009132874,465.21300621963,"C24 H34 O9"
"X8239_NEG_15_465.2493987029",8239,"NEG",15,465.249655657462,465.2493987029,465.249391728979,"C25 H38 O8"
"X8240_NEG_15_467.192285519448",8240,"NEG",15,467.19254310083,467.192285519448,467.192270774739,"C23 H32 O10"
"X8241_NEG_15_467.228668138368",8241,"NEG",15,467.228927235071,467.228668138368,467.228656284089,"C24 H36 O9"
"X8242_NEG_15_469.150419502741",8242,"NEG",15,469.150670130518,469.150419502741,469.150405961789,"C25 H26 O9"
"X8243_NEG_15_469.207905352655",8243,"NEG",15,469.208165295935,469.207905352655,469.2079208392,"C23 H34 O10"
"X8246_NEG_15_471.166052673483",8246,"NEG",15,471.16630131668,471.166052673483,471.16605602625,"C25 H28 O9"
"X8247_NEG_15_471.202440243344",8247,"NEG",15,471.202695020137,471.202440243344,471.202441535599,"C26 H32 O8"
"X8248_NEG_15_471.23885108001",8248,"NEG",15,471.239109441258,471.23885108001,471.238827044949,"C27 H36 O7"
"X8249_NEG_15_473.181685423275",8249,"NEG",15,473.181942184034,473.181685423275,473.181706090709,"C25 H30 O9"
"X8250_NEG_15_473.218101461665",8250,"NEG",15,473.218363772768,473.218101461665,473.218091600058,"C26 H34 O8"
"X8252_NEG_15_475.124584488293",8252,"NEG",15,475.124830731132,475.124584488293,475.124585136469,"C23 H24 O11"
"X8253_NEG_15_475.197355440042",8253,"NEG",15,475.197619513971,475.197355440042,475.19735615517,"C25 H32 O9"
"X8254_NEG_15_475.233763021901",8254,"NEG",15,475.234028572425,475.233763021901,475.233741664518,"C26 H36 O8"
"X8255_NEG_15_477.139546386923",8255,"NEG",15,477.139807797392,477.139546386923,477.13958375225,"C15 H30 O13 N2 S1"
"X8256_NEG_15_477.176627461639",8256,"NEG",15,477.176890465878,477.176627461639,477.176620710278,"C24 H30 O10"
"X8257_NEG_15_477.213002808602",8257,"NEG",15,477.213269441911,477.213002808602,477.21300621963,"C25 H34 O9"
"X8258_NEG_15_477.249421834428",8258,"NEG",15,477.249686417655,477.249421834428,477.249391728978,"C26 H38 O8"
"X8260_NEG_15_479.192274296401",8260,"NEG",15,479.192538817008,479.192274296401,479.192270774738,"C24 H32 O10"
"X8261_NEG_15_479.228673504717",8261,"NEG",15,479.228941185395,479.228673504717,479.228656284089,"C25 H36 O9"
"X8263_NEG_15_481.207937036448",8263,"NEG",15,481.208200153411,481.207937036448,481.2079208392,"C24 H34 O10"
"X8264_NEG_15_481.244309139909",8264,"NEG",15,481.244574407888,481.244309139909,481.244306348549,"C25 H38 O9"
"X8266_NEG_15_483.166044301915",8266,"NEG",15,483.166306257048,483.166044301915,483.16605602625,"C26 H28 O9"
"X8270_NEG_15_485.138677235063",8270,"NEG",15,485.138943688904,485.138677235063,485.138795905909,"C24 H26 O7 N2 S1"
"X8271_NEG_15_485.181679343967",8271,"NEG",15,485.1819316244,485.181679343967,485.181706090709,"C26 H30 O9"
"X8272_NEG_15_485.218077714767",8272,"NEG",15,485.218334793979,485.218077714767,485.218091600059,"C27 H34 O8"
"X8275_NEG_15_487.160944227704",8275,"NEG",15,487.161197498276,487.160944227704,487.160970645819,"C25 H28 O10"
"X8276_NEG_15_487.197344648746",8276,"NEG",15,487.197605872758,487.197344648746,487.197356155169,"C26 H32 O9"
"X8277_NEG_15_487.233749643096",8277,"NEG",15,487.234017745406,487.233749643096,487.233741664519,"C27 H36 O8"
"X8279_NEG_15_489.140180127683",8279,"NEG",15,489.140433871039,489.140180127683,489.140235200928,"C24 H26 O11"
"X8280_NEG_15_489.176597960696",8280,"NEG",15,489.176860188261,489.176597960696,489.176620710278,"C25 H30 O10"
"X8281_NEG_15_489.212979719939",8281,"NEG",15,489.21325028215,489.212979719939,489.21300621963,"C26 H34 O9"
"X8282_NEG_15_489.249413298171",8282,"NEG",15,489.249681792906,489.249413298171,489.249391728978,"C27 H38 O8"
"X8285_NEG_15_491.228632636558",8285,"NEG",15,491.228906346213,491.228632636558,491.228656284089,"C26 H36 O9"
"X8286_NEG_15_491.265039600047",8286,"NEG",15,491.265313926936,491.265039600047,491.265041793439,"C27 H40 O8"
"X8287_NEG_15_493.171499776597",8287,"NEG",15,493.171752763498,493.171499776597,493.171535329849,"C24 H30 O11"
"X8288_NEG_15_493.207907456497",8288,"NEG",15,493.208175788927,493.207907456497,493.2079208392,"C25 H34 O10"
"X8289_NEG_15_493.244302763905",8289,"NEG",15,493.244574024006,493.244302763905,493.244306348548,"C26 H38 O9"
"X8290_NEG_15_495.187186645394",8290,"NEG",15,495.187437632969,495.187186645394,495.187185394309,"C24 H32 O11"
"X8291_NEG_15_495.223551464029",8291,"NEG",15,495.223820045439,495.223551464029,495.22357090366,"C25 H36 O10"
"X8292_NEG_15_495.259945507749",8292,"NEG",15,495.260210567343,495.259945507749,495.259956413009,"C26 H40 O9"
"X8295_NEG_15_497.181710762839",8295,"NEG",15,497.181980850327,497.181710762839,497.181706090709,"C27 H30 O9"
"X8300_NEG_15_499.197330177872",8300,"NEG",15,499.197590207085,499.197330177872,499.197356155169,"C27 H32 O9"
"X8301_NEG_15_499.233747679552",8301,"NEG",15,499.234007179466,499.233747679552,499.23374166452,"C28 H36 O8"
"X8302_NEG_15_501.176597300219",8302,"NEG",15,501.176852530104,501.176597300219,501.176620710279,"C26 H30 O10"
"X8303_NEG_15_501.213004821611",8303,"NEG",15,501.213270233665,501.213004821611,501.21300621963,"C27 H34 O9"
"X8304_NEG_15_501.249387573593",8304,"NEG",15,501.249658295187,501.249387573593,501.249391728978,"C28 H38 O8"
"X8305_NEG_15_503.192268558942",8305,"NEG",15,503.192530981345,503.192268558942,503.192270774739,"C26 H32 O10"
"X8306_NEG_15_503.228631349049",8306,"NEG",15,503.22890950206,503.228631349049,503.228656284089,"C27 H36 O9"
"X8307_NEG_15_503.265059634615",8307,"NEG",15,503.265333054767,503.265059634615,503.26504179344,"C28 H40 O8"
"X8309_NEG_15_505.20789863642",8309,"NEG",15,505.208170298085,505.20789863642,505.2079208392,"C26 H34 O10"
"X8310_NEG_15_505.244332434556",8310,"NEG",15,505.244610613953,505.244332434556,505.244306348548,"C27 H38 O9"
"X8311_NEG_15_505.280703684375",8311,"NEG",15,505.280985953771,505.280703684375,505.280691857899,"C28 H42 O8"
"X8312_NEG_15_507.223552720754",8312,"NEG",15,507.223825628443,507.223552720754,507.22357090366,"C26 H36 O10"
"X8313_NEG_15_507.25996185472",8313,"NEG",15,507.260226281405,507.25996185472,507.25995641301,"C27 H40 O9"
"X8315_NEG_15_509.202852757264",8315,"NEG",15,509.203112421163,509.202852757264,509.202835458769,"C25 H34 O11"
"X8316_NEG_15_509.239212125338",8316,"NEG",15,509.239484115416,509.239212125338,509.23922096812,"C26 H38 O10"
"X8320_NEG_15_513.176595337289",8320,"NEG",15,513.176857934636,513.176595337289,513.176620710279,"C27 H30 O10"
"X8321_NEG_15_513.212954933041",8321,"NEG",15,513.213213044511,513.212954933041,513.213006219629,"C28 H34 O9"
"X8324_NEG_15_515.192234835623",8324,"NEG",15,515.192495631924,515.192234835623,515.19227077474,"C27 H32 O10"
"X8325_NEG_15_515.228633889199",8325,"NEG",15,515.228907071324,515.228633889199,515.228656284089,"C28 H36 O9"
"X8326_NEG_15_515.265046087375",8326,"NEG",15,515.265321262794,515.265046087375,515.265041793439,"C29 H40 O8"
"X8327_NEG_15_517.207870116782",8327,"NEG",15,517.208137747671,517.207870116782,517.207920839199,"C27 H34 O10"
"X8328_NEG_15_517.244298322877",8328,"NEG",15,517.24457763809,517.244298322877,517.244306348548,"C28 H38 O9"
"X8329_NEG_15_517.280678138963",8329,"NEG",15,517.280957534257,517.280678138963,517.2806918579,"C29 H42 O8"
"X8331_NEG_15_519.187127823394",8331,"NEG",15,519.187386978383,519.187127823394,519.187185394309,"C26 H32 O11"
"X8332_NEG_15_519.223547444166",8332,"NEG",15,519.223819516502,519.223547444166,519.22357090366,"C27 H36 O10"
"X8333_NEG_15_519.259922056086",8333,"NEG",15,519.260201084955,519.259922056086,519.259956413008,"C28 H40 O9"
"X8334_NEG_15_521.202845948685",8334,"NEG",15,521.203103035891,521.202845948685,521.202835458769,"C26 H34 O11"
"X8335_NEG_15_521.239198091161",8335,"NEG",15,521.239469872624,521.239198091161,521.23922096812,"C27 H38 O10"
"X8337_NEG_15_523.218480650498",8337,"NEG",15,523.218740518506,523.218480650498,523.21848552323,"C26 H36 O11"
"X8340_NEG_15_527.192221629563",8340,"NEG",15,527.192479958675,527.192221629563,527.192270774739,"C28 H32 O10"
"X8343_NEG_15_529.171457716322",8343,"NEG",15,529.171717566706,529.171457716322,529.171535329849,"C27 H30 O11"
"X8344_NEG_15_529.20787835149",8344,"NEG",15,529.20815484906,529.20787835149,529.2079208392,"C28 H34 O10"
"X8345_NEG_15_529.244279854922",8345,"NEG",15,529.244553000475,529.244279854922,529.244306348549,"C29 H38 O9"
"X8346_NEG_15_529.280670256693",8346,"NEG",15,529.280962001884,529.280670256693,529.2806918579,"C30 H42 O8"
"X8349_NEG_15_531.187125263219",8349,"NEG",15,531.187384909464,531.187125263219,531.187185394309,"C27 H32 O11"
"X8350_NEG_15_531.223562005246",8350,"NEG",15,531.22383134657,531.223562005246,531.223570903659,"C28 H36 O10"
"X8351_NEG_15_531.259959175054",8351,"NEG",15,531.260239666909,531.259959175054,531.259956413008,"C29 H40 O9"
"X8352_NEG_15_531.296350707976",8352,"NEG",15,531.296642705995,531.296350707976,531.296341922359,"C30 H44 O8"
"X8354_NEG_15_533.202787013966",8354,"NEG",15,533.203046384292,533.202787013966,533.202835458769,"C27 H34 O11"
"X8355_NEG_15_533.239209022045",8355,"NEG",15,533.239482719023,533.239209022045,533.23922096812,"C28 H38 O10"
"X8356_NEG_15_533.275615558143",8356,"NEG",15,533.275898994056,533.275615558143,533.275606477469,"C29 H42 O9"
"X8358_NEG_15_535.218488199179",8358,"NEG",15,535.218745007978,535.218488199179,535.21848552323,"C27 H36 O11"
"X8359_NEG_15_535.254868522668",8359,"NEG",15,535.255132339548,535.254868522668,535.254871032579,"C28 H40 O10"
"X8361_NEG_15_537.234149101514",8361,"NEG",15,537.234403638595,537.234149101514,537.234135587689,"C27 H38 O11"
"X8369_NEG_15_543.223549507576",8369,"NEG",15,543.22380327926,543.223549507576,543.223570903659,"C29 H36 O10"
"X8373_NEG_15_545.202804664062",8373,"NEG",15,545.203068474476,545.202804664062,545.202835458769,"C28 H34 O11"
"X8374_NEG_15_545.239204466303",8374,"NEG",15,545.239478930381,545.239204466303,545.23922096812,"C29 H38 O10"
"X8375_NEG_15_545.275603561089",8375,"NEG",15,545.27588894198,545.275603561089,545.275606477468,"C30 H42 O9"
"X8377_NEG_15_547.218433580308",8377,"NEG",15,547.218692796723,547.218433580308,547.21848552323,"C28 H36 O11"
"X8378_NEG_15_547.254870431586",8378,"NEG",15,547.255144096431,547.254870431586,547.254871032579,"C29 H40 O10"
"X8379_NEG_15_547.291276252172",8379,"NEG",15,547.291564579827,547.291276252172,547.291256541929,"C30 H44 O9"
"X8380_NEG_15_549.19778260601",8380,"NEG",15,549.198030394783,549.19778260601,549.197750078339,"C27 H34 O12"
"X8381_NEG_15_549.234102963131",8381,"NEG",15,549.234373377335,549.234102963131,549.234135587689,"C28 H38 O11"
"X8382_NEG_15_549.270574367125",8382,"NEG",15,549.270835729291,549.270574367125,549.270521097039,"C29 H42 O10"
"X8384_NEG_15_551.24981358316",8384,"NEG",15,551.250070565705,551.24981358316,551.249785652149,"C28 H40 O11"
"X8386_NEG_15_557.239115487507",8386,"NEG",15,557.23937294925,557.239115487507,557.239220968119,"C30 H38 O10"
"X8388_NEG_15_559.254842678526",8388,"NEG",15,559.255110165468,559.254842678526,559.254871032579,"C30 H40 O10"
"X8389_NEG_15_561.234128493884",8389,"NEG",15,561.234385649806,561.234128493884,561.234135587689,"C29 H38 O11"
"X8390_NEG_15_561.270529694982",8390,"NEG",15,561.270792366161,561.270529694982,561.270521097039,"C30 H42 O10"
"X8392_NEG_15_563.249780547259",8392,"NEG",15,563.250040903168,563.249780547259,563.249785652149,"C29 H40 O11"
"X8400_NEG_15_575.249812119995",8400,"NEG",15,575.250066789941,575.249812119995,575.249785652149,"C30 H40 O11"
"X8410_NEG_15_660.46911515939",8410,"NEG",15,660.46935955703,660.46911515939,660.469220907219,"C35 H67 O10 N1"
"X8411_NEG_15_675.460448270199",8411,"NEG",15,675.460679765675,675.460448270199,675.460511404368,"C47 H64 O1 S1"
"X8413_NEG_16_139.040090915259",8413,"NEG",16,139.040045189735,139.040090915259,139.040067664229,"C7 H8 O3"
"X8415_NEG_16_141.03058718274",8415,"NEG",16,141.030550182983,141.03058718274,141.030565608629,"C5 H6 O3 N2"
"X8416_NEG_16_141.055740541691",8416,"NEG",16,141.055696338827,141.055740541691,141.055717728689,"C7 H10 O3"
"X8418_NEG_16_158.08223517236",8418,"NEG",16,158.08221190271,158.08223517236,158.082266829809,"C7 H13 O3 N1"
"X8429_NEG_16_188.035310096915",8429,"NEG",16,188.03531988542,188.035310096915,188.035316636429,"C10 H7 O3 N1"
"X8430_NEG_16_189.055701193734",8430,"NEG",16,189.055710108569,189.055701193734,189.055717728689,"C11 H10 O3"
"X8431_NEG_16_191.071356997885",8431,"NEG",16,191.071371270238,191.071356997885,191.071367793149,"C11 H12 O3"
"X8435_NEG_16_195.029865750597",8435,"NEG",16,195.029883580941,195.029865750597,195.029896903369,"C9 H8 O5"
"X8436_NEG_16_197.009218819741",8436,"NEG",16,197.009238070832,197.009218819741,197.009161458479,"C8 H6 O6"
"X8437_NEG_16_197.118303454676",8437,"NEG",16,197.118321243279,197.118303454676,197.118317986529,"C11 H18 O3"
"X8440_NEG_16_207.050999743042",8440,"NEG",16,207.051029688278,207.050999743042,207.051026271429,"C7 H12 O7"
"X8441_NEG_16_207.066261320644",8441,"NEG",16,207.066289856042,207.066261320644,207.066282412719,"C11 H12 O4"
"X8442_NEG_16_207.139030542247",8442,"NEG",16,207.139059456339,207.139030542247,207.139053431419,"C13 H20 O2"
"X8443_NEG_16_209.045519093209",8443,"NEG",16,209.045551333278,209.045519093209,209.045546967829,"C10 H10 O5"
"X8445_NEG_16_211.024790510227",8445,"NEG",16,211.024827641332,211.024790510227,211.024811522939,"C9 H8 O6"
"X8448_NEG_16_213.076820913098",8448,"NEG",16,213.076856548129,213.076820913098,213.076847096749,"C10 H14 O5"
"X8449_NEG_16_215.092474470376",8449,"NEG",16,215.092512782693,215.092474470376,215.092497161209,"C10 H16 O5"
"X8450_NEG_16_217.010223493059",8450,"NEG",16,217.010266644428,217.010223493059,217.010224086909,"C6 H6 O7 N2"
"X8451_NEG_16_219.06625059648",8451,"NEG",16,219.066293760384,219.06625059648,219.066282412719,"C12 H12 O4"
"X8452_NEG_16_219.102638028578",8452,"NEG",16,219.102680054321,219.102638028578,219.10266792207,"C13 H16 O3"
"X8453_NEG_16_221.009138577773",8453,"NEG",16,221.009185126585,221.009138577773,221.009161458479,"C10 H6 O6"
"X8457_NEG_16_228.160494343751",8457,"NEG",16,228.16054672868,228.160494343751,228.160517152109,"C12 H23 O3 N1"
"X8458_NEG_16_233.081903388959",8458,"NEG",16,233.081960623307,233.081903388959,233.081932477179,"C13 H14 O4"
"X8460_NEG_16_235.133948544626",8460,"NEG",16,235.134007281548,235.133948544626,235.133968050988,"C14 H20 O3"
"X8461_NEG_16_237.00404625687",8461,"NEG",16,237.004108662716,237.00404625687,237.004076078049,"C10 H6 O7"
"X8463_NEG_16_237.061562911609",8463,"NEG",16,237.061624498876,237.061562911609,237.061590955459,"C8 H14 O8"
"X8464_NEG_16_237.076811691926",8464,"NEG",16,237.076874018659,237.076811691926,237.076847096749,"C12 H14 O5"
"X8469_NEG_16_241.108111935589",8469,"NEG",16,241.108176468213,241.108111935589,241.108147225669,"C12 H18 O5"
"X8470_NEG_16_243.12377392368",8470,"NEG",16,243.123840638216,243.12377392368,243.123797290129,"C12 H20 O5"
"X8471_NEG_16_245.139411848203",8471,"NEG",16,245.139480672136,245.139411848203,245.139447354589,"C12 H22 O5"
"X8473_NEG_16_247.097538093681",8473,"NEG",16,247.097610158513,247.097538093681,247.097582541639,"C14 H16 O4"
"X8474_NEG_16_247.133926290721",8474,"NEG",16,247.1339978722,247.133926290721,247.133968050988,"C15 H20 O3"
"X8475_NEG_16_247.170317520316",8475,"NEG",16,247.17038978188,247.170317520316,247.170353560339,"C16 H24 O2"
"X8476_NEG_16_249.004028332839",8476,"NEG",16,249.004107168413,249.004028332839,249.004076078049,"C11 H6 O7"
"X8477_NEG_16_249.149591781276",8477,"NEG",16,249.149665895401,249.149591781276,249.14961811545,"C15 H22 O3"
"X8478_NEG_16_253.035325695277",8478,"NEG",16,253.035403506191,253.035325695277,253.035376206969,"C11 H10 O7"
"X8480_NEG_16_255.014594412054",8480,"NEG",16,255.014673847622,255.014594412054,255.014640762079,"C10 H8 O8"
"X8482_NEG_16_255.123745528146",8482,"NEG",16,255.123825519564,255.123745528146,255.123797290129,"C13 H20 O5"
"X8483_NEG_16_255.23291576744",8483,"NEG",16,255.232996835454,255.23291576744,255.232953818179,"C16 H32 O2"
"X8484_NEG_16_257.09311985276",8484,"NEG",16,257.093202208162,257.09311985276,257.093165866469,"C14 H14 O3 N2"
"X8485_NEG_16_259.097531279244",8485,"NEG",16,259.097614340097,259.097531279244,259.097582541639,"C15 H16 O4"
"X8486_NEG_16_261.113174724849",8486,"NEG",16,261.113260608727,261.113174724849,261.113232606099,"C15 H18 O4"
"X8488_NEG_16_263.128823877683",8488,"NEG",16,263.128911928497,263.128823877683,263.128882670559,"C15 H20 O4"
"X8490_NEG_16_265.108092763768",8490,"NEG",16,265.108183489227,265.108092763768,265.108147225669,"C14 H18 O5"
"X8491_NEG_16_265.144460829273",8491,"NEG",16,265.144550370456,265.144460829273,265.144532735019,"C15 H22 O4"
"X8493_NEG_16_267.160118173571",8493,"NEG",16,267.16021027117,267.160118173571,267.160182799479,"C15 H24 O4"
"X8495_NEG_16_269.212150738958",8495,"NEG",16,269.21224724062,269.212150738958,269.21221837329,"C16 H30 O3"
"X8497_NEG_16_271.155034671412",8497,"NEG",16,271.155130075681,271.155034671412,271.155097419049,"C14 H24 O5"
"X8498_NEG_16_273.17069300697",8498,"NEG",16,273.170789464208,273.17069300697,273.170747483509,"C14 H26 O5"
"X8499_NEG_16_275.092447956844",8499,"NEG",16,275.092550039945,275.092447956844,275.092497161209,"C15 H16 O5"
"X8500_NEG_16_275.128827889223",8500,"NEG",16,275.128929026135,275.128827889223,275.128882670559,"C16 H20 O4"
"X8501_NEG_16_275.165221062931",8501,"NEG",16,275.165320360273,275.165221062931,275.165268179909,"C17 H24 O3"
"X8502_NEG_16_277.108100618499",8502,"NEG",16,277.108202291958,277.108100618499,277.108147225669,"C15 H18 O5"
"X8503_NEG_16_277.144471404588",8503,"NEG",16,277.144573147544,277.144471404588,277.144532735019,"C16 H22 O4"
"X8504_NEG_16_279.123743831951",8504,"NEG",16,279.123847804445,279.123743831951,279.123797290129,"C15 H20 O5"
"X8505_NEG_16_279.160138987629",8505,"NEG",16,279.16024412877,279.160138987629,279.160182799478,"C16 H24 O4"
"X8506_NEG_16_281.139393863736",8506,"NEG",16,281.139500148608,281.139393863736,281.139447354589,"C15 H22 O5"
"X8507_NEG_16_281.175788144836",8507,"NEG",16,281.175895135514,281.175788144836,281.17583286394,"C16 H26 O4"
"X8508_NEG_16_283.118690710657",8508,"NEG",16,283.118799168771,283.118690710657,283.118711909699,"C14 H20 O6"
"X8509_NEG_16_283.137287984349",8509,"NEG",16,283.137397435726,283.137287984349,283.13733935431,"C15 H24 O3 S1"
"X8510_NEG_16_283.191446383738",8510,"NEG",16,283.191553615435,283.191446383738,283.191482928399,"C16 H28 O4"
"X8511_NEG_16_283.264208599361",8511,"NEG",16,283.264317878824,283.264208599361,283.264253947099,"C18 H36 O2"
"X8512_NEG_16_287.149959119671",8512,"NEG",16,287.150071750438,287.149959119671,287.150012038619,"C14 H24 O6"
"X8513_NEG_16_289.108132400784",8513,"NEG",16,289.10824868183,289.108132400784,289.108147225669,"C16 H18 O5"
"X8514_NEG_16_289.144497534507",8514,"NEG",16,289.144615598876,289.144497534507,289.144532735019,"C17 H22 O4"
"X8516_NEG_16_291.123757468814",8516,"NEG",16,291.123873622068,291.123757468814,291.123797290129,"C16 H20 O5"
"X8518_NEG_16_293.10304692862",8518,"NEG",16,293.103169742431,293.10304692862,293.103061845239,"C15 H18 O6"
"X8519_NEG_16_293.139411101621",8519,"NEG",16,293.139529328888,293.139411101621,293.139447354588,"C16 H22 O5"
"X8520_NEG_16_293.175861557455",8520,"NEG",16,293.175983014944,293.175861557455,293.175832863939,"C17 H26 O4"
"X8521_NEG_16_295.11869482904",8521,"NEG",16,295.118815267875,295.11869482904,295.118711909699,"C15 H20 O6"
"X8522_NEG_16_295.155070511998",8522,"NEG",16,295.155190710565,295.155070511998,295.155097419049,"C16 H24 O5"
"X8523_NEG_16_297.02518116271",8523,"NEG",16,297.025303007546,297.02518116271,297.025205446109,"C12 H10 O9"
"X8524_NEG_16_297.134350957467",8524,"NEG",16,297.134472734477,297.134350957467,297.13436197416,"C15 H22 O6"
"X8525_NEG_16_297.243503237307",8525,"NEG",16,297.243626771408,297.243503237307,297.243518502209,"C18 H34 O3"
"X8526_NEG_16_299.095833264865",8526,"NEG",16,299.095957266509,299.095833264865,299.09586846453,"C14 H20 O5 S1"
"X8527_NEG_16_299.149955160479",8527,"NEG",16,299.150079762974,299.149955160479,299.150012038619,"C15 H24 O6"
"X8529_NEG_16_301.071744996982",8529,"NEG",16,301.071872293762,301.071744996982,301.071761716318,"C16 H14 O6"
"X8530_NEG_16_301.10814388836",8530,"NEG",16,301.10827524759,301.10814388836,301.108147225669,"C17 H18 O5"
"X8531_NEG_16_301.144529131828",8531,"NEG",16,301.144658833182,301.144529131828,301.144532735019,"C18 H22 O4"
"X8532_NEG_16_303.08738658531",8532,"NEG",16,303.087519118556,303.08738658531,303.087411780779,"C16 H16 O6"
"X8533_NEG_16_303.123787194445",8533,"NEG",16,303.123917405393,303.123787194445,303.123797290129,"C17 H20 O5"
"X8534_NEG_16_303.160170372567",8534,"NEG",16,303.160298138317,303.160170372567,303.160182799479,"C18 H24 O4"
"X8536_NEG_16_305.103063995842",8536,"NEG",16,305.103197581528,305.103063995842,305.103061845239,"C16 H18 O6"
"X8537_NEG_16_305.139436614001",8537,"NEG",16,305.139567636642,305.139436614001,305.139447354589,"C17 H22 O5"
"X8538_NEG_16_305.17581802048",8538,"NEG",16,305.175949653027,305.17581802048,305.175832863939,"C18 H26 O4"
"X8539_NEG_16_307.009544255495",8539,"NEG",16,307.009678983654,307.009544255495,307.009555381649,"C13 H8 O9"
"X8541_NEG_16_307.118719106999",8541,"NEG",16,307.118852745987,307.118719106999,307.118711909699,"C16 H20 O6"
"X8542_NEG_16_307.15508759973",8542,"NEG",16,307.155219422807,307.15508759973,307.155097419049,"C17 H24 O5"
"X8543_NEG_16_309.134359968065",8543,"NEG",16,309.134493688978,309.134359968065,309.13436197416,"C16 H22 O6"
"X8547_NEG_16_313.144537636062",8547,"NEG",16,313.144677062059,313.144537636062,313.144532735019,"C19 H22 O4"
"X8548_NEG_16_313.202037118246",8548,"NEG",16,313.20217367233,313.202037118246,313.20204761243,"C17 H30 O5"
"X8550_NEG_16_315.123818013073",8550,"NEG",16,315.123960295276,315.123818013073,315.123797290129,"C18 H20 O5"
"X8551_NEG_16_315.160175654968",8551,"NEG",16,315.160316070788,315.160175654968,315.160182799478,"C19 H24 O4"
"X8553_NEG_16_317.139541470378",8553,"NEG",16,317.139688287619,317.139541470378,317.139447354589,"C18 H22 O5"
"X8554_NEG_16_317.175841270013",8554,"NEG",16,317.175983675097,317.175841270013,317.175832863939,"C19 H26 O4"
"X8555_NEG_16_319.118724106063",8555,"NEG",16,319.118870156684,319.118724106063,319.118711909699,"C17 H20 O6"
"X8556_NEG_16_319.155130297367",8556,"NEG",16,319.155274418814,319.155130297367,319.155097419049,"C18 H24 O5"
"X8557_NEG_16_319.191509690091",8557,"NEG",16,319.191653534189,319.191509690091,319.191482928399,"C19 H28 O4"
"X8559_NEG_16_321.098018920524",8559,"NEG",16,321.098166400763,321.098018920524,321.097976464809,"C16 H18 O7"
"X8560_NEG_16_321.134398017277",8560,"NEG",16,321.134544366925,321.134398017277,321.134361974159,"C17 H22 O6"
"X8561_NEG_16_321.170781145305",8561,"NEG",16,321.17092647736,321.170781145305,321.170747483508,"C18 H26 O5"
"X8562_NEG_16_323.150056220131",8562,"NEG",16,323.150203644817,323.150056220131,323.150012038619,"C17 H24 O6"
"X8563_NEG_16_323.186436478568",8563,"NEG",16,323.186584105702,323.186436478568,323.186397547969,"C18 H28 O5"
"X8564_NEG_16_325.129319313085",8564,"NEG",16,325.12946981004,325.129319313085,325.129276593729,"C16 H22 O7"
"X8565_NEG_16_325.144581212948",8565,"NEG",16,325.144730312555,325.144581212948,325.144532735018,"C20 H22 O4"
"X8566_NEG_16_325.202090792193",8566,"NEG",16,325.202238741434,325.202090792193,325.20204761243,"C18 H30 O5"
"X8570_NEG_16_329.139492283776",8570,"NEG",16,329.139647610282,329.139492283776,329.139447354589,"C19 H22 O5"
"X8571_NEG_16_329.175888225159",8571,"NEG",16,329.176041138788,329.175888225159,329.17583286394,"C20 H26 O4"
"X8574_NEG_16_331.155145983487",8574,"NEG",16,331.15530124123,331.155145983487,331.15509741905,"C19 H24 O5"
"X8575_NEG_16_331.191538439753",8575,"NEG",16,331.191693059411,331.191538439753,331.191482928399,"C20 H28 O4"
"X8577_NEG_16_333.098033814893",8577,"NEG",16,333.098193678593,333.098033814893,333.097976464809,"C17 H18 O7"
"X8578_NEG_16_333.13444680542",8578,"NEG",16,333.134604839943,333.13444680542,333.134361974159,"C18 H22 O6"
"X8579_NEG_16_333.17081623833",8579,"NEG",16,333.17097317778,333.17081623833,333.170747483509,"C19 H26 O5"
"X8580_NEG_16_333.207177589367",8580,"NEG",16,333.207334622648,333.207177589367,333.207132992859,"C20 H30 O4"
"X8582_NEG_16_335.113675171868",8582,"NEG",16,335.113837380844,335.113675171868,335.113626529269,"C17 H20 O7"
"X8583_NEG_16_335.150086716297",8583,"NEG",16,335.15024527809,335.150086716297,335.150012038619,"C18 H24 O6"
"X8584_NEG_16_335.18646478875",8584,"NEG",16,335.186623496417,335.18646478875,335.186397547969,"C19 H28 O5"
"X8585_NEG_16_337.129373583088",8585,"NEG",16,337.129542321279,337.129373583088,337.129276593729,"C17 H22 O7"
"X8586_NEG_16_337.165752985633",8586,"NEG",16,337.165913463715,337.165752985633,337.165662103078,"C18 H26 O6"
"X8587_NEG_16_337.202104660544",8587,"NEG",16,337.202264282866,337.202104660544,337.20204761243,"C19 H30 O5"
"X8588_NEG_16_339.144898408274",8588,"NEG",16,339.145061116918,339.144898408274,339.144926658189,"C17 H24 O7"
"X8589_NEG_16_339.181297976842",8589,"NEG",16,339.181459697005,339.181297976842,339.181312167539,"C18 H28 O6"
"X8590_NEG_16_341.160544057269",8590,"NEG",16,341.160708002185,341.160544057269,341.16057672265,"C17 H26 O7"
"X8591_NEG_16_341.179165270561",8591,"NEG",16,341.179330840247,341.179165270561,341.179204167259,"C18 H30 O4 S1"
"X8592_NEG_16_343.11868854594",8592,"NEG",16,343.118856689324,343.11868854594,343.118711909699,"C19 H20 O6"
"X8593_NEG_16_343.155097559128",8593,"NEG",16,343.155266027512,343.155097559128,343.155097419049,"C20 H24 O5"
"X8595_NEG_16_345.134362611435",8595,"NEG",16,345.134530942028,345.134362611435,345.134361974159,"C19 H22 O6"
"X8596_NEG_16_345.170747723849",8596,"NEG",16,345.170915061883,345.170747723849,345.170747483508,"C20 H26 O5"
"X8597_NEG_16_347.113622290449",8597,"NEG",16,347.113793980917,347.113622290449,347.113626529269,"C18 H20 O7"
"X8598_NEG_16_347.150006757966",8598,"NEG",16,347.150176733382,347.150006757966,347.150012038619,"C19 H24 O6"
"X8599_NEG_16_347.18638522259",8599,"NEG",16,347.186554324048,347.18638522259,347.18639754797,"C20 H28 O5"
"X8600_NEG_16_349.020116339293",8600,"NEG",16,349.020289260063,349.020116339293,349.020120065679,"C15 H10 O10"
"X8603_NEG_16_349.129312083923",8603,"NEG",16,349.12948358368,349.129312083923,349.129276593729,"C18 H22 O7"
"X8604_NEG_16_349.165660869007",8604,"NEG",16,349.165831869086,349.165660869007,349.165662103078,"C19 H26 O6"
"X8605_NEG_16_349.202042803967",8605,"NEG",16,349.202213836955,349.202042803967,349.20204761243,"C20 H30 O5"
"X8606_NEG_16_351.144935968696",8606,"NEG",16,351.145109525488,351.144935968696,351.144926658189,"C18 H24 O7"
"X8607_NEG_16_351.18131270704",8607,"NEG",16,351.181485409379,351.18131270704,351.181312167539,"C19 H28 O6"
"X8608_NEG_16_351.217703208733",8608,"NEG",16,351.217876410086,351.217703208733,351.21769767689,"C20 H32 O5"
"X8609_NEG_16_353.160582113127",8609,"NEG",16,353.160756866949,353.160582113127,353.16057672265,"C18 H26 O7"
"X8610_NEG_16_353.196963181018",8610,"NEG",16,353.197137649905,353.196963181018,353.196962231998,"C19 H30 O6"
"X8614_NEG_16_355.176246281154",8614,"NEG",16,355.176422626469,355.176246281154,355.176226787109,"C18 H28 O7"
"X8616_NEG_16_357.134367959024",8616,"NEG",16,357.134548098586,357.134367959024,357.134361974159,"C20 H22 O6"
"X8617_NEG_16_359.11367983771",8617,"NEG",16,359.113859889496,359.11367983771,359.113626529269,"C19 H20 O7"
"X8618_NEG_16_359.150041704721",8618,"NEG",16,359.150222066439,359.150041704721,359.150012038619,"C20 H24 O6"
"X8619_NEG_16_359.186420032746",8619,"NEG",16,359.186602666627,359.186420032746,359.186397547969,"C21 H28 O5"
"X8621_NEG_16_361.129324844241",8621,"NEG",16,361.129508452457,361.129324844241,361.129276593729,"C19 H22 O7"
"X8622_NEG_16_361.16575353361",8622,"NEG",16,361.165935982989,361.16575353361,361.165662103078,"C20 H26 O6"
"X8623_NEG_16_361.202061782427",8623,"NEG",16,361.202243878049,361.202061782427,361.202047612429,"C21 H30 O5"
"X8625_NEG_16_363.108595201354",8625,"NEG",16,363.108778260292,363.108595201354,363.108541148839,"C18 H20 O8"
"X8626_NEG_16_363.144987416971",8626,"NEG",16,363.145170919358,363.144987416971,363.144926658189,"C19 H24 O7"
"X8627_NEG_16_363.181351493266",8627,"NEG",16,363.181535039685,363.181351493266,363.181312167539,"C20 H28 O6"
"X8628_NEG_16_365.124212149742",8628,"NEG",16,365.124398024558,365.124212149742,365.124191213299,"C18 H22 O8"
"X8629_NEG_16_365.160607249694",8629,"NEG",16,365.160792506892,365.160607249694,365.16057672265,"C19 H26 O7"
"X8630_NEG_16_365.196980514833",8630,"NEG",16,365.197165783296,365.196980514833,365.196962231998,"C20 H30 O6"
"X8631_NEG_16_367.139873568732",8631,"NEG",16,367.140059982993,367.139873568732,367.139841277759,"C18 H24 O8"
"X8632_NEG_16_367.176249740272",8632,"NEG",16,367.176436961999,367.176249740272,367.176226787109,"C19 H28 O7"
"X8633_NEG_16_367.21263290133",8633,"NEG",16,367.212820004335,367.21263290133,367.21261229646,"C20 H32 O6"
"X8634_NEG_16_369.155523607218",8634,"NEG",16,369.155712777195,369.155523607218,369.155491342219,"C18 H26 O8"
"X8635_NEG_16_371.150052058908",8635,"NEG",16,371.15024531761,371.150052058908,371.150012038619,"C21 H24 O6"
"X8636_NEG_16_373.129296644438",8636,"NEG",16,373.129489988817,373.129296644438,373.129276593729,"C20 H22 O7"
"X8637_NEG_16_373.165692466281",8637,"NEG",16,373.16588455778,373.165692466281,373.165662103079,"C21 H26 O6"
"X8639_NEG_16_375.108585281625",8639,"NEG",16,375.108778191673,375.108585281625,375.108541148839,"C19 H20 O8"
"X8640_NEG_16_375.144971890171",8640,"NEG",16,375.14516602172,375.144971890171,375.144926658189,"C20 H24 O7"
"X8641_NEG_16_375.181341320747",8641,"NEG",16,375.181535708925,375.181341320747,375.181312167539,"C21 H28 O6"
"X8642_NEG_16_377.124238795412",8642,"NEG",16,377.124435642713,377.124238795412,377.124191213299,"C19 H22 O8"
"X8643_NEG_16_377.160625943621",8643,"NEG",16,377.160821757597,377.160625943621,377.16057672265,"C20 H26 O7"
"X8644_NEG_16_377.197020081461",8644,"NEG",16,377.197215659757,377.197020081461,377.196962231998,"C21 H30 O6"
"X8646_NEG_16_379.139887455311",8646,"NEG",16,379.140082984728,379.139887455311,379.13984127776,"C19 H24 O8"
"X8647_NEG_16_379.176269131288",8647,"NEG",16,379.17646679445,379.176269131288,379.176226787109,"C20 H28 O7"
"X8648_NEG_16_379.212652108584",8648,"NEG",16,379.212849912386,379.212652108584,379.21261229646,"C21 H32 O6"
"X8649_NEG_16_381.155528955087",8649,"NEG",16,381.155728678834,381.155528955087,381.155491342219,"C19 H26 O8"
"X8650_NEG_16_381.191920370453",8650,"NEG",16,381.192119654154,381.191920370453,381.191876851568,"C20 H30 O7"
"X8652_NEG_16_383.17118302346",8652,"NEG",16,383.171385799057,383.17118302346,383.171141406678,"C19 H28 O8"
"X8655_NEG_16_385.165682536838",8655,"NEG",16,385.165885547553,385.165682536838,385.165662103079,"C22 H26 O6"
"X8656_NEG_16_385.97894708495",8656,"NEG",16,385.979149834703,385.97894708495,385.978983528529,"C16 H5 O11 N1"
"X8657_NEG_16_387.108606591261",8657,"NEG",16,387.108809336064,387.108606591261,387.108541148839,"C20 H20 O8"
"X8658_NEG_16_387.14495181071",8658,"NEG",16,387.145154644648,387.14495181071,387.144926658189,"C21 H24 O7"
"X8659_NEG_16_387.181347739796",8659,"NEG",16,387.181550768046,387.181347739796,387.181312167539,"C22 H28 O6"
"X8661_NEG_16_389.124231391539",8661,"NEG",16,389.124435145378,389.124231391539,389.124191213299,"C20 H22 O8"
"X8662_NEG_16_389.160656915403",8662,"NEG",16,389.160861990788,389.160656915403,389.160576722649,"C21 H26 O7"
"X8663_NEG_16_389.197008227307",8663,"NEG",16,389.197215104116,389.197008227307,389.196962231998,"C22 H30 O6"
"X8664_NEG_16_391.139890412146",8664,"NEG",16,391.140095261555,391.139890412146,391.13984127776,"C20 H24 O8"
"X8665_NEG_16_391.176291929825",8665,"NEG",16,391.176499569603,391.176291929825,391.176226787109,"C21 H28 O7"
"X8666_NEG_16_391.212665770539",8666,"NEG",16,391.212873506528,391.212665770539,391.212612296459,"C22 H32 O6"
"X8667_NEG_16_393.15553555765",8667,"NEG",16,393.155743643408,393.15553555765,393.155491342219,"C20 H26 O8"
"X8668_NEG_16_393.19192592847",8668,"NEG",16,393.192135769415,393.19192592847,393.191876851568,"C21 H30 O7"
"X8669_NEG_16_395.171163162464",8669,"NEG",16,395.171373777651,395.171163162464,395.171141406679,"C20 H28 O8"
"X8670_NEG_16_395.2075564764",8670,"NEG",16,395.207767633347,395.2075564764,395.207526916029,"C21 H32 O7"
"X8672_NEG_16_397.186818273814",8672,"NEG",16,397.187031334577,397.186818273814,397.18679147114,"C20 H30 O8"
"X8674_NEG_16_399.144949006621",8674,"NEG",16,399.145161417276,399.144949006621,399.144926658189,"C22 H24 O7"
"X8677_NEG_16_401.124196127495",8677,"NEG",16,401.124408852773,401.124196127495,401.124191213299,"C21 H22 O8"
"X8678_NEG_16_401.16061428564",8678,"NEG",16,401.160827940231,401.16061428564,401.160576722649,"C22 H26 O7"
"X8679_NEG_16_403.139885755829",8679,"NEG",16,403.140101168279,403.139885755829,403.139841277759,"C21 H24 O8"
"X8680_NEG_16_403.176270094831",8680,"NEG",16,403.176486799902,403.176270094831,403.176226787109,"C22 H28 O7"
"X8681_NEG_16_403.212641338555",8681,"NEG",16,403.212859484945,403.212641338555,403.21261229646,"C23 H32 O6"
"X8684_NEG_16_405.119104827579",8684,"NEG",16,405.119321327066,405.119104827579,405.119105832869,"C20 H22 O9"
"X8685_NEG_16_405.155531226571",8685,"NEG",16,405.155748421824,405.155531226571,405.155491342219,"C21 H26 O8"
"X8686_NEG_16_405.191946628875",8686,"NEG",16,405.192166240448,405.191946628875,405.191876851569,"C22 H30 O7"
"X8687_NEG_16_405.22828283525",8687,"NEG",16,405.228502558257,405.22828283525,405.22826236092,"C23 H34 O6"
"X8688_NEG_16_407.134782065572",8688,"NEG",16,407.13499796914,407.134782065572,407.134755897329,"C20 H24 O9"
"X8689_NEG_16_407.171171585785",8689,"NEG",16,407.171391627832,407.171171585785,407.171141406679,"C21 H28 O8"
"X8690_NEG_16_407.207538665862",8690,"NEG",16,407.207760161342,407.207538665862,407.207526916029,"C22 H32 O7"
"X8691_NEG_16_409.150431184738",8691,"NEG",16,409.150650630159,409.150431184738,409.150405961789,"C20 H26 O9"
"X8692_NEG_16_409.186824648856",8692,"NEG",16,409.187047164727,409.186824648856,409.18679147114,"C21 H30 O8"
"X8693_NEG_16_409.223209210432",8693,"NEG",16,409.223431631258,409.223209210432,409.223176980488,"C22 H34 O7"
"X8696_NEG_16_411.166066827039",8696,"NEG",16,411.166287924153,411.166066827039,411.166056026249,"C20 H28 O9"
"X8697_NEG_16_411.20247199123",8697,"NEG",16,411.202696616312,411.20247199123,411.202441535599,"C21 H32 O8"
"X8699_NEG_16_413.196947098923",8699,"NEG",16,413.197170533968,413.196947098923,413.196962231999,"C24 H30 O6"
"X8700_NEG_16_415.139845392741",8700,"NEG",16,415.140069148329,415.139845392741,415.139841277759,"C22 H24 O8"
"X8701_NEG_16_415.176266016177",8701,"NEG",16,415.176491445805,415.176266016177,415.176226787109,"C23 H28 O7"
"X8702_NEG_16_415.212639755909",8702,"NEG",16,415.212865128011,415.212639755909,415.212612296459,"C24 H32 O6"
"X8704_NEG_16_417.15552766525",8704,"NEG",16,417.155752976665,417.15552766525,417.155491342219,"C22 H26 O8"
"X8705_NEG_16_417.191920705902",8705,"NEG",16,417.192150393623,417.191920705902,417.191876851568,"C23 H30 O7"
"X8706_NEG_16_417.228288682394",8706,"NEG",16,417.228518337975,417.228288682394,417.22826236092,"C24 H34 O6"
"X8708_NEG_16_419.171183609621",8708,"NEG",16,419.171412658151,419.171183609621,419.171141406679,"C22 H28 O8"
"X8709_NEG_16_419.207558472231",8709,"NEG",16,419.207789689386,419.207558472231,419.207526916028,"C23 H32 O7"
"X8710_NEG_16_421.150446674378",8710,"NEG",16,421.150673214348,421.150446674378,421.150405961789,"C21 H26 O9"
"X8711_NEG_16_421.186841895788",8711,"NEG",16,421.187074931159,421.186841895788,421.18679147114,"C22 H30 O8"
"X8712_NEG_16_421.223220584189",8712,"NEG",16,421.223453298254,421.223220584189,421.223176980488,"C23 H34 O7"
"X8713_NEG_16_423.166097156662",8713,"NEG",16,423.166325580509,423.166097156662,423.166056026249,"C21 H28 O9"
"X8714_NEG_16_423.202475146275",8714,"NEG",16,423.202708814675,423.202475146275,423.202441535599,"C22 H32 O8"
"X8715_NEG_16_423.238827023819",8715,"NEG",16,423.239065539904,423.238827023819,423.238827044949,"C23 H36 O7"
"X8716_NEG_16_425.181756865047",8716,"NEG",16,425.181986953504,425.181756865047,425.181706090709,"C21 H30 O9"
"X8717_NEG_16_425.218128461697",8717,"NEG",16,425.218365537566,425.218128461697,425.218091600058,"C22 H34 O8"
"X8719_NEG_16_427.176253825013",8719,"NEG",16,427.176484396286,427.176253825013,427.176226787109,"C24 H28 O7"
"X8720_NEG_16_427.212623957482",8720,"NEG",16,427.212856903475,427.212623957482,427.212612296459,"C25 H32 O6"
"X8721_NEG_16_429.191854899222",8721,"NEG",16,429.19209126505,429.191854899222,429.191876851569,"C24 H30 O7"
"X8722_NEG_16_429.228278171043",8722,"NEG",16,429.228515912726,429.228278171043,429.22826236092,"C25 H34 O6"
"X8725_NEG_16_431.171141383843",8725,"NEG",16,431.17137789095,431.171141383843,431.171141406679,"C23 H28 O8"
"X8726_NEG_16_431.207529385601",8726,"NEG",16,431.20777052743,431.207529385601,431.207526916028,"C24 H32 O7"
"X8727_NEG_16_431.243916985007",8727,"NEG",16,431.244158934416,431.243916985007,431.24391242538,"C25 H36 O6"
"X8729_NEG_16_433.186801283284",8729,"NEG",16,433.187043654006,433.186801283284,433.18679147114,"C23 H30 O8"
"X8730_NEG_16_433.22317412061",8730,"NEG",16,433.223417236417,433.22317412061,433.223176980488,"C24 H34 O7"
"X8731_NEG_16_435.16607662736",8731,"NEG",16,435.166312585071,435.16607662736,435.16605602625,"C22 H28 O9"
"X8732_NEG_16_435.202448734958",8732,"NEG",16,435.202692157952,435.202448734958,435.202441535599,"C23 H32 O8"
"X8733_NEG_16_435.238840128334",8733,"NEG",16,435.23908227248,435.238840128334,435.238827044949,"C24 H36 O7"
"X8734_NEG_16_437.181728308803",8734,"NEG",16,437.181967195283,437.181728308803,437.181706090709,"C22 H30 O9"
"X8735_NEG_16_437.218092639805",8735,"NEG",16,437.21833821853,437.218092639805,437.218091600058,"C23 H34 O8"
"X8736_NEG_16_439.197377262894",8736,"NEG",16,439.197618444546,439.197377262894,439.197356155169,"C22 H32 O9"
"X8737_NEG_16_439.233761411723",8737,"NEG",16,439.234009750512,439.233761411723,439.233741664519,"C23 H36 O8"
"X8739_NEG_16_441.191875922951",8739,"NEG",16,441.192116089024,441.191875922951,441.191876851569,"C25 H30 O7"
"X8741_NEG_16_443.207544259288",8741,"NEG",16,443.207789131485,443.207544259288,443.20752691603,"C25 H32 O7"
"X8743_NEG_16_445.223178512459",8743,"NEG",16,445.223430035245,445.223178512459,445.223176980488,"C25 H34 O7"
"X8744_NEG_16_447.16601998616",8744,"NEG",16,447.166262057302,447.16601998616,447.166056026249,"C23 H28 O9"
"X8745_NEG_16_447.202435444919",8745,"NEG",16,447.202688550524,447.202435444919,447.202441535599,"C24 H32 O8"
"X8746_NEG_16_447.238837307401",8746,"NEG",16,447.239091526204,447.238837307401,447.23882704495,"C25 H36 O7"
"X8748_NEG_16_449.181705880157",8748,"NEG",16,449.181955102529,449.181705880157,449.181706090709,"C23 H30 O9"
"X8749_NEG_16_449.218102450833",8749,"NEG",16,449.218357388695,449.218102450833,449.218091600058,"C24 H34 O8"
"X8750_NEG_16_449.254499803185",8750,"NEG",16,449.254751322002,449.254499803185,449.25447710941,"C25 H38 O7"
"X8751_NEG_16_451.197371398489",8751,"NEG",16,451.197624440898,451.197371398489,451.197356155169,"C23 H32 O9"
"X8752_NEG_16_451.233744151956",8752,"NEG",16,451.233999173578,451.233744151956,451.233741664519,"C24 H36 O8"
"X8753_NEG_16_452.32292244554",8753,"NEG",16,452.323180501831,452.32292244554,452.322891023478,"C22 H47 O8 N1"
"X8754_NEG_16_453.213011088516",8754,"NEG",16,453.213266278343,453.213011088516,453.21300621963,"C23 H34 O9"
"X8756_NEG_16_457.150408183447",8756,"NEG",16,457.150662845313,457.150408183447,457.150405961788,"C24 H26 O9"
"X8757_NEG_16_457.186806152364",8757,"NEG",16,457.187055597915,457.186806152364,457.186791471139,"C25 H30 O8"
"X8758_NEG_16_457.223194917295",8758,"NEG",16,457.223448779169,457.223194917295,457.223176980489,"C26 H34 O7"
"X8759_NEG_16_459.202446461884",8759,"NEG",16,459.202706199361,459.202446461884,459.202441535599,"C25 H32 O8"
"X8760_NEG_16_459.238845146521",8760,"NEG",16,459.239107341654,459.238845146521,459.23882704495,"C26 H36 O7"
"X8761_NEG_16_461.218101654517",8761,"NEG",16,461.218365565273,461.218101654517,461.218091600058,"C25 H34 O8"
"X8762_NEG_16_461.254490170216",8762,"NEG",16,461.25475129316,461.254490170216,461.25447710941,"C26 H38 O7"
"X8764_NEG_16_463.197367498998",8764,"NEG",16,463.197631965504,463.197367498998,463.19735615517,"C24 H32 O9"
"X8765_NEG_16_463.233766682273",8765,"NEG",16,463.234030661092,463.233766682273,463.233741664518,"C25 H36 O8"
"X8767_NEG_16_465.213009498082",8767,"NEG",16,465.213271870638,465.213009498082,465.21300621963,"C24 H34 O9"
"X8768_NEG_16_465.249386415667",8768,"NEG",16,465.249648154774,465.249386415667,465.249391728979,"C25 H38 O8"
"X8769_NEG_16_467.192260699232",8769,"NEG",16,467.192514808249,467.192260699232,467.192270774739,"C23 H32 O10"
"X8770_NEG_16_467.228673680778",8770,"NEG",16,467.228940453308,467.228673680778,467.228656284089,"C24 H36 O9"
"X8774_NEG_16_471.238820180123",8774,"NEG",16,471.239082968607,471.238820180123,471.238827044948,"C27 H36 O7"
"X8776_NEG_16_473.181655801153",8776,"NEG",16,473.181917166875,473.181655801153,473.181706090709,"C25 H30 O9"
"X8777_NEG_16_473.218076788827",8777,"NEG",16,473.218345819749,473.218076788827,473.218091600058,"C26 H34 O8"
"X8778_NEG_16_473.25448947115",8778,"NEG",16,473.254758263976,473.25448947115,473.25447710941,"C27 H38 O7"
"X8780_NEG_16_475.197361398121",8780,"NEG",16,475.197633550412,475.197361398121,475.19735615517,"C25 H32 O9"
"X8781_NEG_16_475.233731247527",8781,"NEG",16,475.234002749459,475.233731247527,475.233741664518,"C26 H36 O8"
"X8783_NEG_16_477.213010322552",8783,"NEG",16,477.213277901105,477.213010322552,477.21300621963,"C25 H34 O9"
"X8784_NEG_16_477.249384970359",8784,"NEG",16,477.249658629656,477.249384970359,477.249391728978,"C26 H38 O8"
"X8786_NEG_16_479.228642582897",8786,"NEG",16,479.228917696094,479.228642582897,479.228656284089,"C25 H36 O9"
"X8789_NEG_16_485.181685381433",8789,"NEG",16,485.181948978257,485.181685381433,485.181706090709,"C26 H30 O9"
"X8790_NEG_16_485.254497711626",8790,"NEG",16,485.254770426327,485.254497711626,485.25447710941,"C28 H38 O7"
"X8793_NEG_16_487.197356163938",8793,"NEG",16,487.197625213382,487.197356163938,487.197356155169,"C26 H32 O9"
"X8794_NEG_16_487.233733319935",8794,"NEG",16,487.23401087865,487.233733319935,487.233741664519,"C27 H36 O8"
"X8795_NEG_16_489.213003120304",8795,"NEG",16,489.213269795982,489.213003120304,489.213006219629,"C26 H34 O9"
"X8796_NEG_16_489.249391846898",8796,"NEG",16,489.249674266882,489.249391846898,489.249391728978,"C27 H38 O8"
"X8797_NEG_16_491.228641645556",8797,"NEG",16,491.228922827012,491.228641645556,491.228656284089,"C26 H36 O9"
"X8798_NEG_16_491.265055210882",8798,"NEG",16,491.265333844651,491.265055210882,491.265041793439,"C27 H40 O8"
"X8799_NEG_16_493.207908247659",8799,"NEG",16,493.208176600216,493.207908247659,493.207920839199,"C25 H34 O10"
"X8800_NEG_16_493.24429399322",8800,"NEG",16,493.244570687546,493.24429399322,493.244306348549,"C26 H38 O9"
"X8802_NEG_16_499.233721010916",8802,"NEG",16,499.233998569067,499.233721010916,499.23374166452,"C28 H36 O8"
"X8803_NEG_16_499.270155903002",8803,"NEG",16,499.270438962294,499.270155903002,499.270127173869,"C29 H40 O7"
"X8805_NEG_16_501.212980088909",8805,"NEG",16,501.213253731376,501.212980088909,501.213006219629,"C27 H34 O9"
"X8806_NEG_16_501.249385756694",8806,"NEG",16,501.249674999744,501.249385756694,501.249391728978,"C28 H38 O8"
"X8807_NEG_16_503.192236280011",8807,"NEG",16,503.192509404303,503.192236280011,503.192270774739,"C26 H32 O10"
"X8808_NEG_16_503.228642683296",8808,"NEG",16,503.228924847825,503.228642683296,503.228656284089,"C27 H36 O9"
"X8809_NEG_16_503.265046885435",8809,"NEG",16,503.265340111147,503.265046885435,503.26504179344,"C28 H40 O8"
"X8810_NEG_16_505.244288692551",8810,"NEG",16,505.244583290114,505.244288692551,505.244306348548,"C27 H38 O9"
"X8811_NEG_16_505.280679104099",8811,"NEG",16,505.280965425632,505.280679104099,505.2806918579,"C28 H42 O8"
"X8812_NEG_16_507.22353640592",8812,"NEG",16,507.223814337766,507.22353640592,507.223570903659,"C26 H36 O10"
"X8813_NEG_16_507.259930069256",8813,"NEG",16,507.260212262221,507.259930069256,507.25995641301,"C27 H40 O9"
"X8816_NEG_16_513.24935641389",8816,"NEG",16,513.249632097703,513.24935641389,513.249391728979,"C29 H38 O8"
"X8818_NEG_16_515.228617436683",8818,"NEG",16,515.228908141309,515.228617436683,515.228656284089,"C28 H36 O9"
"X8819_NEG_16_515.265034034425",8819,"NEG",16,515.265331025448,515.265034034425,515.26504179344,"C29 H40 O8"
"X8820_NEG_16_517.207897878836",8820,"NEG",16,517.208179231072,517.207897878836,517.207920839199,"C27 H34 O10"
"X8821_NEG_16_517.244288626616",8821,"NEG",16,517.244580663217,517.244288626616,517.244306348548,"C28 H38 O9"
"X8822_NEG_16_517.280638573147",8822,"NEG",16,517.280940292737,517.280638573147,517.2806918579,"C29 H42 O8"
"X8824_NEG_16_519.223519760717",8824,"NEG",16,519.223801224705,519.223519760717,519.223570903659,"C27 H36 O10"
"X8825_NEG_16_519.259920517523",8825,"NEG",16,519.260213583796,519.259920517523,519.259956413009,"C28 H40 O9"
"X8826_NEG_16_521.239204602463",8826,"NEG",16,521.239484517261,521.239204602463,521.239220968119,"C27 H38 O10"
"X8827_NEG_16_521.275580281201",8827,"NEG",16,521.275869061741,521.275580281201,521.275606477469,"C28 H42 O9"
"X8831_NEG_16_529.244256943571",8831,"NEG",16,529.244542983057,529.244256943571,529.244306348549,"C29 H38 O9"
"X8832_NEG_16_529.280662707408",8832,"NEG",16,529.280973803944,529.280662707408,529.2806918579,"C30 H42 O8"
"X8835_NEG_16_531.259903583241",8835,"NEG",16,531.260204732747,531.259903583241,531.259956413009,"C29 H40 O9"
"X8836_NEG_16_533.239175669166",8836,"NEG",16,533.239475178438,533.239175669166,533.23922096812,"C28 H38 O10"
"X8837_NEG_16_533.2755832619",8837,"NEG",16,533.275886323055,533.2755832619,533.275606477469,"C29 H42 O9"
"X8839_NEG_16_535.254846078762",8839,"NEG",16,535.255131875055,535.254846078762,535.254871032579,"C28 H40 O10"
"X8840_NEG_16_535.29120686089",8840,"NEG",16,535.291508523082,535.29120686089,535.291256541929,"C29 H44 O9"
"X8842_NEG_16_543.223528601398",8842,"NEG",16,543.223812703295,543.223528601398,543.223570903659,"C29 H36 O10"
"X8843_NEG_16_543.259940965616",8843,"NEG",16,543.260250345185,543.259940965616,543.259956413009,"C30 H40 O9"
"X8844_NEG_16_545.239175772867",8844,"NEG",16,545.239468430238,545.239175772867,545.239220968119,"C29 H38 O10"
"X8845_NEG_16_545.275583982169",8845,"NEG",16,545.275902404424,545.275583982169,545.275606477468,"C30 H42 O9"
"X8847_NEG_16_547.254870317883",8847,"NEG",16,547.255163364608,547.254870317883,547.254871032579,"C29 H40 O10"
"X8848_NEG_16_547.291244989292",8848,"NEG",16,547.291541350115,547.291244989292,547.291256541929,"C30 H44 O9"
"X8850_NEG_16_549.270509904331",8850,"NEG",16,549.270808518189,549.270509904331,549.270521097039,"C29 H42 O10"
"X8851_NEG_16_551.213383948596",8851,"NEG",16,551.213711389698,551.213383948596,551.213400142799,"C27 H36 O12"
"X8854_NEG_16_559.254843298399",8854,"NEG",16,559.255134076494,559.254843298399,559.254871032579,"C30 H40 O10"
"X8862_NEG_16_660.469107971416",8862,"NEG",16,660.469351569138,660.469107971416,660.469220907219,"C35 H67 O10 N1"
"X8863_NEG_16_675.46041026789",8863,"NEG",16,675.460686085849,675.46041026789,675.460511404368,"C47 H64 O1 S1"
"X8867_NEG_17_114.019710788846",8867,"NEG",17,114.019666350015,114.019710788846,114.019666571969,"C4 H5 O3 N1"
"X8871_NEG_17_118.029873532568",8871,"NEG",17,118.029830070924,118.029873532568,118.029837332829,"C7 H5 O1 N1"
"X8876_NEG_17_130.050981455943",8876,"NEG",17,130.05093747722,130.050981455943,130.050966700889,"C5 H9 O3 N1"
"X8877_NEG_17_136.040421485711",8877,"NEG",17,136.040384610068,136.040421485711,136.040402016859,"C7 H7 O2 N1"
"X8878_NEG_17_139.040086513104",8878,"NEG",17,139.040047558513,139.040086513104,139.040067664229,"C7 H8 O3"
"X8880_NEG_17_141.092129897816",8880,"NEG",17,141.092096584794,141.092129897816,141.092103238039,"C8 H14 O2"
"X8881_NEG_17_147.029916934576",8881,"NEG",17,147.029883937813,147.029916934576,147.029896903369,"C5 H8 O5"
"X8882_NEG_17_153.055734707803",8882,"NEG",17,153.055705619039,153.055734707803,153.055717728689,"C8 H10 O3"
"X8883_NEG_17_155.035004575764",8883,"NEG",17,155.034980320743,155.035004575764,155.034982283799,"C7 H8 O4"
"X8884_NEG_17_158.082234075273",8884,"NEG",17,158.082210385731,158.082234075273,158.082266829809,"C7 H13 O3 N1"
"X8886_NEG_17_172.0403760833",8886,"NEG",17,172.0403665778,172.0403760833,172.040402016859,"C10 H7 O2 N1"
"X8889_NEG_17_181.086993912087",8889,"NEG",17,181.086992171897,181.086993912087,181.087017857609,"C10 H14 O3"
"X8892_NEG_17_195.029865810864",8892,"NEG",17,195.029877446233,195.029865810864,195.029896903369,"C9 H8 O5"
"X8893_NEG_17_197.009209009802",8893,"NEG",17,197.009222794019,197.009209009802,197.009161458479,"C8 H6 O6"
"X8894_NEG_17_199.018269173695",8894,"NEG",17,199.018285280983,199.018269173695,199.018286847489,"C7 H8 O3 N2 S1"
"X8896_NEG_17_205.086993232623",8896,"NEG",17,205.087017972889,205.086993232623,205.087017857609,"C12 H14 O3"
"X8897_NEG_17_207.051006272372",8897,"NEG",17,207.051032197538,207.051006272372,207.051026271429,"C7 H12 O7"
"X8899_NEG_17_209.045525985154",8899,"NEG",17,209.045552785395,209.045525985154,209.045546967829,"C10 H10 O5"
"X8900_NEG_17_209.118299253562",8900,"NEG",17,209.118324374588,209.118299253562,209.118317986529,"C12 H18 O3"
"X8905_NEG_17_219.066258600283",8905,"NEG",17,219.066294979835,219.066258600283,219.066282412719,"C12 H12 O4"
"X8906_NEG_17_219.102641731421",8906,"NEG",17,219.102677028013,219.102641731421,219.102667922069,"C13 H16 O3"
"X8908_NEG_17_225.113211010935",8908,"NEG",17,225.113253634228,225.113211010935,225.113232606099,"C12 H18 O4"
"X8910_NEG_17_233.081913348273",8910,"NEG",17,233.081963090841,233.081913348273,233.081932477179,"C13 H14 O4"
"X8911_NEG_17_235.133960380638",8911,"NEG",17,235.134012311312,235.133960380638,235.133968050988,"C14 H20 O3"
"X8912_NEG_17_237.061583334137",8912,"NEG",17,237.061637470459,237.061583334137,237.061590955459,"C8 H14 O8"
"X8913_NEG_17_237.113204841192",8913,"NEG",17,237.113258884478,237.113204841192,237.113232606099,"C13 H18 O4"
"X8915_NEG_17_239.165249433051",8915,"NEG",17,239.165306709929,239.165249433051,239.165268179909,"C14 H24 O3"
"X8917_NEG_17_247.13392867095",8917,"NEG",17,247.133993043974,247.13392867095,247.133968050989,"C15 H20 O3"
"X8918_NEG_17_249.14958809664",8918,"NEG",17,249.149654153134,249.14958809664,249.14961811545,"C15 H22 O3"
"X8919_NEG_17_249.152944852469",8919,"NEG",17,249.153010815803,249.152944852469,249.15298941877,"C12 H26 O3 S1"
"X8920_NEG_17_251.165244113456",8920,"NEG",17,251.165311622834,251.165244113456,251.165268179909,"C15 H24 O3"
"X8922_NEG_17_255.014594557465",8922,"NEG",17,255.014668180266,255.014594557465,255.014640762079,"C10 H8 O8"
"X8923_NEG_17_255.232918837002",8923,"NEG",17,255.232992687965,255.232918837002,255.232953818179,"C16 H32 O2"
"X8924_NEG_17_257.093123965783",8924,"NEG",17,257.093200984972,257.093123965783,257.093165866469,"C14 H14 O3 N2"
"X8925_NEG_17_263.128831941509",8925,"NEG",17,263.128911476011,263.128831941509,263.128882670559,"C15 H20 O4"
"X8926_NEG_17_265.144478555765",8926,"NEG",17,265.144560512286,265.144478555765,265.144532735019,"C15 H22 O4"
"X8927_NEG_17_267.123753375104",8927,"NEG",17,267.123837348124,267.123753375104,267.123797290129,"C14 H20 O5"
"X8928_NEG_17_271.191438777234",8928,"NEG",17,271.191526829174,271.191438777234,271.191482928399,"C15 H28 O4"
"X8929_NEG_17_271.227816172321",8929,"NEG",17,271.227905325494,271.227816172321,271.227868437749,"C16 H32 O3"
"X8931_NEG_17_275.128846633848",8931,"NEG",17,275.128938189334,275.128846633848,275.128882670559,"C16 H20 O4"
"X8932_NEG_17_275.165212095372",8932,"NEG",17,275.165305001316,275.165212095372,275.165268179909,"C17 H24 O3"
"X8933_NEG_17_277.108096312103",8933,"NEG",17,277.108189448662,277.108096312103,277.108147225669,"C15 H18 O5"
"X8934_NEG_17_277.180871028286",8934,"NEG",17,277.180964528154,277.180871028286,277.180918244369,"C17 H26 O3"
"X8935_NEG_17_279.123747566203",8935,"NEG",17,279.123843337697,279.123747566203,279.123797290129,"C15 H20 O5"
"X8936_NEG_17_281.139403925453",8936,"NEG",17,281.139501620729,281.139403925453,281.139447354589,"C15 H22 O5"
"X8938_NEG_17_283.155053603327",8938,"NEG",17,283.155153199533,283.155053603327,283.155097419049,"C15 H24 O5"
"X8939_NEG_17_283.227837225738",8939,"NEG",17,283.227936511133,283.227837225738,283.227868437749,"C17 H32 O3"
"X8940_NEG_17_283.26420564244",8940,"NEG",17,283.26430722639,283.26420564244,283.264253947099,"C18 H36 O2"
"X8941_NEG_17_291.123770092734",8941,"NEG",17,291.123877558425,291.123770092734,291.123797290129,"C16 H20 O5"
"X8942_NEG_17_291.160155852203",8942,"NEG",17,291.160264627509,291.160155852203,291.160182799478,"C17 H24 O4"
"X8943_NEG_17_293.139427689458",8943,"NEG",17,293.139537625682,293.139427689458,293.139447354588,"C16 H22 O5"
"X8945_NEG_17_297.134362609743",8945,"NEG",17,297.134475209661,297.134362609743,297.134361974159,"C15 H22 O6"
"X8946_NEG_17_297.243485230038",8946,"NEG",17,297.243600044486,297.243485230038,297.243518502209,"C18 H34 O3"
"X8947_NEG_17_299.186383208871",8947,"NEG",17,299.186499307108,299.186383208871,299.186397547969,"C16 H28 O5"
"X8951_NEG_17_305.139433007565",8951,"NEG",17,305.139556181063,305.139433007565,305.139447354589,"C17 H22 O5"
"X8952_NEG_17_305.175812129725",8952,"NEG",17,305.175933444623,305.175812129725,305.175832863939,"C18 H26 O4"
"X8953_NEG_17_307.155091533904",8953,"NEG",17,307.155216304114,307.155091533904,307.155097419049,"C17 H24 O5"
"X8954_NEG_17_309.10135104527",8954,"NEG",17,309.101477162439,309.10135104527,309.10134776813,"C12 H22 O7 S1"
"X8955_NEG_17_309.152988402264",8955,"NEG",17,309.153113848328,309.152988402264,309.15298941877,"C17 H26 O3 S1"
"X8956_NEG_17_311.13223932336",8956,"NEG",17,311.132366934498,311.13223932336,311.132253973879,"C16 H24 O4 S1"
"X8957_NEG_17_311.22278182036",8957,"NEG",17,311.222909739785,311.22278182036,311.222783057318,"C18 H32 O4"
"X8958_NEG_17_313.111516672246",8958,"NEG",17,313.111645788197,313.111516672246,313.111518528989,"C15 H22 O5 S1"
"X8959_NEG_17_315.160185813611",8959,"NEG",17,315.160317202489,315.160185813611,315.160182799479,"C19 H24 O4"
"X8960_NEG_17_319.155110090977",8960,"NEG",17,319.155246522253,319.155110090977,319.155097419049,"C18 H24 O5"
"X8961_NEG_17_319.191518508618",8961,"NEG",17,319.191652124538,319.191518508618,319.191482928399,"C19 H28 O4"
"X8962_NEG_17_321.025201521266",8962,"NEG",17,321.025337267084,321.025201521266,321.025205446109,"C14 H10 O9"
"X8963_NEG_17_321.170780069004",8963,"NEG",17,321.1709192082,321.170780069004,321.170747483509,"C18 H26 O5"
"X8964_NEG_17_323.004511856233",8964,"NEG",17,323.004653070888,323.004511856233,323.004470001219,"C13 H8 O10"
"X8965_NEG_17_323.15003383376",8965,"NEG",17,323.150173529882,323.15003383376,323.150012038619,"C17 H24 O6"
"X8966_NEG_17_323.186419142776",8966,"NEG",17,323.186558040515,323.186419142776,323.186397547969,"C18 H28 O5"
"X8967_NEG_17_325.202091766893",8967,"NEG",17,325.202232982388,325.202091766893,325.20204761243,"C18 H30 O5"
"X8968_NEG_17_329.10310780649",8968,"NEG",17,329.103252358312,329.10310780649,329.103061845239,"C18 H18 O6"
"X8969_NEG_17_329.175886272617",8969,"NEG",17,329.176036027342,329.175886272617,329.175832863939,"C20 H26 O4"
"X8970_NEG_17_331.155145049626",8970,"NEG",17,331.15529410025,331.155145049626,331.155097419049,"C19 H24 O5"
"X8971_NEG_17_331.191537412084",8971,"NEG",17,331.191684873474,331.191537412084,331.191482928399,"C20 H28 O4"
"X8972_NEG_17_333.170816696807",8972,"NEG",17,333.170968336811,333.170816696807,333.170747483509,"C19 H26 O5"
"X8973_NEG_17_333.207189005346",8973,"NEG",17,333.207338687478,333.207189005346,333.207132992859,"C20 H30 O4"
"X8974_NEG_17_335.186449607691",8974,"NEG",17,335.186602582744,335.186449607691,335.186397547969,"C19 H28 O5"
"X8975_NEG_17_337.165738875382",8975,"NEG",17,337.165893578949,337.165738875382,337.165662103079,"C18 H26 O6"
"X8976_NEG_17_337.202107221078",8976,"NEG",17,337.202262765003,337.202107221078,337.20204761243,"C19 H30 O5"
"X8977_NEG_17_339.181319864464",8977,"NEG",17,339.181476347301,339.181319864464,339.181312167539,"C18 H28 O6"
"X8979_NEG_17_343.155100917",8979,"NEG",17,343.155261017087,343.155100917,343.155097419049,"C20 H24 O5"
"X8980_NEG_17_343.212594154615",8980,"NEG",17,343.212753236726,343.212594154615,343.212612296459,"C18 H32 O6"
"X8981_NEG_17_345.170754000453",8981,"NEG",17,345.170916729647,345.170754000453,345.170747483509,"C20 H26 O5"
"X8982_NEG_17_347.15002671361",8982,"NEG",17,347.150190804221,347.15002671361,347.150012038619,"C19 H24 O6"
"X8983_NEG_17_347.186387239242",8983,"NEG",17,347.186550998553,347.186387239242,347.186397547969,"C20 H28 O5"
"X8984_NEG_17_349.165666809399",8984,"NEG",17,349.165832528334,349.165666809399,349.165662103079,"C19 H26 O6"
"X8985_NEG_17_349.20204570117",8985,"NEG",17,349.202211246284,349.20204570117,349.20204761243,"C20 H30 O5"
"X8987_NEG_17_351.181320747069",8987,"NEG",17,351.181489721353,351.181320747069,351.18131216754,"C19 H28 O6"
"X8990_NEG_17_353.196959622828",8990,"NEG",17,353.197128751653,353.196959622828,353.196962231999,"C19 H30 O6"
"X8992_NEG_17_355.176246741914",8992,"NEG",17,355.176417932995,355.176246741914,355.176226787109,"C18 H28 O7"
"X8994_NEG_17_359.150039785379",8994,"NEG",17,359.150216480585,359.150039785379,359.150012038619,"C20 H24 O6"
"X8996_NEG_17_363.18135310954",8996,"NEG",17,363.181533484173,363.18135310954,363.181312167539,"C20 H28 O6"
"X8997_NEG_17_365.160577172636",8997,"NEG",17,365.160759231691,365.160577172636,365.160576722649,"C19 H26 O7"
"X8998_NEG_17_365.196984066362",8998,"NEG",17,365.197166370134,365.196984066362,365.196962231998,"C20 H30 O6"
"X8999_NEG_17_367.17625690257",8999,"NEG",17,367.176438918089,367.17625690257,367.176226787109,"C19 H28 O7"
"X9001_NEG_17_373.146399068305",9001,"NEG",17,373.146591263876,373.146399068305,373.146383209789,"C12 H26 O11 N2"
"X9002_NEG_17_375.144963068819",9002,"NEG",17,375.145151549428,375.144963068819,375.144926658189,"C20 H24 O7"
"X9003_NEG_17_375.181355985442",9003,"NEG",17,375.181548931336,375.181355985442,375.181312167539,"C21 H28 O6"
"X9005_NEG_17_377.197008377856",9005,"NEG",17,377.197202453259,377.197008377856,377.196962231999,"C21 H30 O6"
"X9006_NEG_17_379.17627398304",9006,"NEG",17,379.176471153539,379.17627398304,379.176226787109,"C20 H28 O7"
"X9007_NEG_17_379.212639346228",9007,"NEG",17,379.21283420198,379.212639346228,379.212612296458,"C21 H32 O6"
"X9008_NEG_17_381.191894508345",9008,"NEG",17,381.192092655535,381.191894508345,381.191876851569,"C20 H30 O7"
"X9009_NEG_17_383.982105130526",9009,"NEG",17,383.982304816343,383.982105130526,383.981960908679,"C17 H7 O8 N1 S1"
"X9012_NEG_17_387.181328219726",9012,"NEG",17,387.181525700703,387.181328219726,387.181312167539,"C22 H28 O6"
"X9014_NEG_17_391.176274961525",9014,"NEG",17,391.176482658442,391.176274961525,391.176226787109,"C21 H28 O7"
"X9015_NEG_17_391.212657033121",9015,"NEG",17,391.212864397952,391.212657033121,391.212612296459,"C22 H32 O6"
"X9016_NEG_17_393.191919800472",9016,"NEG",17,393.19212727807,393.191919800472,393.191876851569,"C21 H30 O7"
"X9018_NEG_17_395.207542698389",9018,"NEG",17,395.20775381351,395.207542698389,395.207526916029,"C21 H32 O7"
"X9022_NEG_17_403.212631124108",9022,"NEG",17,403.212850052085,403.212631124108,403.212612296459,"C23 H32 O6"
"X9023_NEG_17_407.207542365319",9023,"NEG",17,407.207763806269,407.207542365319,407.207526916029,"C22 H32 O7"
"X9025_NEG_17_410.239479406892",9025,"NEG",17,410.239706619026,410.239479406892,410.23955532075,"C18 H37 O9 N1"
"X9026_NEG_17_415.21259884467",9026,"NEG",17,415.212827649158,415.21259884467,415.212612296459,"C24 H32 O6"
"X9027_NEG_17_417.191913134918",9027,"NEG",17,417.192142565275,417.191913134918,417.191876851569,"C23 H30 O7"
"X9028_NEG_17_417.22829798899",9028,"NEG",17,417.228530636697,417.22829798899,417.22826236092,"C24 H34 O6"
"X9030_NEG_17_419.207550591092",9030,"NEG",17,419.207779219647,419.207550591092,419.207526916029,"C23 H32 O7"
"X9031_NEG_17_421.223190481008",9031,"NEG",17,421.22342527506,421.223190481008,421.223176980489,"C23 H34 O7"
"X9035_NEG_17_430.154044939725",9035,"NEG",17,430.154290945565,430.154044939725,430.15411161774,"C19 H29 O8 N1 S1"
"X9036_NEG_17_431.207528157111",9036,"NEG",17,431.207773800776,431.207528157111,431.207526916029,"C24 H32 O7"
"X9037_NEG_17_431.243915991574",9037,"NEG",17,431.244159911622,431.243915991574,431.243912425379,"C25 H36 O6"
"X9039_NEG_17_433.223172756293",9039,"NEG",17,433.223420097387,433.223172756293,433.223176980489,"C24 H34 O7"
"X9040_NEG_17_435.202449743603",9040,"NEG",17,435.202692611222,435.202449743603,435.202441535599,"C23 H32 O8"
"X9041_NEG_17_435.238836571247",9041,"NEG",17,435.239080544009,435.238836571247,435.238827044949,"C24 H36 O7"
"X9044_NEG_17_445.223150167863",9044,"NEG",17,445.223412002795,445.223150167863,445.223176980489,"C25 H34 O7"
"X9045_NEG_17_447.202437507899",9045,"NEG",17,447.202694787934,447.202437507899,447.202441535599,"C24 H32 O8"
"X9046_NEG_17_447.238820765972",9046,"NEG",17,447.239085666609,447.238820765972,447.238827044949,"C25 H36 O7"
"X9048_NEG_17_449.254472453831",9048,"NEG",17,449.254741047644,449.254472453831,449.254477109409,"C25 H38 O7"
"X9051_NEG_17_459.23881159367",9051,"NEG",17,459.239081613434,459.23881159367,459.238827044949,"C26 H36 O7"
"X9052_NEG_17_461.218107601533",9052,"NEG",17,461.218379378059,461.218107601533,461.218091600059,"C25 H34 O8"
"X9054_NEG_17_463.233734281507",9054,"NEG",17,463.234009307488,463.233734281507,463.23374166452,"C25 H36 O8"
"X9058_NEG_17_473.218102270416",9058,"NEG",17,473.218392557156,473.218102270416,473.218091600059,"C26 H34 O8"
"X9059_NEG_17_473.254463254364",9059,"NEG",17,473.254750093472,473.254463254364,473.25447710941,"C27 H38 O7"
"X9060_NEG_17_475.233708787632",9060,"NEG",17,475.233989490573,475.233708787632,475.233741664519,"C26 H36 O8"
"X9063_NEG_17_487.23371899074",9063,"NEG",17,487.234010725179,487.23371899074,487.233741664519,"C27 H36 O8"
"X9067_NEG_17_491.22866206912",9067,"NEG",17,491.228954185614,491.22866206912,491.228656284089,"C26 H36 O9"
"X9069_NEG_17_501.249369018199",9069,"NEG",17,501.249678431799,501.249369018199,501.249391728979,"C28 H38 O8"
"X9070_NEG_17_503.265008369912",9070,"NEG",17,503.265311939504,503.265008369912,503.265041793439,"C28 H40 O8"
"X9074_NEG_17_515.265047086296",9074,"NEG",17,515.265367441214,515.265047086296,515.265041793439,"C29 H40 O8"
"X9075_NEG_17_517.244265195953",9075,"NEG",17,517.244592149255,517.244265195953,517.244306348549,"C28 H38 O9"
"X9076_NEG_17_517.280628745126",9076,"NEG",17,517.280948867237,517.280628745126,517.2806918579,"C29 H42 O8"
"X9080_NEG_17_531.296321777452",9080,"NEG",17,531.296649364577,531.296321777452,531.29634192236,"C30 H44 O8"
"X9088_NEG_18_158.082246262221",9088,"NEG",18,158.08221393179,158.082246262221,158.082266829809,"C7 H13 O3 N1"
"X9089_NEG_18_159.102628116555",9089,"NEG",18,159.102595994378,159.102628116555,159.102667922069,"C8 H16 O3"
"X9090_NEG_18_160.040357181531",9090,"NEG",18,160.040326486814,160.040357181531,160.040402016859,"C9 H7 O2 N1"
"X9092_NEG_18_175.040050548693",9092,"NEG",18,175.040036283523,175.040050548693,175.040067664229,"C10 H8 O3"
"X9093_NEG_18_181.071749996578",9093,"NEG",18,181.071742344729,181.071749996578,181.071761716319,"C6 H14 O6"
"X9096_NEG_18_189.055708069527",9096,"NEG",18,189.055708399072,189.055708069527,189.055717728689,"C11 H10 O3"
"X9097_NEG_18_193.159766654446",9097,"NEG",18,193.159773955512,193.159766654446,193.159788876309,"C13 H22 O1"
"X9098_NEG_18_197.009185335234",9098,"NEG",18,197.00919361395,197.009185335234,197.009161458479,"C8 H6 O6"
"X9099_NEG_18_197.118308306858",9099,"NEG",18,197.11831605272,197.118308306858,197.118317986529,"C11 H18 O3"
"X9100_NEG_18_199.018269988423",9100,"NEG",18,199.018281651639,199.018269988423,199.018286847489,"C7 H8 O3 N2 S1"
"X9103_NEG_18_207.051010986655",9103,"NEG",18,207.051030277042,207.051010986655,207.051026271429,"C7 H12 O7"
"X9105_NEG_18_209.045529727025",9105,"NEG",18,209.045551591934,209.045529727025,209.045546967829,"C10 H10 O5"
"X9108_NEG_18_228.981187892806",9108,"NEG",18,228.981228618218,228.981187892806,228.981232632879,"C8 H6 O6 S1"
"X9110_NEG_18_235.133954575504",9110,"NEG",18,235.134001662928,235.133954575504,235.133968050988,"C14 H20 O3"
"X9112_NEG_18_242.082251365045",9112,"NEG",18,242.082305346833,242.082251365045,242.082266829809,"C14 H13 O3 N1"
"X9114_NEG_18_255.232923235819",9114,"NEG",18,255.23299291061,255.232923235819,255.232953818179,"C16 H32 O2"
"X9115_NEG_18_257.093122367499",9115,"NEG",18,257.093196000582,257.093122367499,257.093165866469,"C14 H14 O3 N2"
"X9117_NEG_18_263.128836977672",9117,"NEG",18,263.128913703932,263.128836977672,263.128882670559,"C15 H20 O4"
"X9118_NEG_18_265.144506902678",9118,"NEG",18,265.144585803493,265.144506902678,265.144532735019,"C15 H22 O4"
"X9119_NEG_18_269.08525887792",9119,"NEG",18,269.085340737482,269.08525887792,269.085303780499,"C13 H18 O4 S1"
"X9120_NEG_18_269.212164266144",9120,"NEG",18,269.212246993345,269.212164266144,269.21221837329,"C16 H30 O3"
"X9122_NEG_18_271.227824372468",9122,"NEG",18,271.227909859039,271.227824372468,271.227868437749,"C16 H32 O3"
"X9123_NEG_18_281.139424029774",9123,"NEG",18,281.139518583137,281.139424029774,281.139447354589,"C15 H22 O5"
"X9124_NEG_18_281.17579393636",9124,"NEG",18,281.175890150059,281.17579393636,281.17583286394,"C16 H26 O4"
"X9125_NEG_18_283.264216979371",9125,"NEG",18,283.264314612704,283.264216979371,283.264253947099,"C18 H36 O2"
"X9128_NEG_18_287.222758005768",9128,"NEG",18,287.222860489485,287.222758005768,287.222783057318,"C16 H32 O4"
"X9129_NEG_18_291.160155082195",9129,"NEG",18,291.160261571596,291.160155082195,291.160182799479,"C17 H24 O4"
"X9130_NEG_18_293.17912839636",9130,"NEG",18,293.17923625884,293.17912839636,293.179204167259,"C14 H30 O4 S1"
"X9132_NEG_18_297.243491762372",9132,"NEG",18,297.243604900111,297.243491762372,297.243518502209,"C18 H34 O3"
"X9133_NEG_18_307.155100156005",9133,"NEG",18,307.15522474897,307.155100156005,307.155097419049,"C17 H24 O5"
"X9135_NEG_18_317.175859953304",9135,"NEG",18,317.175994430662,317.175859953304,317.175832863939,"C19 H26 O4"
"X9136_NEG_18_321.170774527287",9136,"NEG",18,321.170914658017,321.170774527287,321.170747483509,"C18 H26 O5"
"X9137_NEG_18_325.147947719801",9137,"NEG",18,325.148092910501,325.147947719801,325.147904038339,"C17 H26 O4 S1"
"X9138_NEG_18_333.207183819602",9138,"NEG",18,333.207338255647,333.207183819602,333.207132992859,"C20 H30 O4"
"X9139_NEG_18_345.170746056525",9139,"NEG",18,345.170909935178,345.170746056525,345.170747483509,"C20 H26 O5"
"X9140_NEG_18_349.144528410015",9140,"NEG",18,349.144698472317,349.144528410015,349.144532735019,"C22 H22 O4"
"X9141_NEG_18_355.158429215124",9141,"NEG",18,355.158602316921,355.158429215124,355.158468722369,"C18 H28 O5 S1"
"X9142_NEG_18_357.228278828029",9142,"NEG",18,357.228458269885,357.228278828029,357.22826236092,"C19 H34 O6"
"X9143_NEG_18_359.186423797883",9143,"NEG",18,359.186605753603,359.186423797883,359.186397547969,"C21 H28 O5"
"X9144_NEG_18_360.275565455879",9144,"NEG",18,360.275756774651,360.275565455879,360.275546906929,"C19 H39 O5 N1"
"X9146_NEG_18_384.148691148568",9146,"NEG",18,384.148887122577,384.148691148568,384.148632314139,"C18 H27 O6 N1 S1"
"X9147_NEG_18_387.104452735635",9147,"NEG",18,387.104654873292,387.104452735635,387.104518396838,"C15 H20 O10 N2"
"X9151_NEG_18_417.228264482329",9151,"NEG",18,417.228522725721,417.228264482329,417.22826236092,"C24 H34 O6"
"X9152_NEG_18_432.187390360059",9152,"NEG",18,432.187643280765,432.187390360059,432.187519746939,"C19 H31 O10 N1"
"X9170_NEG_19_119.050280477458",9170,"NEG",19,119.050209494384,119.050280477458,119.050238425089,"C8 H8 O1"
"X9171_NEG_19_123.045196444095",9171,"NEG",19,123.045126807401,123.045196444095,123.045153044659,"C7 H8 O2"
"X9176_NEG_19_133.029534441004",9176,"NEG",19,133.029471871829,133.029534441004,133.029502980199,"C8 H6 O2"
"X9179_NEG_19_141.019369409835",9179,"NEG",19,141.019309758738,141.019369409835,141.019332219339,"C6 H6 O4"
"X9183_NEG_19_143.071410312611",9183,"NEG",19,143.071354257322,143.071410312611,143.071367793149,"C7 H12 O3"
"X9186_NEG_19_155.035022688987",9186,"NEG",19,155.034976736852,155.035022688987,155.034982283799,"C7 H8 O4"
"X9188_NEG_19_158.082247073936",9188,"NEG",19,158.082203639148,158.082247073936,158.082266829809,"C7 H13 O3 N1"
"X9189_NEG_19_159.102638975241",9189,"NEG",19,159.102593014498,159.102638975241,159.102667922069,"C8 H16 O3"
"X9190_NEG_19_163.06116989626",9190,"NEG",19,163.061129712516,163.06116989626,163.061197032289,"C6 H12 O5"
"X9191_NEG_19_164.035295573756",9191,"NEG",19,164.035255956951,164.035295573756,164.035316636429,"C8 H7 O3 N1"
"X9192_NEG_19_169.014231062487",9192,"NEG",19,169.014199475601,169.014231062487,169.014246838909,"C7 H6 O5"
"X9193_NEG_19_172.040380718759",9193,"NEG",19,172.040355343083,172.040380718759,172.040402016859,"C10 H7 O2 N1"
"X9194_NEG_19_175.040052102288",9194,"NEG",19,175.040027517772,175.040052102288,175.040067664229,"C10 H8 O3"
"X9195_NEG_19_177.055707311446",9195,"NEG",19,177.055683684908,177.055707311446,177.055717728689,"C10 H10 O3"
"X9198_NEG_19_183.066272996297",9198,"NEG",19,183.066257944062,183.066272996297,183.066282412719,"C9 H12 O4"
"X9200_NEG_19_189.019322380164",9200,"NEG",19,189.019311145589,189.019322380164,189.019332219339,"C10 H6 O4"
"X9201_NEG_19_189.055721741304",9201,"NEG",19,189.055714592818,189.055721741304,189.055717728689,"C11 H10 O3"
"X9203_NEG_19_199.01826867445",9203,"NEG",19,199.018276319229,199.01826867445,199.018286847489,"C7 H8 O3 N2 S1"
"X9210_NEG_19_209.081924925383",9210,"NEG",19,209.081940217367,209.081924925383,209.081932477179,"C11 H14 O4"
"X9212_NEG_19_213.113225495849",9212,"NEG",19,213.113245994675,213.113225495849,213.113232606099,"C11 H18 O4"
"X9213_NEG_19_215.001949822841",9213,"NEG",19,215.001971966957,215.001949822841,215.001968077769,"C8 H8 O5 S1"
"X9214_NEG_19_221.154677466068",9214,"NEG",19,221.15470856537,221.154677466068,221.154703495879,"C14 H22 O2"
"X9216_NEG_19_223.133949765337",9216,"NEG",19,223.133980420554,223.133949765337,223.133968050988,"C13 H20 O3"
"X9217_NEG_19_224.092820943412",9217,"NEG",19,224.092853843493,224.092820943412,224.092831513839,"C11 H15 O4 N1"
"X9218_NEG_19_225.149604114888",9218,"NEG",19,225.149637204064,225.149604114888,225.14961811545,"C13 H22 O3"
"X9219_NEG_19_227.165244024545",9219,"NEG",19,227.165281143018,227.165244024545,227.165268179909,"C13 H24 O3"
"X9220_NEG_19_237.149595913561",9220,"NEG",19,237.149643373548,237.149595913561,237.14961811545,"C14 H22 O3"
"X9221_NEG_19_249.149595165822",9221,"NEG",19,249.149658346518,249.149595165822,249.14961811545,"C15 H22 O3"
"X9222_NEG_19_252.087721750027",9222,"NEG",19,252.087789717482,252.087721750027,252.087746133409,"C12 H15 O5 N1"
"X9224_NEG_19_255.16013444446",9224,"NEG",19,255.160204074312,255.16013444446,255.160182799479,"C14 H24 O4"
"X9225_NEG_19_255.232918985287",9225,"NEG",19,255.232989706302,255.232918985287,255.232953818179,"C16 H32 O2"
"X9227_NEG_19_265.144507944352",9227,"NEG",19,265.144590264217,265.144507944352,265.144532735019,"C15 H22 O4"
"X9228_NEG_19_267.160123930828",9228,"NEG",19,267.160207758901,267.160123930828,267.160182799479,"C15 H24 O4"
"X9229_NEG_19_269.175791278145",9229,"NEG",19,269.175876748118,269.175791278145,269.17583286394,"C15 H26 O4"
"X9230_NEG_19_277.180872883803",9230,"NEG",19,277.180972110286,277.180872883803,277.180918244369,"C17 H26 O3"
"X9231_NEG_19_283.264204400264",9231,"NEG",19,283.264306080469,283.264204400264,283.264253947099,"C18 H36 O2"
"X9232_NEG_19_287.222746275987",9232,"NEG",19,287.222855564932,287.222746275987,287.222783057319,"C16 H32 O4"
"X9233_NEG_19_291.102626292252",9233,"NEG",19,291.102736201105,291.102626292252,291.102667922069,"C19 H16 O3"
"X9234_NEG_19_293.179118669401",9234,"NEG",19,293.179228355995,293.179118669401,293.179204167259,"C14 H30 O4 S1"
"X9235_NEG_19_297.207095811448",9235,"NEG",19,297.207218249583,297.207095811448,297.207132992859,"C17 H30 O4"
"X9236_NEG_19_297.243495089026",9236,"NEG",19,297.243612638375,297.243495089026,297.243518502209,"C18 H34 O3"
"X9237_NEG_19_309.152977696196",9237,"NEG",19,309.153112971115,309.152977696196,309.15298941877,"C17 H26 O3 S1"
"X9240_NEG_19_309.207149005747",9240,"NEG",19,309.207284372731,309.207149005747,309.207132992859,"C18 H30 O4"
"X9242_NEG_19_315.196560497925",9242,"NEG",19,315.196701090226,315.196560497925,315.196568308828,"C20 H28 O3"
"X9244_NEG_19_321.170781561687",9244,"NEG",19,321.170933923026,321.170781561687,321.170747483508,"C18 H26 O5"
"X9245_NEG_19_325.238447218668",9245,"NEG",19,325.238612483779,325.238447218668,325.23843312178,"C19 H34 O4"
"X9246_NEG_19_327.163558474475",9246,"NEG",19,327.163724105001,327.163558474475,327.1635541028,"C17 H28 O4 S1"
"X9248_NEG_19_341.179147219294",9248,"NEG",19,341.179323559034,341.179147219294,341.17920416726,"C18 H30 O4 S1"
"X9249_NEG_19_345.131892518129",9249,"NEG",19,345.132088275612,345.131892518129,345.131860050708,"C23 H22 O1 S1"
"X9250_NEG_19_355.158399664629",9250,"NEG",19,355.158567199123,355.158399664629,355.158468722369,"C18 H28 O5 S1"
"X9252_NEG_19_357.27585586627",9252,"NEG",19,357.276073776343,357.27585586627,357.275881259559,"C19 H38 O4 N2"
"X9253_NEG_19_359.165266351188",9253,"NEG",19,359.165475337152,359.165266351188,359.165268179909,"C24 H24 O3"
"X9255_NEG_19_387.10442782296",9255,"NEG",19,387.104667208611,387.10442782296,387.104518396838,"C15 H20 O10 N2"
"X9256_NEG_19_404.150303423273",9256,"NEG",19,404.150597727117,404.150303423273,404.15034639125,"C24 H23 O5 N1"
"X9260_NEG_19_501.115050974523",9260,"NEG",19,501.115537356472,501.115050974523,501.115083080869,"C23 H22 O11 N2"
"X9265_NEG_20_151.040106149455",9265,"NEG",20,151.040052128601,151.040106149455,151.040067664229,"C8 H8 O3"
"X9269_NEG_20_159.102641322067",9269,"NEG",20,159.102592340655,159.102641322067,159.102667922069,"C8 H16 O3"
"X9270_NEG_20_161.060781941808",9270,"NEG",20,161.060736737043,161.060781941808,161.060803109119,"C10 H10 O2"
"X9272_NEG_20_164.035287531953",9272,"NEG",20,164.035246117029,164.035287531953,164.035316636429,"C8 H7 O3 N1"
"X9275_NEG_20_169.05061453586",9275,"NEG",20,169.050580439101,169.05061453586,169.050632348259,"C8 H10 O4"
"X9277_NEG_20_177.055697972125",9277,"NEG",20,177.055673349074,177.055697972125,177.055717728689,"C10 H10 O3"
"X9278_NEG_20_178.087334674103",9278,"NEG",20,178.087311401525,178.087334674103,178.087352210239,"C10 H13 O2 N1"
"X9279_NEG_20_181.050620953209",9279,"NEG",20,181.050602733921,181.050620953209,181.050632348259,"C9 H10 O4"
"X9281_NEG_20_183.102665561374",9281,"NEG",20,183.102651402703,183.102665561374,183.102667922069,"C10 H16 O3"
"X9283_NEG_20_185.118306417709",9283,"NEG",20,185.118294704247,185.118306417709,185.118317986529,"C10 H18 O3"
"X9284_NEG_20_189.019328007185",9284,"NEG",20,189.019316973471,189.019328007185,189.019332219339,"C10 H6 O4"
"X9289_NEG_20_201.149610132694",9289,"NEG",20,201.149618955236,201.149610132694,201.149618115449,"C11 H22 O3"
"X9291_NEG_20_209.081923130445",9291,"NEG",20,209.081944930516,209.081923130445,209.081932477179,"C11 H14 O4"
"X9293_NEG_20_213.004065980827",9293,"NEG",20,213.004087936115,213.004065980827,213.004076078049,"C8 H6 O7"
"X9294_NEG_20_227.128856954244",9294,"NEG",20,227.128897401678,227.128856954244,227.128882670559,"C12 H20 O4"
"X9295_NEG_20_229.180894550089",9295,"NEG",20,229.180937755096,229.180894550089,229.180918244369,"C13 H26 O3"
"X9296_NEG_20_234.14992889695",9296,"NEG",20,234.149981243371,234.14992889695,234.149952468079,"C14 H21 O2 N1"
"X9297_NEG_20_235.170327682868",9297,"NEG",20,235.170380352595,235.170327682868,235.170353560339,"C15 H24 O2"
"X9300_NEG_20_241.18090620319",9300,"NEG",20,241.180966024059,241.18090620319,241.180918244369,"C14 H26 O3"
"X9302_NEG_20_252.124095110315",9302,"NEG",20,252.124168537274,252.124095110315,252.124131642759,"C13 H19 O4 N1"
"X9303_NEG_20_255.232917424899",9303,"NEG",20,255.232995032452,255.232917424899,255.232953818179,"C16 H32 O2"
"X9309_NEG_20_283.100897349442",9309,"NEG",20,283.101012452894,283.100897349442,283.100953844959,"C14 H20 O4 S1"
"X9310_NEG_20_283.191431943626",9310,"NEG",20,283.191544870807,283.191431943626,283.191482928399,"C16 H28 O4"
"X9311_NEG_20_283.264200452319",9311,"NEG",20,283.264306594557,283.264200452319,283.264253947099,"C18 H36 O2"
"X9313_NEG_20_295.129914584028",9313,"NEG",20,295.130033013564,295.129914584028,295.129945298989,"C14 H20 O5 N2"
"X9315_NEG_20_299.259153211278",9315,"NEG",20,299.259283396213,299.259153211278,299.259168566669,"C18 H36 O3"
"X9316_NEG_20_301.144508652577",9316,"NEG",20,301.144642565147,301.144508652577,301.144532735019,"C18 H22 O4"
"X9317_NEG_20_309.152979968484",9317,"NEG",20,309.153124577796,309.152979968484,309.15298941877,"C17 H26 O3 S1"
"X9318_NEG_20_311.124841879477",9318,"NEG",20,311.124977504306,311.124841879477,311.124859918559,"C14 H20 O6 N2"
"X9319_NEG_20_311.259151884321",9319,"NEG",20,311.259294129156,311.259151884321,311.259168566669,"C19 H36 O3"
"X9323_NEG_20_327.254090396664",9323,"NEG",20,327.254264712739,327.254090396664,327.254083186239,"C19 H36 O4"
"X9324_NEG_20_339.163481290363",9324,"NEG",20,339.163655297978,339.163481290363,339.1635541028,"C18 H28 O4 S1"
"X9325_NEG_20_341.179135552669",9325,"NEG",20,341.179325809244,341.179135552669,341.17920416726,"C18 H30 O4 S1"
"X9326_NEG_20_341.212158949233",9326,"NEG",20,341.212348513779,341.212158949233,341.212218373289,"C22 H30 O3"
"X9330_NEG_20_355.194852113862",9330,"NEG",20,355.195039611438,355.194852113862,355.194854231719,"C19 H32 O4 S1"
"X9336_NEG_20_387.104420249828",9336,"NEG",20,387.104665625581,387.104420249828,387.104518396838,"C15 H20 O10 N2"
"X9356_NEG_21_160.040381495304",9356,"NEG",21,160.040330353786,160.040381495304,160.040402016859,"C9 H7 O2 N1"
"X9357_NEG_21_161.045526617558",9357,"NEG",21,161.045476654675,161.045526617558,161.045546967829,"C6 H10 O5"
"X9361_NEG_21_187.133961503329",9361,"NEG",21,187.133949008614,187.133961503329,187.133968050989,"C10 H20 O3"
"X9362_NEG_21_189.030558285667",9362,"NEG",21,189.030550393644,189.030558285667,189.030565608629,"C9 H6 O3 N2"
"X9363_NEG_21_191.034975041255",9363,"NEG",21,191.034966311171,191.034975041255,191.034982283799,"C10 H8 O4"
"X9364_NEG_21_195.066286428165",9364,"NEG",21,195.066284886343,195.066286428165,195.066282412719,"C10 H12 O4"
"X9366_NEG_21_207.102651664333",9366,"NEG",21,207.102663921014,207.102651664333,207.102667922069,"C12 H16 O3"
"X9367_NEG_21_221.154688625866",9367,"NEG",21,221.154719620938,221.154688625866,221.154703495879,"C14 H22 O2"
"X9370_NEG_21_233.103045192464",9370,"NEG",21,233.103092084062,233.103045192464,233.103061845239,"C10 H18 O6"
"X9372_NEG_21_255.232925531676",9372,"NEG",21,255.233002902022,255.232925531676,255.232953818179,"C16 H32 O2"
"X9373_NEG_21_265.1478531329",9373,"NEG",21,265.147940783441,265.1478531329,265.147904038339,"C12 H26 O4 S1"
"X9374_NEG_21_269.045488855189",9374,"NEG",21,269.045581658042,269.045488855189,269.045546967829,"C15 H10 O5"
"X9375_NEG_21_283.26420492168",9375,"NEG",21,283.264312675593,283.26420492168,283.264253947099,"C18 H36 O2"
"X9376_NEG_21_285.207097515231",9376,"NEG",21,285.207212748791,285.207097515231,285.207132992859,"C16 H30 O4"
"X9377_NEG_21_305.175815637937",9377,"NEG",21,305.175951811035,305.175815637937,305.17583286394,"C18 H26 O4"
"X9380_NEG_21_323.168646475911",9380,"NEG",21,323.16881443154,323.168646475911,323.168639483229,"C18 H28 O3 S1"
"X9383_NEG_21_341.179146242785",9383,"NEG",21,341.179330887421,341.179146242785,341.17920416726,"C18 H30 O4 S1"
"X9406_NEG_2_189.019355725071",9406,"NEG",2,189.019317565886,189.019355725071,189.019332219339,"C10 H6 O4"
"X9408_NEG_2_228.981246517596",9408,"NEG",2,228.981222484749,228.981246517596,228.981232632879,"C8 H6 O6 S1"
"X9410_NEG_2_477.139618700817",9410,"NEG",2,477.139303737434,477.139618700817,477.13958375225,"C15 H30 O13 N2 S1"
"X9411_NEG_2_483.138955691078",9411,"NEG",2,483.138635364449,483.138955691078,483.138915046989,"C15 H32 O15 S1"
"X9421_NEG_3_237.061608269628",9421,"NEG",3,237.061629705062,237.061608269628,237.061590955459,"C8 H14 O8"
"X9430_NEG_4_172.040382745518",9430,"NEG",4,172.040355502538,172.040382745518,172.040402016859,"C10 H7 O2 N1"
"X9431_NEG_4_182.045888248192",9431,"NEG",4,182.045862531744,182.045888248192,182.045881320459,"C8 H9 O4 N1"
"X9439_NEG_5_146.024772044756",9439,"NEG",5,146.024743324245,146.024772044756,146.024751952399,"C8 H5 O2 N1"
"X9453_NEG_6_139.00369144412",9453,"NEG",6,139.003669902998,139.00369144412,139.003682154879,"C6 H4 O4"
"X9473_NEG_7_193.050628442814",9473,"NEG",7,193.050606322524,193.050628442814,193.050632348259,"C10 H10 O4"
"X9504_NEG_9_215.056090196016",9504,"NEG",9,215.056129806988,215.056090196016,215.056111651859,"C9 H12 O6"
"X9506_NEG_9_259.082309457444",9506,"NEG",9,259.082387229927,259.082309457444,259.082326400349,"C11 H16 O7"
"X9507_NEG_9_279.050983011807",9507,"NEG",9,279.051076824742,279.050983011807,279.051026271429,"C13 H12 O7"
"X9513_NEG_9_425.036190287674",9513,"NEG",9,425.036477677366,425.036190287674,425.036164053309,"C17 H14 O13"
"X9517_NEG_9_478.138827541682",9517,"NEG",9,478.13915744867,478.138827541682,478.138855476449,"C19 H29 O11 N1 S1"
"X9518_NEG_9_481.138458164804",9518,"NEG",9,481.138712337919,481.138458164804,481.138521123819,"C19 H30 O12 S1"
"X9519_NEG_9_561.107124442759",9519,"NEG",9,561.10765650646,561.107124442759,561.107220994899,"C26 H26 O12 S1"
"X9522_NEG_10_125.060840039964",9522,"NEG",10,125.060787187595,125.060840039964,125.060803109119,"C7 H10 O2"
"X9524_NEG_10_160.040368845512",9524,"NEG",10,160.040343387264,160.040368845512,160.040402016859,"C9 H7 O2 N1"
"X9527_NEG_10_188.035312464859",9527,"NEG",10,188.035311553394,188.035312464859,188.035316636429,"C10 H7 O3 N1"
"X9528_NEG_10_191.071383455797",9528,"NEG",10,191.071385918435,191.071383455797,191.071367793149,"C11 H12 O3"
"X9530_NEG_10_239.001948133877",9530,"NEG",10,239.002000599541,239.001948133877,239.001968077769,"C10 H8 O5 S1"
"X9532_NEG_10_247.024792531011",9532,"NEG",10,247.024853327574,247.024792531011,247.024811522939,"C12 H8 O6"
"X9535_NEG_10_275.019707728909",9535,"NEG",10,275.019800977917,275.019707728909,275.019726142509,"C13 H8 O7"
"X9548_NEG_10_413.036253927982",9548,"NEG",10,413.036504256682,413.036253927982,413.036164053309,"C16 H14 O13"
"X9550_NEG_10_433.077621427052",9550,"NEG",10,433.077894555772,433.077621427052,433.077634943089,"C20 H18 O11"
"X9551_NEG_10_445.041246543395",9551,"NEG",10,445.041537417089,445.041246543395,445.041249433739,"C20 H14 O12"
"X9553_NEG_10_459.078035545607",9553,"NEG",10,459.078346814258,459.078035545607,459.07802886626,"C18 H20 O14"
"X9558_NEG_10_507.041578322448",9558,"NEG",10,507.041949841693,507.041578322448,507.041643356909,"C21 H16 O15"
"X9573_NEG_11_149.060820299943",9573,"NEG",11,149.06077991714,149.060820299943,149.060803109119,"C9 H10 O2"
"X9575_NEG_11_176.035299550746",9575,"NEG",11,176.035289166889,176.035299550746,176.035316636429,"C9 H7 O3 N1"
"X9576_NEG_11_187.133984562246",9576,"NEG",11,187.133984288185,187.133984562246,187.133968050989,"C10 H20 O3"
"X9578_NEG_11_213.00412885175",9578,"NEG",11,213.004158996182,213.00412885175,213.004076078049,"C8 H6 O7"
"X9581_NEG_11_237.004057645995",9581,"NEG",11,237.004114081756,237.004057645995,237.004076078049,"C10 H6 O7"
"X9585_NEG_11_317.103087954765",9585,"NEG",11,317.103233774729,317.103087954765,317.103061845239,"C17 H18 O6"
"X9586_NEG_11_325.020137681309",9586,"NEG",11,325.020294022311,325.020137681309,325.020120065679,"C13 H10 O10"
"X9588_NEG_11_347.150003205478",9588,"NEG",11,347.150184607694,347.150003205478,347.150012038619,"C19 H24 O6"
"X9595_NEG_11_401.181714869408",9595,"NEG",11,401.181955642683,401.181714869408,401.181706090709,"C19 H30 O9"
"X9598_NEG_11_459.020505294323",9598,"NEG",11,459.020775376309,459.020505294323,459.020513988849,"C20 H12 O13"
"X9599_NEG_11_459.056866615867",9599,"NEG",11,459.057144648407,459.056866615867,459.056899498199,"C21 H16 O12"
"X9600_NEG_11_459.093209792921",9600,"NEG",11,459.093477670029,459.093209792921,459.093285007549,"C22 H20 O11"
"X9604_NEG_11_499.051751923858",9604,"NEG",11,499.052040800795,499.051751923858,499.051814117769,"C23 H16 O13"
"X9609_NEG_11_513.124957579534",9609,"NEG",11,513.125278393182,513.124957579534,513.124979059639,"C22 H26 O14"
"X9620_NEG_11_529.062345310095",9620,"NEG",11,529.062660271491,529.062345310095,529.062378801799,"C24 H18 O14"
"X9622_NEG_11_535.109308406624",9622,"NEG",11,535.109628956017,535.109308406624,535.109328995179,"C24 H24 O14"
"X9625_NEG_11_545.057245360776",9625,"NEG",11,545.057570846972,545.057245360776,545.057293421369,"C24 H18 O15"
"X9629_NEG_11_549.052187210497",9629,"NEG",11,549.052510350723,549.052187210497,549.052208040939,"C23 H18 O16"
"X9645_NEG_12_133.029521851917",9645,"NEG",12,133.029478287594,133.029521851917,133.029502980199,"C8 H6 O2"
"X9646_NEG_12_137.060820168942",9646,"NEG",12,137.060778455872,137.060820168942,137.060803109119,"C8 H10 O2"
"X9647_NEG_12_139.076473028744",9647,"NEG",12,139.076434270429,139.076473028744,139.076453173579,"C8 H12 O2"
"X9650_NEG_12_175.076423656143",9650,"NEG",12,175.076412459939,175.076423656143,175.076453173579,"C11 H12 O2"
"X9654_NEG_12_217.014226065711",9654,"NEG",12,217.014261996613,217.014226065711,217.014246838909,"C11 H6 O5"
"X9655_NEG_12_217.071743166892",9655,"NEG",12,217.071780416212,217.071743166892,217.071761716319,"C9 H14 O6"
"X9656_NEG_12_223.064552966606",9656,"NEG",12,223.064592131294,223.064552966606,223.064568335609,"C8 H16 O5 S1"
"X9659_NEG_12_247.064526294334",9659,"NEG",12,247.064590117879,247.064526294334,247.064568335609,"C10 H16 O5 S1"
"X9660_NEG_12_253.144509814745",9660,"NEG",12,253.144585024404,253.144509814745,253.144532735019,"C14 H22 O4"
"X9662_NEG_12_259.082289188404",9662,"NEG",12,259.08236531321,259.082289188404,259.082326400349,"C11 H16 O7"
"X9665_NEG_12_294.098296310875",9665,"NEG",12,294.098409216402,294.098296310875,294.098310817439,"C14 H17 O6 N1"
"X9668_NEG_12_309.170769306466",9668,"NEG",12,309.170897824129,309.170769306466,309.170747483509,"C17 H26 O5"
"X9670_NEG_12_317.160598016946",9670,"NEG",12,317.160736864039,317.160598016946,317.16057672265,"C15 H26 O7"
"X9673_NEG_12_343.176199137292",9673,"NEG",12,343.176364803964,343.176199137292,343.176226787109,"C17 H28 O7"
"X9675_NEG_12_355.009581532152",9675,"NEG",12,355.009763803852,355.009581532152,355.009555381649,"C17 H8 O9"
"X9677_NEG_12_371.004506163789",9677,"NEG",12,371.004705437187,371.004506163789,371.004470001219,"C17 H8 O10"
"X9679_NEG_12_373.18680654872",9679,"NEG",12,373.187005987435,373.18680654872,373.186791471139,"C18 H30 O8"
"X9683_NEG_12_389.181736547667",9683,"NEG",12,389.181954620491,389.181736547667,389.181706090709,"C18 H30 O9"
"X9687_NEG_12_403.124604616908",9687,"NEG",12,403.124828228952,403.124604616908,403.124585136469,"C17 H24 O11"
"X9688_NEG_12_411.035733911514",9688,"NEG",12,411.035964858939,411.035733911514,411.035770130139,"C20 H12 O10"
"X9690_NEG_12_431.192261848717",9690,"NEG",12,431.192530586898,431.192261848717,431.19227077474,"C20 H32 O10"
"X9692_NEG_12_455.061925674902",9692,"NEG",12,455.062187479977,455.061925674902,455.061984878629,"C22 H16 O11"
"X9696_NEG_12_477.031126087424",9696,"NEG",12,477.031403733654,477.031126087424,477.031078672879,"C20 H14 O14"
"X9697_NEG_12_479.046746577384",9697,"NEG",12,479.047024564186,479.046746577384,479.046728737339,"C20 H16 O14"
"X9698_NEG_12_483.138410625968",9698,"NEG",12,483.138728386419,483.138410625968,483.138401982738,"C28 H24 O4 N2 S1"
"X9700_NEG_12_489.140112163542",9700,"NEG",12,489.140416807691,489.140112163542,489.140235200928,"C24 H26 O11"
"X9704_NEG_12_509.130009923099",9704,"NEG",12,509.13033159651,509.130009923099,509.130064440069,"C23 H26 O13"
"X9716_NEG_12_535.145647770529",9716,"NEG",12,535.145962973295,535.145647770529,535.145714504529,"C25 H28 O13"
"X9722_NEG_12_545.057285865777",9722,"NEG",12,545.057591549983,545.057285865777,545.057293421369,"C24 H18 O15"
"X9730_NEG_12_563.067836634012",9730,"NEG",12,563.068151518752,563.067836634012,563.067858105399,"C24 H20 O16"
"X9759_NEG_13_133.065918367192",9759,"NEG",13,133.06585886828,133.065918367192,133.065888489549,"C9 H10 O1"
"X9760_NEG_13_136.040433140881",9760,"NEG",13,136.040385534278,136.040433140881,136.040402016859,"C7 H7 O2 N1"
"X9762_NEG_13_147.029932446493",9762,"NEG",13,147.029886877065,147.029932446493,147.029896903369,"C5 H8 O5"
"X9763_NEG_13_147.045184372127",9763,"NEG",13,147.045136798795,147.045184372127,147.045153044659,"C9 H8 O2"
"X9764_NEG_13_151.076482307946",9764,"NEG",13,151.076437422591,151.076482307946,151.076453173579,"C9 H12 O2"
"X9766_NEG_13_167.107733059758",9766,"NEG",13,167.107704587056,167.107733059758,167.107753302499,"C10 H16 O2"
"X9771_NEG_13_197.118307238604",9771,"NEG",13,197.118318026867,197.118307238604,197.118317986529,"C11 H18 O3"
"X9773_NEG_13_229.05060697907",9773,"NEG",13,229.05065404205,229.05060697907,229.050632348259,"C13 H10 O4"
"X9776_NEG_13_267.050980552121",9776,"NEG",13,267.051074301515,267.050980552121,267.051026271429,"C12 H12 O7"
"X9777_NEG_13_267.160120933186",9777,"NEG",13,267.160213471914,267.160120933186,267.160182799479,"C15 H24 O4"
"X9778_NEG_13_269.045504234588",9778,"NEG",13,269.045601040464,269.045504234588,269.045546967829,"C15 H10 O5"
"X9780_NEG_13_327.181348707623",9780,"NEG",13,327.181504169601,327.181348707623,327.181312167539,"C17 H28 O6"
"X9786_NEG_13_377.196997084136",9786,"NEG",13,377.197200757749,377.196997084136,377.196962231999,"C21 H30 O6"
"X9787_NEG_13_397.020128084899",9787,"NEG",13,397.02034709897,397.020128084899,397.020120065679,"C19 H10 O10"
"X9790_NEG_13_409.056501473761",9790,"NEG",13,409.05672763096,409.056501473761,409.056505575029,"C21 H14 O9"
"X9794_NEG_13_439.088205984876",9794,"NEG",13,439.088452510348,439.088205984876,439.088199627119,"C19 H20 O12"
"X9795_NEG_13_441.103850621696",9795,"NEG",13,441.104098718613,441.103850621696,441.103849691579,"C19 H22 O12"
"X9796_NEG_13_453.067445913281",9796,"NEG",13,453.067698932524,453.067445913281,453.067464182229,"C19 H18 O13"
"X9802_NEG_13_493.062408360477",9802,"NEG",13,493.062684506645,493.062408360477,493.062378801799,"C21 H18 O14"
"X9807_NEG_13_501.17656867884",9807,"NEG",13,501.176847878584,501.17656867884,501.176620710279,"C26 H30 O10"
"X9810_NEG_13_509.13001846683",9810,"NEG",13,509.130301414551,509.13001846683,509.130064440069,"C23 H26 O13"
"X9813_NEG_13_515.119470513449",9813,"NEG",13,515.119753728632,515.119470513449,515.119499756039,"C25 H24 O12"
"X9815_NEG_13_519.187123289853",9815,"NEG",13,519.187424060685,519.187123289853,519.187185394309,"C26 H32 O11"
"X9818_NEG_13_525.161326966053",9818,"NEG",13,525.161619595106,525.161326966053,525.161364568989,"C24 H30 O13"
"X9826_NEG_13_533.202804161664",9826,"NEG",13,533.203102214756,533.202804161664,533.202835458768,"C27 H34 O11"
"X9841_NEG_13_551.140565699073",9841,"NEG",13,551.140858850998,551.140565699073,551.140629124099,"C25 H28 O14"
"X9855_NEG_13_565.192619729408",9855,"NEG",13,565.192912581038,565.192619729408,565.192664697909,"C27 H34 O13"
"X9860_NEG_13_573.124963513212",9860,"NEG",13,573.125258862024,573.124963513212,573.124979059639,"C27 H26 O14"
"X9883_NEG_14_136.040435097473",9883,"NEG",14,136.040384570046,136.040435097473,136.040402016859,"C7 H7 O2 N1"
"X9884_NEG_14_139.076484635975",9884,"NEG",14,139.076425681182,139.076484635975,139.076453173579,"C8 H12 O2"
"X9885_NEG_14_152.035354105016",9885,"NEG",14,152.035313462421,152.035354105016,152.035316636429,"C7 H7 O3 N1"
"X9886_NEG_14_155.107789127614",9886,"NEG",14,155.107754441445,155.107789127614,155.107753302499,"C9 H16 O2"
"X9888_NEG_14_185.045540955825",9888,"NEG",14,185.045540902675,185.045540955825,185.045546967829,"C8 H10 O5"
"X9889_NEG_14_194.993549420762",9889,"NEG",14,194.993557283594,194.993549420762,194.993511394019,"C8 H4 O6"
"X9891_NEG_14_205.123380870645",9891,"NEG",14,205.123405507484,205.123380870645,205.123403366959,"C13 H18 O2"
"X9893_NEG_14_211.024795482423",9893,"NEG",14,211.024826194262,211.024795482423,211.024811522939,"C9 H8 O6"
"X9895_NEG_14_227.038325199891",9895,"NEG",14,227.038376237313,227.038325199891,227.038353587119,"C10 H12 O4 S1"
"X9896_NEG_14_231.069607442235",9896,"NEG",14,231.069664467621,231.069607442235,231.069653716039,"C10 H16 O4 S1"
"X9897_NEG_14_233.00913026408",9897,"NEG",14,233.00919040813,233.00913026408,233.009161458479,"C11 H6 O6"
"X9898_NEG_14_239.019705056727",9898,"NEG",14,239.019771889442,239.019705056727,239.019726142509,"C10 H8 O7"
"X9899_NEG_14_253.071722439335",9899,"NEG",14,253.071801328656,253.071722439335,253.071761716319,"C12 H14 O6"
"X9901_NEG_14_265.035334432267",9901,"NEG",14,265.035430016742,265.035334432267,265.035376206969,"C12 H10 O7"
"X9903_NEG_14_283.061172032716",9903,"NEG",14,283.061287947662,283.061172032716,283.061197032289,"C16 H12 O5"
"X9905_NEG_14_293.030255094289",9905,"NEG",14,293.030384244173,293.030255094289,293.030290826539,"C13 H10 O8"
"X9906_NEG_14_293.175816325263",9906,"NEG",14,293.175937955382,293.175816325263,293.175832863939,"C17 H26 O4"
"X9908_NEG_14_311.019716872428",9908,"NEG",14,311.019864488042,311.019716872428,311.019726142509,"C16 H8 O7"
"X9913_NEG_14_361.020110166178",9913,"NEG",14,361.020304151049,361.020110166178,361.020120065679,"C16 H10 O10"
"X9914_NEG_14_369.061597459624",9914,"NEG",14,369.061797437466,369.061597459624,369.061590955459,"C19 H14 O8"
"X9918_NEG_14_397.223186195485",9918,"NEG",14,397.223408608169,397.223186195485,397.223176980489,"C21 H34 O7"
"X9920_NEG_14_415.212613464961",9920,"NEG",14,415.21284558621,415.212613464961,415.212612296459,"C24 H32 O6"
"X9922_NEG_14_421.041247480089",9922,"NEG",14,421.041481866535,421.041247480089,421.041249433739,"C18 H14 O12"
"X9925_NEG_14_453.155525724686",9925,"NEG",14,453.155787060157,453.155525724686,453.155491342219,"C25 H26 O8"
"X9929_NEG_14_469.041219474534",9929,"NEG",14,469.041481325842,469.041219474534,469.041249433739,"C22 H14 O12"
"X9930_NEG_14_471.020517441097",9930,"NEG",14,471.020776318623,471.020517441097,471.020513988849,"C21 H12 O13"
"X9931_NEG_14_471.129645969445",9931,"NEG",14,471.129905959133,471.129645969445,471.129670516899,"C24 H24 O10"
"X9932_NEG_14_471.223572144908",9932,"NEG",14,471.223849512209,471.223572144908,471.223570903659,"C23 H36 O10"
"X9936_NEG_14_497.108939899009",9936,"NEG",14,497.109210678166,497.108939899009,497.108935072009,"C25 H22 O11"
"X9937_NEG_14_497.145308586375",9937,"NEG",14,497.145582781311,497.145308586375,497.145320581359,"C26 H26 O10"
"X9939_NEG_14_501.103839821016",9939,"NEG",14,501.104103811776,501.103839821016,501.103849691579,"C24 H22 O12"
"X9943_NEG_14_513.103817718362",9943,"NEG",14,513.104086583647,513.103817718362,513.103849691579,"C25 H22 O12"
"X9944_NEG_14_513.140186679846",9944,"NEG",14,513.140462862297,513.140186679846,513.140235200928,"C26 H26 O11"
"X9946_NEG_14_515.155843102491",9946,"NEG",14,515.156115324332,515.155843102491,515.155885265389,"C26 H28 O11"
"X9950_NEG_14_521.166399478733",9950,"NEG",14,521.166686002698,521.166399478733,521.166449949419,"C25 H30 O12"
"X9951_NEG_14_525.197750666532",9951,"NEG",14,525.198026064193,525.197750666532,525.197750078339,"C25 H34 O12"
"X9952_NEG_14_531.150764647877",9952,"NEG",14,531.15105402578,531.150764647877,531.150799884959,"C26 H28 O12"
"X9984_NEG_14_675.460379529614",9984,"NEG",14,675.460690107565,675.460379529614,675.460511404369,"C47 H64 O1 S1"
"X9987_NEG_15_125.097216365626",9987,"NEG",15,125.097152418306,125.097216365626,125.097188618469,"C8 H14 O1"
"X9989_NEG_15_127.014947892327",9989,"NEG",15,127.01488403094,127.014947892327,127.014915544169,"C4 H4 O3 N2"
"X9991_NEG_15_129.019363479746",9991,"NEG",15,129.019306107705,129.019363479746,129.019332219339,"C5 H6 O4"
"X9992_NEG_15_130.050994476818",9992,"NEG",15,130.050939215207,130.050994476818,130.050966700889,"C5 H9 O3 N1"
"X10003_NEG_15_231.10263037685",10003,"NEG",15,231.102688219108,231.10263037685,231.102667922069,"C14 H16 O3"
"X10005_NEG_15_233.118292507734",10005,"NEG",15,233.11835213232,233.118292507734,233.118317986529,"C14 H18 O3"
"X10009_NEG_15_261.076805848154",10009,"NEG",15,261.076902677737,261.076805848154,261.076847096749,"C14 H14 O5"
"X10010_NEG_15_264.998943815961",10010,"NEG",15,264.999044616258,264.998943815961,264.998990697619,"C11 H6 O8"
"X10012_NEG_15_271.097607371532",10012,"NEG",15,271.097713125269,271.097607371532,271.097582541639,"C16 H16 O4"
"X10014_NEG_15_281.175782287964",10014,"NEG",15,281.175896390422,281.175782287964,281.175832863939,"C16 H26 O4"
"X10018_NEG_15_301.144516139388",10018,"NEG",15,301.144651950996,301.144516139388,301.144532735019,"C18 H22 O4"
"X10019_NEG_15_301.202018446912",10019,"NEG",15,301.202150701175,301.202018446912,301.20204761243,"C16 H30 O5"
"X10024_NEG_15_327.087444073127",10024,"NEG",15,327.087608720861,327.087444073127,327.087411780779,"C18 H16 O6"
"X10027_NEG_15_337.0565158955",10027,"NEG",15,337.056688177674,337.0565158955,337.056505575029,"C15 H14 O9"
"X10030_NEG_15_343.139914884318",10030,"NEG",15,343.140090335958,343.139914884318,343.139841277759,"C16 H24 O8"
"X10031_NEG_15_345.061543409759",10031,"NEG",15,345.06172356742,345.061543409759,345.061590955459,"C17 H14 O8"
"X10032_NEG_15_355.155102963881",10032,"NEG",15,355.155290747985,355.155102963881,355.155097419049,"C21 H24 O5"
"X10035_NEG_15_377.087838575938",10035,"NEG",15,377.088043411608,377.087838575938,377.08780570395,"C18 H18 O9"
"X10037_NEG_15_383.113656407781",10037,"NEG",15,383.113864793326,383.113656407781,383.113626529269,"C21 H20 O7"
"X10039_NEG_15_385.150435628354",10039,"NEG",15,385.150643015213,385.150435628354,385.150405961789,"C18 H26 O9"
"X10041_NEG_15_403.030704561915",10041,"NEG",15,403.030925030389,403.030704561915,403.030684749709,"C18 H12 O11"
"X10043_NEG_15_419.098400222936",10043,"NEG",15,419.098628559716,419.098400222936,419.098370387979,"C20 H20 O10"
"X10044_NEG_15_427.030701345912",10044,"NEG",15,427.03093491618,427.030701345912,427.030684749709,"C20 H12 O11"
"X10048_NEG_15_453.249405614187",10048,"NEG",15,453.249662883676,453.249405614187,453.249391728979,"C24 H38 O8"
"X10052_NEG_15_469.186760592603",10052,"NEG",15,469.187007490267,469.186760592603,469.186791471139,"C26 H30 O8"
"X10057_NEG_15_473.254468693855",10057,"NEG",15,473.254731945852,473.254468693855,473.25447710941,"C27 H38 O7"
"X10059_NEG_15_478.13887131621",10059,"NEG",15,478.139137608911,478.13887131621,478.138855476449,"C19 H29 O11 N1 S1"
"X10068_NEG_15_517.171470808427",10068,"NEG",15,517.171728079116,517.171470808427,517.171535329849,"C26 H30 O11"
"X10072_NEG_15_523.254846038766",10072,"NEG",15,523.25511911544,523.254846038766,523.254871032579,"C27 H40 O10"
"X10094_NEG_16_125.06082798207",10094,"NEG",16,125.060787994099,125.06082798207,125.060803109119,"C7 H10 O2"
"X10095_NEG_16_133.029523657321",10095,"NEG",16,133.029476113098,133.029523657321,133.029502980199,"C8 H6 O2"
"X10096_NEG_16_136.040426468872",10096,"NEG",16,136.040385425181,136.040426468872,136.040402016859,"C7 H7 O2 N1"
"X10105_NEG_16_263.092445640499",10105,"NEG",16,263.092535755181,263.092445640499,263.092497161209,"C14 H16 O5"
"X10106_NEG_16_264.998956658613",10106,"NEG",16,264.99904979849,264.998956658613,264.998990697619,"C11 H6 O8"
"X10107_NEG_16_267.123737859738",10107,"NEG",16,267.123829793591,267.123737859738,267.123797290129,"C14 H20 O5"
"X10108_NEG_16_271.22780683857",10108,"NEG",16,271.227905135468,271.22780683857,271.227868437749,"C16 H32 O3"
"X10109_NEG_16_273.113184299586",10109,"NEG",16,273.113288249547,273.113184299586,273.113232606099,"C16 H18 O4"
"X10111_NEG_16_279.014578847417",10111,"NEG",16,279.014686516754,279.014578847417,279.014640762079,"C12 H8 O8"
"X10112_NEG_16_281.103018610281",10112,"NEG",16,281.103128806137,281.103018610281,281.103061845239,"C14 H18 O6"
"X10113_NEG_16_285.134324118668",10113,"NEG",16,285.134434322357,285.134324118668,285.13436197416,"C14 H22 O6"
"X10114_NEG_16_285.170704930811",10114,"NEG",16,285.170814321969,285.170704930811,285.170747483509,"C15 H26 O5"
"X10115_NEG_16_287.128855103198",10115,"NEG",16,287.128969732205,287.128855103198,287.128882670559,"C17 H20 O4"
"X10119_NEG_16_301.202031371292",10119,"NEG",16,301.202155747215,301.202031371292,301.20204761243,"C16 H30 O5"
"X10120_NEG_16_309.152984799901",10120,"NEG",16,309.153116916904,309.152984799901,309.15298941877,"C17 H26 O3 S1"
"X10122_NEG_16_321.025225700633",10122,"NEG",16,321.025375735522,321.025225700633,321.025205446109,"C14 H10 O9"
"X10126_NEG_16_341.139406375163",10126,"NEG",16,341.139574999161,341.139406375163,341.139447354589,"C20 H22 O5"
"X10131_NEG_16_357.170775300389",10131,"NEG",16,357.170958054135,357.170775300389,357.170747483509,"C21 H26 O5"
"X10143_NEG_16_399.181338376557",10143,"NEG",16,399.18155361569,399.181338376557,399.181312167539,"C23 H28 O6"
"X10144_NEG_16_401.196991528384",10144,"NEG",16,401.197207102819,401.196991528384,401.196962231999,"C23 H30 O6"
"X10146_NEG_16_413.16060977085",10146,"NEG",16,413.160832720703,413.16060977085,413.160576722649,"C23 H26 O7"
"X10149_NEG_16_429.155456587893",10149,"NEG",16,429.155688569537,429.155456587893,429.155491342219,"C23 H26 O8"
"X10155_NEG_16_471.202432308452",10155,"NEG",16,471.202694049191,471.202432308452,471.202441535599,"C26 H32 O8"
"X10156_NEG_16_481.244311101195",10156,"NEG",16,481.244584335094,481.244311101195,481.244306348549,"C25 H38 O9"
"X10159_NEG_16_483.238864947088",10159,"NEG",16,483.239126805158,483.238864947088,483.238827044949,"C28 H36 O7"
"X10160_NEG_16_485.218078261925",10160,"NEG",16,485.218348512564,485.218078261925,485.218091600059,"C27 H34 O8"
"X10161_NEG_16_487.270124738302",10161,"NEG",16,487.270406647353,487.270124738302,487.270127173869,"C28 H40 O7"
"X10165_NEG_16_499.197324454306",10165,"NEG",16,499.197593679773,499.197324454306,499.197356155169,"C27 H32 O9"
"X10167_NEG_16_513.212970616285",10167,"NEG",16,513.213245097223,513.212970616285,513.213006219629,"C28 H34 O9"
"X10169_NEG_16_531.296314062895",10169,"NEG",16,531.296628322085,531.296314062895,531.29634192236,"C30 H44 O8"
"X10181_NEG_17_195.139039420392",10181,"NEG",17,195.139051268886,195.139039420392,195.139053431419,"C12 H20 O2"
"X10184_NEG_17_237.149585651893",10184,"NEG",17,237.149639799064,237.149585651893,237.14961811545,"C14 H22 O3"
"X10188_NEG_17_261.113188432549",10188,"NEG",17,261.113265105568,261.113188432549,261.113232606099,"C15 H18 O4"
"X10191_NEG_17_285.134326995608",10191,"NEG",17,285.134428571522,285.134326995608,285.13436197416,"C14 H22 O6"
"X10195_NEG_17_309.134365154622",10195,"NEG",17,309.134490147196,309.134365154622,309.134361974159,"C16 H22 O6"
"X10196_NEG_17_313.147912597452",10196,"NEG",17,313.148043901031,313.147912597452,313.147904038339,"C16 H26 O4 S1"
"X10198_NEG_17_317.175851103685",10198,"NEG",17,317.175985039916,317.175851103685,317.175832863939,"C19 H26 O4"
"X10199_NEG_17_327.217742185136",10199,"NEG",17,327.217885494476,327.217742185136,327.21769767689,"C18 H32 O5"
"X10200_NEG_17_329.139509278331",10200,"NEG",17,329.139654386558,329.139509278331,329.139447354589,"C19 H22 O5"
"X10201_NEG_17_329.197012767234",10201,"NEG",17,329.197158386186,329.197012767234,329.196962231999,"C17 H30 O6"
"X10203_NEG_17_335.15007579844",10203,"NEG",17,335.150228661776,335.15007579844,335.150012038619,"C18 H24 O6"
"X10204_NEG_17_345.13436521698",10204,"NEG",17,345.134524771889,345.13436521698,345.134361974159,"C19 H22 O6"
"X10206_NEG_17_351.217710653463",10206,"NEG",17,351.217878366495,351.217710653463,351.217697676889,"C20 H32 O5"
"X10212_NEG_17_389.197002116055",10212,"NEG",17,389.197207909805,389.197002116055,389.196962231999,"C22 H30 O6"
"X10214_NEG_17_393.22826415565",10214,"NEG",17,393.228475707649,393.22826415565,393.228262360919,"C22 H34 O6"
"X10216_NEG_17_405.228278895013",10216,"NEG",17,405.22850085513,405.228278895013,405.228262360919,"C23 H34 O6"
"X10218_NEG_17_423.238844685067",10218,"NEG",17,423.239086206806,423.238844685067,423.238827044949,"C23 H36 O7"
"X10221_NEG_17_471.238871960488",10221,"NEG",17,471.239142093212,471.238871960488,471.238827044949,"C27 H36 O7"
"X10222_NEG_17_475.270119281094",10222,"NEG",17,475.270408261769,475.270119281094,475.270127173869,"C27 H40 O7"
"X10225_NEG_17_485.254455280333",10225,"NEG",17,485.254742214761,485.254455280333,485.254477109409,"C28 H38 O7"
"X10230_NEG_17_527.264942859912",10230,"NEG",17,527.265292463227,527.264942859912,527.265041793439,"C30 H40 O8"
"X10231_NEG_17_529.280629738072",10231,"NEG",17,529.280967937486,529.280629738072,529.2806918579,"C30 H42 O8"
"X10233_NEG_17_531.259891577818",10233,"NEG",17,531.260220196429,531.259891577818,531.259956413009,"C29 H40 O9"
"X10248_NEG_18_222.14992746104",10248,"NEG",18,222.149961647022,222.14992746104,222.149952468079,"C13 H21 O2 N1"
"X10252_NEG_18_255.123762235887",10252,"NEG",18,255.123831953735,255.123762235887,255.123797290129,"C13 H20 O5"
"X10253_NEG_18_267.123756756596",10253,"NEG",18,267.123837736713,267.123756756596,267.123797290129,"C14 H20 O5"
"X10255_NEG_18_277.180866982381",10255,"NEG",18,277.180958416171,277.180866982381,277.180918244369,"C17 H26 O3"
"X10259_NEG_18_325.165764308078",10259,"NEG",18,325.165911233438,325.165764308078,325.165662103079,"C17 H26 O6"
"X10260_NEG_18_339.181328770017",10260,"NEG",18,339.181488336518,339.181328770017,339.181312167539,"C18 H28 O6"
"X10261_NEG_18_345.149611413386",10261,"NEG",18,345.149778831417,345.149611413386,345.149618115449,"C23 H22 O3"
"X10262_NEG_18_347.186404338982",10262,"NEG",18,347.186571931117,347.186404338982,347.186397547969,"C20 H28 O5"
"X10265_NEG_18_363.181347381853",10265,"NEG",18,363.181533453324,363.181347381853,363.181312167539,"C20 H28 O6"
"X10267_NEG_18_404.15033739818",10267,"NEG",18,404.150585975081,404.15033739818,404.15034639125,"C24 H23 O5 N1"
"X10270_NEG_18_433.223106238543",10270,"NEG",18,433.223386172342,433.223106238543,433.223176980489,"C24 H34 O7"
"X10278_NEG_19_197.009178350502",10278,"NEG",19,197.009181901646,197.009178350502,197.009161458479,"C8 H6 O6"
"X10286_NEG_19_257.212190315053",10286,"NEG",19,257.212260629321,257.212190315053,257.21221837329,"C15 H30 O3"
"X10287_NEG_19_272.059758748993",10287,"NEG",19,272.059849665399,272.059758748993,272.059817307809,"C11 H15 O5 N1 S1"
"X10288_NEG_19_293.139410916797",10288,"NEG",19,293.139522744498,293.139410916797,293.139447354589,"C16 H22 O5"
"X10290_NEG_19_327.196610789874",10290,"NEG",19,327.196767967113,327.196610789874,327.196568308829,"C21 H28 O3"
"X10305_NEG_20_125.02445343622",10305,"NEG",20,125.024376461765,125.02445343622,125.024417599769,"C6 H6 O3"
"X10306_NEG_20_127.003716601778",10306,"NEG",20,127.00364155097,127.003716601778,127.003682154879,"C5 H4 O4"
"X10315_NEG_20_183.066276035837",10315,"NEG",20,183.0662611973,183.066276035837,183.066282412719,"C9 H12 O4"
"X10316_NEG_20_195.066270364029",10316,"NEG",20,195.066270392743,195.066270364029,195.066282412719,"C10 H12 O4"
"X10321_NEG_20_362.122067744119",10321,"NEG",20,362.122312665848,362.122067744119,362.122023642479,"C22 H21 O2 N1 S1"
"X10323_NEG_20_404.150269191678",10323,"NEG",20,404.150587787205,404.150269191678,404.15034639125,"C24 H23 O5 N1"
"X10325_NEG_20_502.148128332225",10325,"NEG",20,502.148631102261,502.148128332225,502.148238390969,"C32 H25 O3 N1 S1"
"X10335_NEG_21_199.097567887701",10335,"NEG",21,199.097570103248,199.097567887701,199.097582541639,"C10 H16 O4"
"X10339_NEG_21_279.196512436876",10339,"NEG",21,279.196619276939,279.196512436876,279.196568308829,"C17 H28 O3"
"X10341_NEG_21_311.222749403157",10341,"NEG",21,311.222890288378,311.222749403157,311.222783057319,"C18 H32 O4"
"X10354_NEG_5_147.029928991475",10354,"NEG",5,147.029902747578,147.029928991475,147.029896903369,"C5 H8 O5"
"X10363_NEG_6_485.139393332766",10363,"NEG",6,485.138813748417,485.139393332766,485.139447354588,"C32 H22 O5"
"X10375_NEG_9_178.050961854596",10375,"NEG",9,178.050948114418,178.050961854596,178.050966700889,"C9 H9 O3 N1"
"X10376_NEG_9_197.081937009519",10376,"NEG",9,197.081945688289,197.081937009519,197.081932477179,"C10 H14 O4"
"X10377_NEG_9_243.087378378279",10377,"NEG",9,243.087434107062,243.087378378279,243.087411780779,"C11 H16 O6"
"X10407_NEG_11_245.066651329886",10407,"NEG",11,245.066712418285,245.066651329886,245.066676335889,"C10 H14 O7"
"X10417_NEG_11_481.171508880174",10417,"NEG",11,481.171822788574,481.171508880174,481.171535329849,"C23 H30 O11"
"X10439_NEG_12_113.060842660571",10439,"NEG",12,113.060795855183,113.060842660571,113.060803109119,"C6 H10 O2"
"X10444_NEG_12_117.055760247282",10444,"NEG",12,117.055715570067,117.055760247282,117.055717728689,"C5 H10 O3"
"X10445_NEG_12_118.02987388986",10445,"NEG",12,118.029829469921,118.02987388986,118.029837332829,"C7 H5 O1 N1"
"X10447_NEG_12_119.050271034962",10447,"NEG",12,119.050224518271,119.050271034962,119.050238425089,"C8 H8 O1"
"X10448_NEG_12_121.02952832494",10448,"NEG",12,121.029482349737,121.02952832494,121.029502980199,"C7 H6 O2"
"X10449_NEG_12_125.060830033901",10449,"NEG",12,125.060787290959,125.060830033901,125.060803109119,"C7 H10 O2"
"X10450_NEG_12_127.003698062751",10450,"NEG",12,127.003653192618,127.003698062751,127.003682154879,"C5 H4 O4"
"X10451_NEG_12_127.040098452003",10451,"NEG",12,127.040056233935,127.040098452003,127.040067664229,"C6 H8 O3"
"X10452_NEG_12_127.076481411363",10452,"NEG",12,127.076440062046,127.076481411363,127.076453173579,"C7 H12 O2"
"X10453_NEG_12_129.019353467763",10453,"NEG",12,129.019311661605,129.019353467763,129.019332219339,"C5 H6 O4"
"X10454_NEG_12_129.055748185035",10454,"NEG",12,129.055707295683,129.055748185035,129.055717728689,"C6 H10 O3"
"X10456_NEG_12_136.040428730983",10456,"NEG",12,136.040390262145,136.040428730983,136.040402016859,"C7 H7 O2 N1"
"X10457_NEG_12_141.019354835548",10457,"NEG",12,141.019317569226,141.019354835548,141.019332219339,"C6 H6 O4"
"X10458_NEG_12_153.092123518326",10458,"NEG",12,153.092096190001,153.092123518326,153.092103238039,"C9 H14 O2"
"X10459_NEG_12_175.097559682552",10459,"NEG",12,175.0975525401,175.097559682552,175.097582541639,"C8 H16 O4"
"X10460_NEG_12_176.035298758427",10460,"NEG",12,176.035289980628,176.035298758427,176.035316636429,"C9 H7 O3 N1"
"X10465_NEG_12_335.171209593451",10465,"NEG",12,335.171367513796,335.171209593451,335.171141406679,"C15 H28 O8"
"X10468_NEG_12_453.046232359083",10468,"NEG",12,453.046491344043,453.046232359083,453.046334814169,"C22 H14 O11"
"X10495_NEG_13_127.003711600917",10495,"NEG",13,127.003652756524,127.003711600917,127.003682154879,"C5 H4 O4"
"X10497_NEG_13_166.014556745818",10497,"NEG",13,166.014529773232,166.014556745818,166.014581191539,"C7 H5 O4 N1"
"X10500_NEG_13_213.05569885269",10500,"NEG",13,213.055728860796,213.05569885269,213.055717728689,"C13 H10 O3"
"X10501_NEG_13_229.017596707886",10501,"NEG",13,229.017645298206,229.017596707886,229.017618142229,"C9 H10 O5 S1"
"X10505_NEG_13_321.191890422066",10505,"NEG",13,321.19203985063,321.191890422066,321.191876851569,"C15 H30 O7"
"X10509_NEG_13_425.015029618334",10509,"NEG",13,425.015265283245,425.015029618334,425.015034685249,"C20 H10 O11"
"X10518_NEG_13_547.145676446426",10518,"NEG",13,547.145970233829,547.145676446426,547.145714504529,"C26 H28 O13"
"X10540_NEG_14_193.061854482538",10540,"NEG",14,193.061864846234,193.061854482538,193.061865737549,"C9 H10 O3 N2"
"X10541_NEG_14_247.022366075066",10541,"NEG",14,247.022438771341,247.022366075066,247.022309599489,"C16 H8 O1 S1"
"X10544_NEG_14_279.160121815557",10544,"NEG",14,279.16022983112,279.160121815557,279.160182799479,"C16 H24 O4"
"X10548_NEG_14_395.040831027895",10548,"NEG",14,395.041051979135,395.040831027895,395.040855510569,"C20 H12 O9"
"X10550_NEG_14_417.228288519889",10550,"NEG",14,417.228524220616,417.228288519889,417.228262360919,"C24 H34 O6"
"X10556_NEG_14_453.119064055757",10556,"NEG",14,453.119314874607,453.119064055757,453.119105832869,"C24 H22 O9"
"X10559_NEG_14_478.138865271274",10559,"NEG",14,478.139149243255,478.138865271274,478.138855476449,"C19 H29 O11 N1 S1"
"X10562_NEG_14_485.036180802768",10562,"NEG",14,485.036445692839,485.036180802768,485.036164053309,"C22 H14 O13"
"X10591_NEG_15_146.024787067527",10591,"NEG",15,146.024739085141,146.024787067527,146.024751952399,"C8 H5 O2 N1"
"X10592_NEG_15_150.001939185621",10592,"NEG",15,150.001894970986,150.001939185621,150.001908507229,"C7 H5 O1 N1 S1"
"X10598_NEG_15_217.108121896621",10598,"NEG",15,217.108163747815,217.108121896621,217.108147225669,"C10 H18 O5"
"X10599_NEG_15_243.102626882155",10599,"NEG",15,243.102698550168,243.102626882155,243.102667922069,"C15 H16 O3"
"X10602_NEG_15_265.147841647341",10602,"NEG",15,265.147940378316,265.147841647341,265.147904038339,"C12 H26 O4 S1"
"X10603_NEG_15_271.118648396885",10603,"NEG",15,271.118751747503,271.118648396885,271.118711909699,"C13 H20 O6"
"X10605_NEG_15_285.113250295482",10605,"NEG",15,285.113371176167,285.113250295482,285.113232606099,"C17 H18 O4"
"X10607_NEG_15_299.095828019033",10607,"NEG",15,299.095959215423,299.095828019033,299.09586846453,"C14 H20 O5 S1"
"X10617_NEG_15_443.025606251911",10617,"NEG",15,443.025844345622,443.025606251911,443.025599369279,"C20 H12 O12"
"X10618_NEG_15_449.254482012063",10618,"NEG",15,449.254730663803,449.254482012063,449.254477109409,"C25 H38 O7"
"X10629_NEG_15_511.254858007568",10629,"NEG",15,511.255143204706,511.254858007568,511.254871032579,"C26 H40 O10"
"X10637_NEG_16_127.003698813403",10637,"NEG",16,127.003650512199,127.003698813403,127.003682154879,"C5 H4 O4"
"X10639_NEG_16_141.09213377413",10639,"NEG",16,141.092095153146,141.09213377413,141.092103238039,"C8 H14 O2"
"X10640_NEG_16_147.029920237863",10640,"NEG",16,147.029885677027,147.029920237863,147.029896903369,"C5 H8 O5"
"X10642_NEG_16_195.102638447856",10642,"NEG",16,195.102653191677,195.102638447856,195.102667922069,"C11 H16 O3"
"X10652_NEG_16_277.07169893915",10652,"NEG",16,277.071806915096,277.07169893915,277.071761716319,"C14 H14 O6"
"X10654_NEG_16_285.113235678896",10654,"NEG",16,285.113348875589,285.113235678896,285.113232606099,"C17 H18 O4"
"X10657_NEG_16_331.118779307264",10657,"NEG",16,331.118936812257,331.118779307264,331.118711909699,"C18 H20 O6"
"X10661_NEG_16_357.191885549482",10661,"NEG",16,357.192063328471,357.191885549482,357.191876851569,"C18 H30 O7"
"X10664_NEG_16_373.202078782228",10664,"NEG",16,373.202270518413,373.202078782228,373.202047612429,"C22 H30 O5"
"X10667_NEG_16_399.202454487775",10667,"NEG",16,399.202671417194,399.202454487775,399.202441535599,"C20 H32 O8"
"X10669_NEG_16_419.24393893926",10669,"NEG",16,419.244172026463,419.24393893926,419.243912425379,"C24 H36 O6"
"X10674_NEG_16_479.265018502536",10674,"NEG",16,479.26528257469,479.265018502536,479.265041793439,"C26 H40 O8"
"X10696_NEG_17_357.228296388299",10696,"NEG",17,357.228468291423,357.228296388299,357.22826236092,"C19 H34 O6"
"X10699_NEG_17_409.223193774747",10699,"NEG",17,409.223417421658,409.223193774747,409.223176980489,"C22 H34 O7"
"X10712_NEG_18_130.050994344104",10712,"NEG",18,130.050945841704,130.050994344104,130.050966700889,"C5 H9 O3 N1"
"X10721_NEG_18_235.137318889813",10721,"NEG",18,235.137369420852,235.137318889813,235.137339354309,"C11 H24 O3 S1"
"X10723_NEG_18_267.196530502895",10723,"NEG",18,267.196609904832,267.196530502895,267.196568308829,"C16 H28 O3"
"X10728_NEG_18_329.175881059021",10728,"NEG",18,329.17602968026,329.175881059021,329.175832863939,"C20 H26 O4"
"X10730_NEG_18_349.202037655238",10730,"NEG",18,349.202207011305,349.202037655238,349.20204761243,"C20 H30 O5"
"X10732_NEG_18_448.174111743298",10732,"NEG",18,448.174436703522,448.174111743298,448.174059216289,"C30 H27 O1 N1 S1"
"X10740_NEG_19_267.196507345598",10740,"NEG",19,267.19658846462,267.196507345598,267.196568308829,"C16 H28 O3"
"X10741_NEG_19_281.175788244444",10741,"NEG",19,281.175889497203,281.175788244444,281.175832863939,"C16 H26 O4"
"X10742_NEG_19_371.243897567352",10742,"NEG",19,371.244130231314,371.243897567352,371.243912425379,"C20 H36 O6"
"X10754_NEG_20_265.180855511654",10754,"NEG",20,265.180943904008,265.180855511654,265.180918244369,"C16 H26 O3"
"X10755_NEG_20_305.175816310896",10755,"NEG",20,305.175962682309,305.175816310896,305.175832863939,"C18 H26 O4"
"X10768_NEG_21_189.019335328398",10768,"NEG",21,189.019315739366,189.019335328398,189.019332219339,"C10 H6 O4"
"X10772_NEG_21_215.165260618584",10772,"NEG",21,215.165280178792,215.165260618584,215.165268179909,"C12 H24 O3"
"X10776_NEG_21_257.154635017375",10776,"NEG",21,257.154718758897,257.154635017375,257.154703495879,"C17 H22 O2"
"X10805_NEG_8_241.083036976693",10805,"NEG",8,241.083027839438,241.083036976693,241.082995105609,"C10 H14 O5 N2"
"X10809_NEG_9_141.019372147308",10809,"NEG",9,141.019318714582,141.019372147308,141.019332219339,"C6 H6 O4"
"X10810_NEG_9_181.991721407568",10810,"NEG",9,181.991717989247,181.991721407568,181.991737746369,"C7 H5 O3 N1 S1"
"X10813_NEG_9_409.07768285388",10813,"NEG",9,409.07794157044,409.07768285388,409.077634943089,"C18 H18 O11"
"X10817_NEG_10_118.029883173355",10817,"NEG",10,118.029830224728,118.029883173355,118.029837332829,"C7 H5 O1 N1"
"X10818_NEG_10_219.087391454913",10818,"NEG",10,219.087422028392,219.087391454913,219.08741178078,"C9 H16 O6"
"X10844_NEG_12_217.053987190186",10844,"NEG",12,217.054022054157,217.053987190186,217.054003651579,"C9 H14 O4 S1"
"X10846_NEG_12_477.139624438493",10846,"NEG",12,477.139944607032,477.139624438493,477.13958375225,"C15 H30 O13 N2 S1"
"X10871_NEG_13_395.040826287856",10871,"NEG",13,395.041043461367,395.040826287856,395.040855510569,"C20 H12 O9"
"X10884_NEG_14_125.024442618983",10884,"NEG",14,125.024384331579,125.024442618983,125.024417599769,"C6 H6 O3"
"X10885_NEG_14_127.003711043348",10885,"NEG",14,127.003652494659,127.003711043348,127.003682154879,"C5 H4 O4"
"X10886_NEG_14_129.055746188556",10886,"NEG",14,129.055701892619,129.055746188556,129.055717728689,"C6 H10 O3"
"X10887_NEG_14_130.050993561026",10887,"NEG",14,130.050940877925,130.050993561026,130.050966700889,"C5 H9 O3 N1"
"X10888_NEG_14_131.035017145949",10888,"NEG",14,131.034958752886,131.035017145949,131.034982283799,"C5 H8 O4"
"X10889_NEG_14_131.07140213636",10889,"NEG",14,131.071349754569,131.07140213636,131.071367793149,"C6 H12 O3"
"X10890_NEG_14_135.04518753678",10890,"NEG",14,135.045130629151,135.04518753678,135.045153044659,"C8 H8 O2"
"X10891_NEG_14_147.029928105611",10891,"NEG",14,147.029884152795,147.029928105611,147.029896903369,"C5 H8 O5"
"X10894_NEG_14_259.11867265773",10894,"NEG",14,259.118760055452,259.11867265773,259.118711909699,"C12 H20 O6"
"X10895_NEG_14_293.179157790002",10895,"NEG",14,293.179282089209,293.179157790002,293.17920416726,"C14 H30 O4 S1"
"X10915_NEG_15_125.024448095159",10915,"NEG",15,125.024388342927,125.024448095159,125.024417599769,"C6 H6 O3"
"X10917_NEG_15_127.076483824158",10917,"NEG",15,127.076431290419,127.076483824158,127.076453173579,"C7 H12 O2"
"X10918_NEG_15_129.055746805011",10918,"NEG",15,129.055700965465,129.055746805011,129.055717728689,"C6 H10 O3"
"X10921_NEG_15_261.185934482683",10921,"NEG",15,261.186033558336,261.185934482683,261.186003624799,"C17 H26 O2"
"X10934_NEG_16_123.008787244009",10934,"NEG",16,123.008741239703,123.008787244009,123.008767535309,"C6 H4 O3"
"X10937_NEG_16_203.128850400767",10937,"NEG",16,203.128878797754,203.128850400767,203.128882670559,"C10 H20 O4"
"X10946_NEG_16_482.16683024845",10946,"NEG",16,482.167114914498,482.16683024845,482.166784302048,"C22 H29 O11 N1"
"X10951_NEG_17_209.085285735384",10951,"NEG",17,209.085312458533,209.085285735384,209.085303780499,"C8 H18 O4 S1"
"X10952_NEG_17_221.118298966964",10952,"NEG",17,221.118338717792,221.118298966964,221.118317986529,"C13 H18 O3"
"X10958_NEG_17_429.228257463468",10958,"NEG",17,429.228501003128,429.228257463468,429.228262360919,"C25 H34 O6"
"X10972_NEG_19_167.071343358856",10972,"NEG",19,167.071309265946,167.071343358856,167.071367793149,"C9 H12 O3"
"X10984_NEG_21_127.003722250717",10984,"NEG",21,127.003643638469,127.003722250717,127.003682154879,"C5 H4 O4"
"X10987_NEG_21_131.071411107076",10987,"NEG",21,131.071338653014,131.071411107076,131.071367793149,"C6 H12 O3"
"X10989_NEG_21_144.045539595517",10989,"NEG",21,144.045478636144,144.045539595517,144.045487397289,"C9 H7 O1 N1"
"X10992_NEG_21_319.191486107546",10992,"NEG",21,319.191644435902,319.191486107546,319.191482928399,"C19 H28 O4"
"X10994_NEG_21_372.160470347663",10994,"NEG",21,372.160725432361,372.160470347663,372.160517152108,"C24 H23 O3 N1"
"X10995_NEG_21_383.174595806614",10995,"NEG",21,383.17491175175,383.174595806614,383.174512709999,"C16 H32 O8 S1"
"X10996_NEG_21_388.155367711585",10996,"NEG",21,388.15564949593,388.155367711585,388.15543177168,"C24 H23 O4 N1"
"X10998_NEG_21_399.217595651111",10998,"NEG",21,399.217924668841,399.217595651111,399.217697676889,"C24 H32 O5"
"X10999_NEG_21_401.23326416076",10999,"NEG",21,401.233602513387,401.23326416076,401.233347741349,"C24 H34 O5"
"X11001_NEG_21_419.301359122472",11001,"NEG",21,419.301703335349,419.301359122472,419.301427302788,"C22 H44 O7"
"X11002_NEG_21_424.073333465939",11002,"NEG",21,424.073697729774,424.073333465939,424.07327783846,"C14 H19 O14 N1"
"X11006_NEG_21_727.45201800585",11006,"NEG",21,727.453221937508,727.45201800585,727.452054720619,"C53 H60 O2"
"X11017_NEG_3_487.139777496583",11017,"NEG",3,487.13943909974,487.139777496583,487.13984127776,"C28 H24 O8"
"X11042_NEG_10_259.028164637561",11042,"NEG",10,259.028236544007,259.028164637561,259.028182826259,"C10 H12 O6 S1"
"X11090_NEG_13_125.060833267724",11090,"NEG",13,125.060779332174,125.060833267724,125.060803109119,"C7 H10 O2"
"X11093_NEG_13_261.134324685185",11093,"NEG",13,261.134408337921,261.134324685185,261.134361974159,"C12 H22 O6"
"X11123_NEG_14_477.139619326358",11123,"NEG",14,477.139902993932,477.139619326358,477.13958375225,"C15 H30 O13 N2 S1"
"X11133_NEG_15_257.081898067551",11133,"NEG",15,257.081984570087,257.081898067551,257.081932477179,"C15 H14 O4"
"X11137_NEG_15_481.150448054062",11137,"NEG",15,481.150717568473,481.150448054062,481.150405961789,"C26 H26 O9"
"X11151_NEG_16_114.019706792284",11151,"NEG",16,114.019670169655,114.019706792284,114.019666571969,"C4 H5 O3 N1"
"X11153_NEG_16_117.055745988976",11153,"NEG",16,117.055708193139,117.055745988976,117.055717728689,"C5 H10 O3"
"X11154_NEG_16_118.029867006809",11154,"NEG",16,118.029830488954,118.029867006809,118.029837332829,"C7 H5 O1 N1"
"X11156_NEG_16_119.050259174456",11156,"NEG",16,119.050218813832,119.050259174456,119.050238425089,"C8 H8 O1"
"X11157_NEG_16_123.045174368303",11157,"NEG",16,123.045134909364,123.045174368303,123.045153044659,"C7 H8 O2"
"X11160_NEG_16_209.118301388254",11160,"NEG",16,209.118330118166,209.118301388254,209.118317986529,"C12 H18 O3"
"X11161_NEG_16_221.154678987815",11161,"NEG",16,221.154722869881,221.154678987815,221.154703495879,"C14 H22 O2"
"X11162_NEG_16_237.149587565556",11162,"NEG",16,237.14964880292,237.149587565556,237.149618115449,"C14 H22 O3"
"X11191_NEG_18_261.113196942029",11191,"NEG",18,261.113270413615,261.113196942029,261.113232606099,"C15 H18 O4"
"X11192_NEG_18_303.160167449809",11192,"NEG",18,303.16028515052,303.160167449809,303.160182799479,"C18 H24 O4"
"X11197_NEG_18_501.115144527521",11197,"NEG",18,501.115552844113,501.115144527521,501.115083080869,"C23 H22 O11 N2"
"X11225_NEG_21_129.055768967654",11225,"NEG",21,129.055696188043,129.055768967654,129.055717728689,"C6 H10 O3"
"X11254_NEG_8_487.139784146873",11254,"NEG",8,487.139452941467,487.139784146873,487.13984127776,"C28 H24 O8"
"X11258_NEG_9_243.051000788436",11258,"NEG",9,243.05106196775,243.051000788436,243.051026271429,"C10 H12 O7"
"X11259_NEG_9_245.066638287054",11259,"NEG",9,245.066707734568,245.066638287054,245.066676335889,"C10 H14 O7"
"X11260_NEG_9_245.114243420644",11260,"NEG",9,245.114304945232,245.114243420644,245.114295234529,"C10 H18 O5 N2"
"X11261_NEG_9_253.035360640372",11261,"NEG",9,253.035426672398,253.035360640372,253.035376206969,"C11 H10 O7"
"X11262_NEG_9_273.061564735202",11262,"NEG",9,273.061649993317,273.061564735202,273.061590955459,"C11 H14 O8"
"X11265_NEG_10_139.076486826566",11265,"NEG",10,139.076436031504,139.076486826566,139.076453173579,"C8 H12 O2"
"X11266_NEG_10_152.035359284537",11266,"NEG",10,152.035319721241,152.035359284537,152.035316636429,"C7 H7 O3 N1"
"X11268_NEG_10_184.061522940893",11268,"NEG",10,184.061513418332,184.061522940893,184.061531384919,"C8 H11 O4 N1"
"X11269_NEG_10_185.027795204286",11269,"NEG",10,185.027783096137,185.027795204286,185.027788903089,"C8 H10 O3 S1"
"X11270_NEG_10_192.066600936269",11270,"NEG",10,192.066595377106,192.066600936269,192.066616765349,"C10 H11 O3 N1"
"X11274_NEG_10_224.05644216099",11274,"NEG",10,224.056471430803,224.05644216099,224.056446004489,"C10 H11 O5 N1"
"X11276_NEG_10_229.108138348749",11276,"NEG",10,229.108174874681,229.108138348749,229.108147225669,"C11 H18 O5"
"X11278_NEG_10_238.072092600788",11278,"NEG",10,238.072137425639,238.072092600788,238.072096068949,"C11 H13 O5 N1"
"X11279_NEG_10_241.119393614305",11279,"NEG",10,241.119440885696,241.119393614305,241.119380614959,"C11 H18 O4 N2"
"X11280_NEG_10_247.08231068657",11280,"NEG",10,247.08237000335,247.08231068657,247.082326400349,"C10 H16 O7"
"X11281_NEG_10_257.012496031874",11281,"NEG",10,257.012564114786,257.012496031874,257.012532761799,"C10 H10 O6 S1"
"X11282_NEG_10_259.12991943783",11282,"NEG",10,259.129988823079,259.12991943783,259.129945298989,"C11 H20 O5 N2"
"X11283_NEG_10_263.059438944195",11283,"NEG",10,263.059512447299,263.059438944195,263.059482955179,"C10 H16 O6 S1"
"X11285_NEG_10_275.077192546222",11285,"NEG",10,275.077282738963,275.077192546222,275.077241019919,"C11 H16 O8"
"X11286_NEG_10_282.061897790764",11286,"NEG",10,282.061995287176,282.061897790764,282.061925308089,"C12 H13 O7 N1"
"X11287_NEG_10_293.114259743044",11287,"NEG",10,293.114370352512,293.114259743044,293.114295234529,"C14 H18 O5 N2"
"X11291_NEG_11_152.035353844437",11291,"NEG",11,152.035321258699,152.035353844437,152.035316636429,"C7 H7 O3 N1"
"X11293_NEG_11_165.09207783343",11293,"NEG",11,165.092053173238,165.09207783343,165.092103238039,"C10 H14 O2"
"X11294_NEG_11_180.066596334419",11294,"NEG",11,180.066587390571,180.066596334419,180.066616765349,"C9 H11 O3 N1"
"X11296_NEG_11_190.050954335676",11296,"NEG",11,190.050955811035,190.050954335676,190.050966700889,"C10 H9 O3 N1"
"X11297_NEG_11_199.04340736642",11297,"NEG",11,199.043417318421,199.04340736642,199.043438967549,"C9 H12 O3 S1"
"X11298_NEG_11_204.030224969648",11298,"NEG",11,204.030239949622,204.030224969648,204.030231255999,"C10 H7 O4 N1"
"X11299_NEG_11_206.045857108805",11299,"NEG",11,206.045874569167,206.045857108805,206.045881320459,"C10 H9 O4 N1"
"X11300_NEG_11_206.082238234956",11300,"NEG",11,206.082257605966,206.082238234956,206.082266829809,"C11 H13 O3 N1"
"X11301_NEG_11_207.033246253689",11301,"NEG",11,207.033263310719,207.033246253689,207.033268206689,"C7 H12 O5 S1"
"X11303_NEG_11_222.970640053359",11303,"NEG",11,222.970674555537,222.970640053359,222.970667948849,"C9 H4 O5 S1"
"X11305_NEG_11_224.056431851126",11305,"NEG",11,224.056467492863,224.056431851126,224.056446004489,"C10 H11 O5 N1"
"X11306_NEG_11_227.038340526169",11306,"NEG",11,227.03838133704,227.038340526169,227.038353587119,"C10 H12 O4 S1"
"X11307_NEG_11_238.072078013871",11307,"NEG",11,238.072128564,238.072078013871,238.072096068949,"C11 H13 O5 N1"
"X11308_NEG_11_239.001954892008",11308,"NEG",11,239.002005223911,239.001954892008,239.001968077769,"C10 H8 O5 S1"
"X11310_NEG_11_242.996841381156",11310,"NEG",11,242.996896312981,242.996841381156,242.996882697339,"C9 H8 O6 S1"
"X11313_NEG_11_247.082294678216",11313,"NEG",11,247.082358152896,247.082294678216,247.082326400349,"C10 H16 O7"
"X11314_NEG_11_257.012495562186",11314,"NEG",11,257.0125660422,257.012495562186,257.012532761799,"C10 H10 O6 S1"
"X11315_NEG_11_257.04888657898",11315,"NEG",11,257.048958659658,257.04888657898,257.048918271149,"C11 H14 O5 S1"
"X11316_NEG_11_257.064240226539",11316,"NEG",11,257.064309589749,257.064240226539,257.064174412439,"C15 H14 O2 S1"
"X11318_NEG_11_269.012494807661",11318,"NEG",11,269.012578371499,269.012494807661,269.012532761799,"C11 H10 O6 S1"
"X11320_NEG_11_273.145549090341",11320,"NEG",11,273.145636446368,273.145549090341,273.145595363449,"C12 H22 O5 N2"
"X11322_NEG_11_281.070020329387",11322,"NEG",11,281.070116611611,281.070020329387,281.070047639209,"C10 H18 O7 S1"
"X11323_NEG_11_287.059433918775",11323,"NEG",11,287.059540148366,287.059433918775,287.059482955179,"C12 H16 O6 S1"
"X11325_NEG_11_301.03871878132",11325,"NEG",11,301.03884085974,301.03871878132,301.038747510289,"C12 H14 O7 S1"
"X11326_NEG_11_301.075121540787",11326,"NEG",11,301.075243229715,301.075121540787,301.075133019639,"C13 H18 O6 S1"
"X11328_NEG_11_315.054392320268",11328,"NEG",11,315.054531333071,315.054392320268,315.054397574749,"C13 H16 O7 S1"
"X11329_NEG_11_319.133378424745",11329,"NEG",11,319.133519144258,319.133378424745,319.133316602309,"C13 H24 O5 N2 S1"
"X11330_NEG_11_323.134800778205",11330,"NEG",11,323.1349471548,323.134800778205,323.134755897329,"C13 H24 O9"
"X11332_NEG_11_349.165634331045",11332,"NEG",11,349.165815356116,349.165634331045,349.165662103079,"C19 H26 O6"
"X11333_NEG_11_361.09630910307",11333,"NEG",11,361.096503794644,361.09630910307,361.096262387699,"C15 H22 O8 S1"
"X11338_NEG_12_186.970660315529",11338,"NEG",12,186.97066083116,186.970660315529,186.970667948849,"C6 H4 O5 S1"
"X11339_NEG_12_187.040051683076",11339,"NEG",12,187.040052952021,187.040051683076,187.040067664229,"C11 H8 O3"
"X11340_NEG_12_192.066584505603",11340,"NEG",12,192.066590071436,192.066584505603,192.066616765349,"C10 H11 O3 N1"
"X11344_NEG_12_221.048898348908",11344,"NEG",12,221.048932285962,221.048898348908,221.048918271149,"C8 H14 O5 S1"
"X11345_NEG_12_236.092812011759",11345,"NEG",12,236.092862518035,236.092812011759,236.092831513839,"C12 H15 O4 N1"
"X11347_NEG_12_237.080200878469",11347,"NEG",12,237.08025232247,237.080200878469,237.080218400069,"C9 H18 O5 S1"
"X11348_NEG_12_239.059495454011",11348,"NEG",12,239.059550674687,239.059495454011,239.059482955179,"C8 H16 O6 S1"
"X11349_NEG_12_241.053997363736",11349,"NEG",12,241.054051421624,241.053997363736,241.054003651579,"C11 H14 O4 S1"
"X11350_NEG_12_241.144506949119",11350,"NEG",12,241.144566294403,241.144506949119,241.144532735019,"C13 H22 O4"
"X11352_NEG_12_255.033239401582",11352,"NEG",12,255.033308916539,255.033239401582,255.033268206689,"C11 H12 O5 S1"
"X11353_NEG_12_257.012486127401",11353,"NEG",12,257.012554888385,257.012486127401,257.012532761799,"C10 H10 O6 S1"
"X11354_NEG_12_261.097945821597",11354,"NEG",12,261.09802363223,261.097945821597,261.097976464809,"C11 H18 O7"
"X11357_NEG_12_271.064524471672",11357,"NEG",12,271.064608954019,271.064524471672,271.064568335609,"C12 H16 O5 S1"
"X11360_NEG_12_285.043800102376",11360,"NEG",12,285.043899868382,285.043800102376,285.043832890719,"C12 H14 O6 S1"
"X11364_NEG_12_301.075099584346",11364,"NEG",12,301.075215648859,301.075099584346,301.075133019639,"C13 H18 O6 S1"
"X11366_NEG_12_315.090774833695",11366,"NEG",12,315.090906728303,315.090774833695,315.090783084099,"C14 H20 O6 S1"
"X11367_NEG_12_329.07007737117",11367,"NEG",12,329.07022463263,329.07007737117,329.070047639209,"C14 H18 O7 S1"
"X11369_NEG_12_331.176292840398",11369,"NEG",12,331.176444265703,331.176292840398,331.176226787109,"C16 H28 O7"
"X11370_NEG_12_333.170828921831",11370,"NEG",12,333.170981176557,333.170828921831,333.170747483509,"C19 H26 O5"
"X11371_NEG_12_345.101332425606",11371,"NEG",12,345.10149820878,345.101332425606,345.101347768129,"C15 H22 O7 S1"
"X11372_NEG_12_359.080648089054",11372,"NEG",12,359.080828888402,359.080648089054,359.080612323239,"C15 H20 O8 S1"
"X11373_NEG_12_367.160990249891",11373,"NEG",12,367.161182731509,367.160990249891,367.160970645819,"C15 H28 O10"
"X11374_NEG_12_411.187183738932",11374,"NEG",12,411.18743070827,411.187183738932,411.187185394309,"C17 H32 O11"
"X11379_NEG_13_163.076420587118",11379,"NEG",13,163.076388828892,163.076420587118,163.076453173579,"C10 H12 O2"
"X11380_NEG_13_193.053977393026",11380,"NEG",13,193.053986758694,193.053977393026,193.054003651579,"C7 H14 O4 S1"
"X11381_NEG_13_203.092468345588",11381,"NEG",13,203.092485495662,203.092468345588,203.092497161209,"C9 H16 O5"
"X11383_NEG_13_223.064557217313",11383,"NEG",13,223.064591640047,223.064557217313,223.064568335609,"C8 H16 O5 S1"
"X11384_NEG_13_235.064555113415",11384,"NEG",13,235.06460099668,235.064555113415,235.064568335609,"C9 H16 O5 S1"
"X11385_NEG_13_237.080204848183",11385,"NEG",13,237.080260114268,237.080204848183,237.080218400069,"C9 H18 O5 S1"
"X11386_NEG_13_243.033241818697",11386,"NEG",13,243.033304132162,243.033241818697,243.033268206689,"C10 H12 O5 S1"
"X11388_NEG_13_249.080181927883",11388,"NEG",13,249.080249611917,249.080181927883,249.080218400069,"C10 H18 O5 S1"
"X11389_NEG_13_251.059469724215",11389,"NEG",13,251.059533729933,251.059469724215,251.059482955179,"C9 H16 O6 S1"
"X11390_NEG_13_251.09582402083",11390,"NEG",13,251.095889636685,251.09582402083,251.095868464529,"C10 H20 O5 S1"
"X11391_NEG_13_255.069618338284",11391,"NEG",13,255.069690734597,255.069618338284,255.069653716039,"C12 H16 O4 S1"
"X11392_NEG_13_269.048858132486",11392,"NEG",13,269.048950569625,269.048858132486,269.04891827115,"C12 H14 O5 S1"
"X11393_NEG_13_275.113576663674",11393,"NEG",13,275.11366760884,275.113576663674,275.113626529269,"C12 H20 O7"
"X11394_NEG_13_275.149955256529",11394,"NEG",13,275.150054168142,275.149955256529,275.150012038619,"C13 H24 O6"
"X11395_NEG_13_285.080176256469",11395,"NEG",13,285.08028038183,285.080176256469,285.080218400069,"C13 H18 O5 S1"
"X11397_NEG_13_313.075109726306",11397,"NEG",13,313.075241260632,313.075109726306,313.075133019639,"C14 H18 O6 S1"
"X11398_NEG_13_315.090766214317",11398,"NEG",13,315.090901185323,315.090766214317,315.090783084099,"C14 H20 O6 S1"
"X11399_NEG_13_329.070097656975",11399,"NEG",13,329.070247871792,329.070097656975,329.070047639209,"C14 H18 O7 S1"
"X11400_NEG_13_329.106464310145",11400,"NEG",13,329.106614564696,329.106464310145,329.106433148559,"C15 H22 O6 S1"
"X11401_NEG_13_331.122098067917",11401,"NEG",13,331.12224524543,331.122098067917,331.122083213019,"C15 H24 O6 S1"
"X11403_NEG_13_341.069995452822",11403,"NEG",13,341.070158201015,341.069995452822,341.070047639209,"C15 H18 O7 S1"
"X11404_NEG_13_343.085657665152",11404,"NEG",13,343.085824636496,343.085657665152,343.085697703669,"C15 H20 O7 S1"
"X11405_NEG_13_343.100951355055",11405,"NEG",13,343.101110852217,343.100951355055,343.100953844959,"C19 H20 O4 S1"
"X11406_NEG_13_345.101342767375",11406,"NEG",13,345.101508344422,345.101342767375,345.101347768129,"C15 H22 O7 S1"
"X11408_NEG_13_371.117062775921",11408,"NEG",13,371.117254802441,371.117062775921,371.116997832589,"C17 H24 O7 S1"
"X11409_NEG_13_396.260317535341",11409,"NEG",13,396.260542163789,396.260317535341,396.260290765639,"C18 H39 O8 N1"
"X11411_NEG_13_399.148353960014",11411,"NEG",13,399.148579797615,399.148353960014,399.148297961509,"C19 H28 O7 S1"
"X11415_NEG_13_477.139647868234",11415,"NEG",13,477.139945032849,477.139647868234,477.13958375225,"C15 H30 O13 N2 S1"
"X11417_NEG_14_113.024450368131",11417,"NEG",14,113.024406257732,113.024450368131,113.024417599769,"C5 H6 O3"
"X11418_NEG_14_113.060836262756",11418,"NEG",14,113.060792466064,113.060836262756,113.060803109119,"C6 H10 O2"
"X11421_NEG_14_117.019348020656",11421,"NEG",14,117.019298571084,117.019348020656,117.019332219339,"C4 H6 O4"
"X11422_NEG_14_117.055754323532",11422,"NEG",14,117.055713487889,117.055754323532,117.055717728689,"C5 H10 O3"
"X11423_NEG_14_118.029874589503",11423,"NEG",14,118.029834061747,118.029874589503,118.029837332829,"C7 H5 O1 N1"
"X11425_NEG_14_119.050264454421",11425,"NEG",14,119.050223881338,119.050264454421,119.050238425089,"C8 H8 O1"
"X11426_NEG_14_121.029523532868",11426,"NEG",14,121.029481543344,121.029523532868,121.029502980199,"C7 H6 O2"
"X11427_NEG_14_122.024777070436",11427,"NEG",14,122.024711329192,122.024777070436,122.024751952399,"C6 H5 O2 N1"
"X11428_NEG_14_123.008792481771",11428,"NEG",14,123.008738616467,123.008792481771,123.008767535309,"C6 H4 O3"
"X11429_NEG_14_123.045181339417",11429,"NEG",14,123.04513679019,123.045181339417,123.045153044659,"C7 H8 O2"
"X11430_NEG_14_125.060832413214",11430,"NEG",14,125.06077227174,125.060832413214,125.060803109119,"C7 H10 O2"
"X11431_NEG_14_127.040103192853",11431,"NEG",14,127.040053286315,127.040103192853,127.040067664229,"C6 H8 O3"
"X11433_NEG_14_168.102970095559",11433,"NEG",14,168.102957487511,168.102970095559,168.103002274699,"C9 H15 O2 N1"
"X11434_NEG_14_181.123369269041",11434,"NEG",14,181.123363090432,181.123369269041,181.123403366959,"C11 H18 O2"
"X11437_NEG_14_202.050951879696",11437,"NEG",14,202.050973311443,202.050951879696,202.050966700889,"C11 H9 O3 N1"
"X11442_NEG_14_241.050619250887",11442,"NEG",14,241.050682704113,241.050619250887,241.050632348259,"C14 H10 O4"
"X11443_NEG_14_245.175804358452",11443,"NEG",14,245.175875461894,245.175804358452,245.175832863939,"C13 H26 O4"
"X11444_NEG_14_251.095819235089",11444,"NEG",14,251.095897367663,251.095819235089,251.095868464529,"C10 H20 O5 S1"
"X11447_NEG_14_269.08524135117",11447,"NEG",14,269.085329433678,269.08524135117,269.085303780499,"C13 H18 O4 S1"
"X11448_NEG_14_273.170689713719",11448,"NEG",14,273.170791047387,273.170689713719,273.170747483509,"C14 H26 O5"
"X11449_NEG_14_277.069283121556",11449,"NEG",14,277.069377976112,277.069283121556,277.069259792869,"C18 H14 O1 S1"
"X11450_NEG_14_283.064510900421",11450,"NEG",14,283.064620430101,283.064510900421,283.064568335609,"C13 H16 O5 S1"
"X11452_NEG_14_297.080178176885",11452,"NEG",14,297.08030007183,297.080178176885,297.080218400069,"C14 H18 O5 S1"
"X11453_NEG_14_299.09584642104",11453,"NEG",14,299.095972473204,299.09584642104,299.095868464529,"C14 H20 O5 S1"
"X11456_NEG_14_329.106456019019",11456,"NEG",14,329.106607309086,329.106456019019,329.106433148559,"C15 H22 O6 S1"
"X11457_NEG_14_331.139890521039",11457,"NEG",14,331.140052253583,331.139890521039,331.13984127776,"C15 H24 O8"
"X11459_NEG_14_351.217706078198",11459,"NEG",14,351.217881670026,351.217706078198,351.217697676889,"C20 H32 O5"
"X11460_NEG_14_357.101351797841",11460,"NEG",14,357.10152748426,357.101351797841,357.101347768129,"C16 H22 O7 S1"
"X11461_NEG_14_361.150467409752",11461,"NEG",14,361.150646552007,361.150467409752,361.150405961789,"C16 H26 O9"
"X11462_NEG_14_379.23376650014",11462,"NEG",14,379.233971442108,379.23376650014,379.233741664519,"C18 H36 O8"
"X11463_NEG_14_403.143298110718",11463,"NEG",14,403.143522320715,403.143298110718,403.143212581079,"C18 H28 O8 S1"
"X11464_NEG_14_429.13781023479",11464,"NEG",14,429.138062425958,429.13781023479,429.137733277479,"C23 H26 O6 S1"
"X11478_NEG_15_169.123380864257",11478,"NEG",15,169.123363740543,169.123380864257,169.123403366959,"C10 H18 O2"
"X11479_NEG_15_181.123364818831",11479,"NEG",15,181.123357901374,181.123364818831,181.123403366959,"C11 H18 O2"
"X11480_NEG_15_189.113201776307",11480,"NEG",15,189.113215497832,189.113201776307,189.113232606099,"C9 H18 O4"
"X11483_NEG_15_239.165233304408",11483,"NEG",15,239.165300447295,239.165233304408,239.165268179909,"C14 H24 O3"
"X11484_NEG_15_249.059074152868",11484,"NEG",15,249.059150105786,249.059074152868,249.059089032009,"C13 H14 O3 S1"
"X11485_NEG_15_265.111441282869",11485,"NEG",15,265.111533594871,265.111441282869,265.111518528989,"C11 H22 O5 S1"
"X11486_NEG_15_271.064498652491",11486,"NEG",15,271.06460179299,271.064498652491,271.064568335609,"C12 H16 O5 S1"
"X11490_NEG_15_287.186354837448",11490,"NEG",15,287.186472408201,287.186354837448,287.186397547969,"C15 H28 O5"
"X11491_NEG_15_297.080181183812",11491,"NEG",15,297.080309476858,297.080181183812,297.080218400069,"C14 H18 O5 S1"
"X11493_NEG_15_311.095855247421",11493,"NEG",15,311.095998570628,311.095855247421,311.095868464529,"C15 H20 O5 S1"
"X11494_NEG_15_313.111501564151",11494,"NEG",15,313.111646349773,313.111501564151,313.111518528989,"C15 H22 O5 S1"
"X11495_NEG_15_328.122427326914",11495,"NEG",15,328.122584985003,328.122427326914,328.122417565649,"C15 H23 O5 N1 S1"
"X11496_NEG_15_343.122048858017",11496,"NEG",15,343.122215870016,343.122048858017,343.122083213019,"C16 H24 O6 S1"
"X11497_NEG_15_371.117051482616",11497,"NEG",15,371.117245819065,371.117051482616,371.116997832589,"C17 H24 O7 S1"
"X11498_NEG_15_381.228294885758",11498,"NEG",15,381.228501017473,381.228294885758,381.228262360919,"C21 H34 O6"
"X11499_NEG_15_393.228284828238",11499,"NEG",15,393.228499063432,393.228284828238,393.228262360919,"C22 H34 O6"
"X11500_NEG_15_403.143259183582",11500,"NEG",15,403.14348383575,403.143259183582,403.143212581079,"C18 H28 O8 S1"
"X11501_NEG_15_403.197381725639",11501,"NEG",15,403.197603880395,403.197381725639,403.197356155169,"C19 H32 O9"
"X11502_NEG_15_437.275610564074",11502,"NEG",15,437.275858662323,437.275610564074,437.275606477469,"C21 H42 O9"
"X11503_NEG_15_447.187154891848",11503,"NEG",15,447.187421850635,447.187154891848,447.187185394309,"C20 H32 O11"
"X11508_NEG_16_221.121651769437",11508,"NEG",16,221.121696176522,221.121651769437,221.121689289849,"C10 H22 O3 S1"
"X11510_NEG_16_241.086981452377",11510,"NEG",16,241.087042180712,241.086981452377,241.087017857609,"C15 H14 O3"
"X11513_NEG_16_261.059049909871",11513,"NEG",16,261.059128655891,261.059049909871,261.059089032009,"C14 H14 O3 S1"
"X11517_NEG_16_279.127116289417",11517,"NEG",16,279.127216574499,279.127116289417,279.127168593449,"C12 H24 O5 S1"
"X11518_NEG_16_285.080168379688",11518,"NEG",16,285.080277003923,285.080168379688,285.080218400069,"C13 H18 O5 S1"
"X11519_NEG_16_297.08018808951",11519,"NEG",16,297.08030801507,297.08018808951,297.080218400069,"C14 H18 O5 S1"
"X11521_NEG_16_307.191492203182",11521,"NEG",16,307.191624481039,307.191492203182,307.191482928399,"C18 H28 O4"
"X11522_NEG_16_311.095858673142",11522,"NEG",16,311.09599192772,311.095858673142,311.095868464529,"C15 H20 O5 S1"
"X11523_NEG_16_313.111501719204",11523,"NEG",16,313.111637527671,313.111501719204,313.111518528989,"C15 H22 O5 S1"
"X11524_NEG_16_325.111542337308",11524,"NEG",16,325.11168844009,325.111542337308,325.111518528989,"C16 H22 O5 S1"
"X11525_NEG_16_327.127209407061",11525,"NEG",16,327.127358446673,327.127209407061,327.127168593449,"C16 H24 O5 S1"
"X11526_NEG_16_345.191869851577",11526,"NEG",16,345.19202754827,345.191869851577,345.191876851569,"C17 H30 O7"
"X11527_NEG_16_363.217727439004",11527,"NEG",16,363.217912616283,363.217727439004,363.217697676889,"C21 H32 O5"
"X11531_NEG_16_489.285782045321",11531,"NEG",16,489.286066666415,489.285782045321,489.285777238329,"C28 H42 O7"
"X11533_NEG_17_217.087001564811",11533,"NEG",17,217.087035999341,217.087001564811,217.087017857609,"C13 H14 O3"
"X11534_NEG_17_217.144512122019",11534,"NEG",17,217.144547703943,217.144512122019,217.144532735019,"C11 H22 O4"
"X11537_NEG_17_245.139399594765",11537,"NEG",17,245.13946204132,245.139399594765,245.139447354589,"C12 H22 O5"
"X11539_NEG_17_287.186375270847",11539,"NEG",17,287.186482243439,287.186375270847,287.186397547969,"C15 H28 O5"
"X11540_NEG_17_295.12206230755",11540,"NEG",17,295.122172919228,295.12206230755,295.122083213019,"C12 H24 O6 S1"
"X11541_NEG_17_297.131917343582",11541,"NEG",17,297.132032979045,297.131917343582,297.131860050709,"C19 H22 O1 S1"
"X11542_NEG_17_299.095845272668",11542,"NEG",17,299.095962748368,299.095845272668,299.095868464529,"C14 H20 O5 S1"
"X11543_NEG_17_311.095864756987",11543,"NEG",17,311.095994582309,311.095864756987,311.095868464529,"C15 H20 O5 S1"
"X11544_NEG_17_317.139524201276",11544,"NEG",17,317.139659823524,317.139524201276,317.139447354589,"C18 H22 O5"
"X11545_NEG_17_325.111524051972",11545,"NEG",17,325.111665313638,325.111524051972,325.111518528989,"C16 H22 O5 S1"
"X11546_NEG_17_327.127220126557",11546,"NEG",17,327.127365049567,327.127220126557,327.127168593449,"C16 H24 O5 S1"
"X11547_NEG_17_335.222841694592",11547,"NEG",17,335.222993887338,335.222841694592,335.222783057319,"C20 H32 O4"
"X11548_NEG_17_341.142778923212",11548,"NEG",17,341.142939291557,341.142778923212,341.142818657909,"C17 H26 O5 S1"
"X11549_NEG_17_355.212645317197",11549,"NEG",17,355.212815941326,355.212645317197,355.212612296459,"C19 H32 O6"
"X11550_NEG_17_359.207558224231",11550,"NEG",17,359.207737435545,359.207558224231,359.207526916029,"C18 H32 O7"
"X11555_NEG_17_443.082981646826",11555,"NEG",17,443.083235643707,443.082981646826,443.083114246689,"C18 H20 O13"
"X11560_NEG_18_217.144513716368",11560,"NEG",18,217.144542889252,217.144513716368,217.144532735019,"C11 H22 O4"
"X11561_NEG_18_247.133928678367",11561,"NEG",18,247.133985704611,247.133928678367,247.133968050989,"C15 H20 O3"
"X11563_NEG_18_313.111507912853",11563,"NEG",18,313.111640681384,313.111507912853,313.111518528989,"C15 H22 O5 S1"
"X11564_NEG_18_323.117006461937",11564,"NEG",18,323.117155293122,323.117006461937,323.116997832589,"C13 H24 O7 S1"
"X11566_NEG_18_325.11155867413",11566,"NEG",18,325.111706474008,325.11155867413,325.111518528989,"C16 H22 O5 S1"
"X11567_NEG_18_327.127203321305",11567,"NEG",18,327.127353722032,327.127203321305,327.127168593449,"C16 H24 O5 S1"
"X11568_NEG_18_341.142758627959",11568,"NEG",18,341.142918310484,341.142758627959,341.142818657909,"C17 H26 O5 S1"
"X11576_NEG_19_278.176103116188",11576,"NEG",19,278.176201153224,278.176103116188,278.176167216569,"C16 H25 O3 N1"
"X11578_NEG_19_327.127166180416",11578,"NEG",19,327.127343468615,327.127166180416,327.127168593449,"C16 H24 O5 S1"
"X11580_NEG_19_341.142727090197",11580,"NEG",19,341.142921749542,341.142727090197,341.142818657909,"C17 H26 O5 S1"
"X11582_NEG_19_401.19687241949",11582,"NEG",19,401.197165896249,401.19687241949,401.196962231999,"C23 H30 O6"
"X11589_NEG_20_341.14271638128",11589,"NEG",20,341.14291616475,341.14271638128,341.142818657909,"C17 H26 O5 S1"
"X11615_NEG_21_221.118297526329",11615,"NEG",21,221.118331393669,221.118297526329,221.118317986529,"C13 H18 O3"
"X11619_NEG_21_401.196861253536",11619,"NEG",21,401.197206287809,401.196861253536,401.196962231999,"C23 H30 O6"
"X11628_NEG_6_147.029924429117",11628,"NEG",6,147.029900174605,147.029924429117,147.029896903369,"C5 H8 O5"
"X11629_NEG_6_487.139889873695",11629,"NEG",6,487.139397458272,487.139889873695,487.139841277759,"C28 H24 O8"
"X11630_NEG_7_241.083023236039",11630,"NEG",7,241.083033701327,241.083023236039,241.082995105609,"C10 H14 O5 N2"
"X11633_NEG_9_231.087374099411",11633,"NEG",9,231.08742854382,231.087374099411,231.087411780779,"C10 H16 O6"
"X11634_NEG_9_300.181648841428",11634,"NEG",9,300.18175874795,300.181648841428,300.181646520169,"C15 H27 O5 N1"
"X11642_NEG_10_137.06083416351",11642,"NEG",10,137.060781459796,137.06083416351,137.060803109119,"C8 H10 O2"
"X11643_NEG_10_138.056088629788",11643,"NEG",10,138.056040654496,138.056088629788,138.056052081319,"C7 H9 O2 N1"
"X11644_NEG_10_166.050944079228",11644,"NEG",10,166.050913478024,166.050944079228,166.050966700889,"C8 H9 O3 N1"
"X11646_NEG_10_254.066970143152",11646,"NEG",10,254.067035131193,254.066970143152,254.067010688519,"C11 H13 O6 N1"
"X11649_NEG_11_153.092132506314",11649,"NEG",11,153.09210008132,153.092132506314,153.092103238039,"C9 H14 O2"
"X11650_NEG_11_166.05092341054",11650,"NEG",11,166.050902138169,166.05092341054,166.050966700889,"C8 H9 O3 N1"
"X11652_NEG_11_183.012115136608",11652,"NEG",11,183.012109958655,183.012115136608,183.012138838629,"C8 H8 O3 S1"
"X11653_NEG_11_252.087729887067",11653,"NEG",11,252.08779671124,252.087729887067,252.087746133409,"C12 H15 O5 N1"
"X11654_NEG_11_253.017598836844",11654,"NEG",11,253.017665150161,253.017598836844,253.017618142229,"C11 H10 O5 S1"
"X11655_NEG_11_254.996833446631",11655,"NEG",11,254.996901528483,254.996833446631,254.996882697339,"C10 H8 O6 S1"
"X11656_NEG_11_351.119753712464",11656,"NEG",11,351.119941254046,351.119753712464,351.119774538129,"C16 H20 O7 N2"
"X11658_NEG_12_172.097891209071",11658,"NEG",12,172.097880910391,172.097891209071,172.097916894269,"C8 H15 O3 N1"
"X11660_NEG_12_213.05907166171",11660,"NEG",12,213.059100177137,213.05907166171,213.059089032009,"C10 H14 O3 S1"
"X11663_NEG_12_252.087729604888",11663,"NEG",12,252.08779529994,252.087729604888,252.087746133409,"C12 H15 O5 N1"
"X11665_NEG_12_283.06455570275",11665,"NEG",12,283.064652536492,283.06455570275,283.064568335609,"C13 H16 O5 S1"
"X11670_NEG_13_129.092131932381",11670,"NEG",13,129.092083740506,129.092131932381,129.092103238039,"C7 H14 O2"
"X11671_NEG_13_207.06963362053",11671,"NEG",13,207.069656251762,207.06963362053,207.069653716039,"C8 H16 O4 S1"
"X11676_NEG_13_347.116994099791",11676,"NEG",13,347.117158956679,347.116994099791,347.116997832589,"C15 H24 O7 S1"
"X11677_NEG_13_349.202013751525",11677,"NEG",13,349.202187575127,349.202013751525,349.202047612429,"C20 H30 O5"
"X11681_NEG_14_169.123371176028",11681,"NEG",14,169.12335818701,169.123371176028,169.123403366959,"C10 H18 O2"
"X11683_NEG_14_179.107734141291",11683,"NEG",14,179.107724859744,179.107734141291,179.107753302499,"C11 H16 O2"
"X11684_NEG_14_239.056089446037",11684,"NEG",14,239.05614916144,239.056089446037,239.056111651859,"C11 H12 O6"
"X11685_NEG_14_303.144907975276",11685,"NEG",14,303.145039434132,303.144907975276,303.144926658189,"C14 H24 O7"
"X11687_NEG_14_331.12214775582",11687,"NEG",14,331.122300103341,331.12214775582,331.122083213019,"C15 H24 O6 S1"
"X11693_NEG_15_165.092057915338",11693,"NEG",15,165.09204142317,165.092057915338,165.092103238039,"C10 H14 O2"
"X11695_NEG_15_247.133919958671",11695,"NEG",15,247.133995197871,247.133919958671,247.133968050989,"C15 H20 O3"
"X11703_NEG_16_225.055700384454",11703,"NEG",16,225.055746490958,225.055700384454,225.055717728689,"C14 H10 O3"
"X11704_NEG_16_231.12377464458",11704,"NEG",16,231.12382876882,231.12377464458,231.123797290129,"C11 H20 O5"
"X11708_NEG_16_393.228301754718",11708,"NEG",16,393.228513529697,393.228301754718,393.228262360919,"C22 H34 O6"
"X11715_NEG_17_243.06962089447",11715,"NEG",17,243.069682145447,243.06962089447,243.069653716039,"C11 H16 O4 S1"
"X11718_NEG_17_313.202035437965",11718,"NEG",17,313.202166787585,313.202035437965,313.202047612429,"C17 H30 O5"
"X11719_NEG_17_315.217699440336",11719,"NEG",17,315.217831739532,315.217699440336,315.217697676889,"C17 H32 O5"
"X11720_NEG_17_327.163566840077",11720,"NEG",17,327.163711796156,327.163566840077,327.163554102799,"C17 H28 O4 S1"
"X11721_NEG_17_341.23332527956",11721,"NEG",17,341.233482922749,341.23332527956,341.233347741349,"C19 H34 O5"
"X11725_NEG_17_445.244309004889",11725,"NEG",17,445.244571674764,445.244309004889,445.244306348549,"C22 H38 O9"
"X11730_NEG_18_231.160164695928",11730,"NEG",18,231.160208038402,231.160164695928,231.160182799479,"C12 H24 O4"
"X11732_NEG_18_321.101399531902",11732,"NEG",18,321.10155106957,321.101399531902,321.101347768129,"C13 H22 O7 S1"
"X11740_NEG_19_217.144508066654",11740,"NEG",19,217.144540796456,217.144508066654,217.144532735019,"C11 H22 O4"
"X11741_NEG_19_277.184219891996",11741,"NEG",19,277.184313644758,277.184219891996,277.184289547689,"C14 H30 O3 S1"
"X11747_NEG_20_281.121646873199",11747,"NEG",20,281.121759693091,281.121646873199,281.121689289849,"C15 H22 O3 S1"
"X11773_NEG_6_138.019667579126",11773,"NEG",6,138.019657555825,138.019667579126,138.019666571969,"C6 H5 O3 N1"
"X11777_NEG_10_196.061540732657",11777,"NEG",10,196.061543949479,196.061540732657,196.061531384919,"C9 H11 O4 N1"
"X11780_NEG_10_252.087716084731",11780,"NEG",10,252.087778368013,252.087716084731,252.087746133409,"C12 H15 O5 N1"
"X11782_NEG_11_161.081905672213",11782,"NEG",11,161.081881224945,161.081905672213,161.081932477179,"C7 H14 O4"
"X11783_NEG_11_213.040485909238",11783,"NEG",11,213.040511419391,213.040485909238,213.040461587399,"C9 H10 O6"
"X11785_NEG_11_273.04378058868",11785,"NEG",11,273.04387035614,273.04378058868,273.043832890719,"C11 H14 O6 S1"
"X11787_NEG_11_299.023070580391",11787,"NEG",11,299.023187916696,299.023070580391,299.023097445829,"C12 H12 O7 S1"
"X11788_NEG_11_313.111550957759",11788,"NEG",11,313.111684980439,313.111550957759,313.111518528989,"C15 H22 O5 S1"
"X11789_NEG_11_340.103774072167",11789,"NEG",11,340.103945059629,340.103774072167,340.103790121039,"C15 H19 O8 N1"
"X11797_NEG_12_271.155055123814",11797,"NEG",12,271.155141534935,271.155055123814,271.155097419049,"C14 H24 O5"
"X11799_NEG_12_321.170804912289",11799,"NEG",12,321.170946016427,321.170804912289,321.170747483509,"C18 H26 O5"
"X11801_NEG_12_343.085670361433",11801,"NEG",12,343.085834722096,343.085670361433,343.085697703669,"C15 H20 O7 S1"
"X11807_NEG_14_227.08254643509",11807,"NEG",14,227.08259510322,227.08254643509,227.082601182439,"C13 H12 O2 N2"
"X11811_NEG_14_299.186376515943",11811,"NEG",14,299.186506159188,299.186376515943,299.186397547969,"C16 H28 O5"
"X11815_NEG_15_229.108118111714",11815,"NEG",15,229.108173872008,229.108118111714,229.108147225669,"C11 H18 O5"
"X11817_NEG_15_264.124067872161",11817,"NEG",15,264.12416366191,264.124067872161,264.124131642759,"C14 H19 O4 N1"
"X11819_NEG_15_309.101317719304",11819,"NEG",15,309.101453920035,309.101317719304,309.101347768129,"C12 H22 O7 S1"
"X11820_NEG_15_319.191492560726",11820,"NEG",15,319.191643902522,319.191492560726,319.191482928399,"C19 H28 O4"
"X11821_NEG_15_331.122106448587",11821,"NEG",15,331.122263762072,331.122106448587,331.122083213019,"C15 H24 O6 S1"
"X11823_NEG_15_411.14838022119",11823,"NEG",15,411.148607870169,411.14838022119,411.148297961509,"C20 H28 O7 S1"
"X11825_NEG_16_127.112852608712",11825,"NEG",16,127.112810269299,127.112852608712,127.112838682929,"C8 H16 O1"
"X11826_NEG_16_151.076476790163",11826,"NEG",16,151.076437257946,151.076476790163,151.076453173579,"C9 H12 O2"
"X11828_NEG_16_245.118282811846",11828,"NEG",16,245.118350318396,245.118282811846,245.118317986529,"C15 H18 O3"
"X11832_NEG_16_321.043796536231",11832,"NEG",16,321.043930758173,321.043796536231,321.043832890719,"C15 H14 O6 S1"
"X11833_NEG_16_343.176201667065",11833,"NEG",16,343.176368952635,343.176201667065,343.176226787109,"C17 H28 O7"
"X11834_NEG_16_369.228292615316",11834,"NEG",16,369.228482053289,369.228292615316,369.22826236092,"C20 H34 O6"
"X11835_NEG_16_375.217725350857",11835,"NEG",16,375.217919239151,375.217725350857,375.217697676889,"C22 H32 O5"
"X11836_NEG_16_381.2282997754",11836,"NEG",16,381.228499572945,381.2282997754,381.22826236092,"C21 H34 O6"
"X11843_NEG_17_307.191494016215",11843,"NEG",17,307.191618827297,307.191494016215,307.191482928399,"C18 H28 O4"
"X11846_NEG_17_369.228279171187",11846,"NEG",17,369.228465841278,369.228279171187,369.228262360919,"C20 H34 O6"
"X11861_NEG_18_247.137296139152",11861,"NEG",18,247.137364322999,247.137296139152,247.137339354309,"C12 H24 O3 S1"
"X11862_NEG_18_309.207127288807",11862,"NEG",18,309.20725703746,309.207127288807,309.207132992859,"C18 H30 O4"
"X11863_NEG_18_341.233318652489",11863,"NEG",18,341.233481671743,341.233318652489,341.233347741349,"C19 H34 O5"
"X11904_NEG_9_241.035361667918",11904,"NEG",9,241.035417720381,241.035361667918,241.035376206969,"C10 H10 O7"
"X11906_NEG_9_251.056095686675",11906,"NEG",9,251.05615911853,251.056095686675,251.056111651859,"C12 H12 O6"
"X11912_NEG_10_190.050939432075",11912,"NEG",10,190.050932180507,190.050939432075,190.050966700889,"C10 H9 O3 N1"
"X11913_NEG_10_194.045886788072",11913,"NEG",10,194.045885136023,194.045886788072,194.045881320459,"C9 H9 O4 N1"
"X11915_NEG_10_221.020368158242",11915,"NEG",10,221.020394543874,221.020368158242,221.020394847769,"C9 H6 O5 N2"
"X11917_NEG_10_240.087741042247",11917,"NEG",10,240.087789207199,240.087741042247,240.087746133409,"C11 H15 O5 N1"
"X11918_NEG_10_241.083000453946",11918,"NEG",10,241.083052535962,241.083000453946,241.082995105609,"C10 H14 O5 N2"
"X11928_NEG_10_458.203142401059",11928,"NEG",10,458.203481689243,458.203142401059,458.2031698114,"C21 H33 O10 N1"
"X11929_NEG_11_194.045888097319",11929,"NEG",11,194.045893467004,194.045888097319,194.045881320459,"C9 H9 O4 N1"
"X11930_NEG_11_196.061515470764",11930,"NEG",11,196.061523845794,196.061515470764,196.061531384919,"C9 H11 O4 N1"
"X11934_NEG_11_220.061520015093",11934,"NEG",11,220.061552250425,220.061520015093,220.061531384919,"C11 H11 O4 N1"
"X11935_NEG_11_236.056419429217",11935,"NEG",11,236.056468733144,236.056419429217,236.056446004489,"C11 H11 O5 N1"
"X11936_NEG_11_246.040790717232",11936,"NEG",11,246.040850614218,246.040790717232,246.040795940029,"C12 H9 O5 N1"
"X11937_NEG_11_254.066987007893",11937,"NEG",11,254.06705656251,254.066987007893,254.067010688519,"C11 H13 O6 N1"
"X11939_NEG_11_268.082608313531",11939,"NEG",11,268.082692504623,268.082608313531,268.082660752979,"C12 H15 O6 N1"
"X11942_NEG_11_279.108498441228",11942,"NEG",11,279.108594653275,279.108498441228,279.108541148839,"C11 H20 O8"
"X11944_NEG_11_287.149985107284",11944,"NEG",11,287.150090492761,287.149985107284,287.150012038619,"C14 H24 O6"
"X11959_NEG_12_163.076421649818",11959,"NEG",12,163.076399465417,163.076421649818,163.076453173579,"C10 H12 O2"
"X11971_NEG_12_259.155049551109",11971,"NEG",12,259.15512670533,259.155049551109,259.155097419049,"C13 H24 O5"
"X11975_NEG_12_287.059446498867",11975,"NEG",12,287.05954783479,287.059446498867,287.059482955179,"C12 H16 O6 S1"
"X11986_NEG_12_367.197373855028",11986,"NEG",12,367.19756648961,367.197373855028,367.197356155169,"C16 H32 O9"
"X12001_NEG_13_283.024776257414",12001,"NEG",13,283.024889146951,283.024776257414,283.024811522939,"C15 H8 O6"
"X12002_NEG_13_287.059445167501",12002,"NEG",13,287.059555151603,287.059445167501,287.059482955179,"C12 H16 O6 S1"
"X12004_NEG_13_297.080222898169",12004,"NEG",13,297.080339818885,297.080222898169,297.080218400069,"C14 H18 O5 S1"
"X12024_NEG_14_281.106374725641",12024,"NEG",14,281.106483300626,281.106374725641,281.106433148559,"C11 H22 O6 S1"
"X12026_NEG_14_287.113597039619",12026,"NEG",14,287.113711770859,287.113597039619,287.113626529269,"C13 H20 O7"
"X12035_NEG_14_469.244287122035",12035,"NEG",14,469.24456649376,469.244287122035,469.244306348549,"C24 H38 O9"
"X12046_NEG_15_207.139023424094",12046,"NEG",15,207.139050806185,207.139023424094,207.139053431419,"C13 H20 O2"
"X12054_NEG_15_327.217723174831",12054,"NEG",15,327.21788005747,327.217723174831,327.217697676889,"C18 H32 O5"
"X12057_NEG_15_333.207189887686",12057,"NEG",15,333.207351269386,333.207189887686,333.207132992859,"C20 H30 O4"
"X12058_NEG_15_363.217718264613",12058,"NEG",15,363.217908629138,363.217718264613,363.217697676889,"C21 H32 O5"
"X12063_NEG_16_231.102657560476",12063,"NEG",16,231.102711486638,231.102657560476,231.102667922069,"C14 H16 O3"
"X12065_NEG_16_255.066238509656",12065,"NEG",16,255.066316859533,255.066238509656,255.066282412719,"C15 H12 O4"
"X12066_NEG_16_313.165586811449",12066,"NEG",16,313.165721198422,313.165586811449,313.165662103079,"C16 H26 O6"
"X12069_NEG_16_343.212584320336",12069,"NEG",16,343.21274869532,343.212584320336,343.212612296458,"C18 H32 O6"
"X12071_NEG_16_357.228265122982",12071,"NEG",16,357.228444359446,357.228265122982,357.22826236092,"C19 H34 O6"
"X12073_NEG_16_389.233364197995",12073,"NEG",16,389.23357289431,389.233364197995,389.233347741349,"C23 H34 O5"
"X12074_NEG_16_399.238842722869",12074,"NEG",16,399.239058511053,399.238842722869,399.238827044949,"C21 H36 O7"
"X12075_NEG_16_407.243924493941",12075,"NEG",16,407.244148004976,407.243924493941,407.243912425379,"C23 H36 O6"
"X12076_NEG_16_437.254483852168",12076,"NEG",16,437.254731874964,437.254483852168,437.254477109409,"C24 H38 O7"
"X12078_NEG_16_475.270131654075",12078,"NEG",16,475.270404728765,475.270131654075,475.270127173869,"C27 H40 O7"
"X12080_NEG_16_501.285785841131",12080,"NEG",16,501.286073577884,501.285785841131,501.285777238329,"C29 H42 O7"
"X12081_NEG_16_503.301409819471",12081,"NEG",16,503.301700182939,503.301409819471,503.301427302789,"C29 H44 O7"
"X12083_NEG_16_519.296316298046",12083,"NEG",16,519.296612749303,519.296316298046,519.296341922359,"C29 H44 O8"
"X12091_NEG_17_263.165211307149",12091,"NEG",17,263.165291831003,263.165211307149,263.165268179909,"C16 H24 O3"
"X12092_NEG_17_285.170712934166",12092,"NEG",17,285.170813442565,285.170712934166,285.170747483509,"C15 H26 O5"
"X12094_NEG_17_309.207120586412",12094,"NEG",17,309.207244838942,309.207120586412,309.207132992859,"C18 H30 O4"
"X12095_NEG_17_321.207151177878",12095,"NEG",17,321.207289267256,321.207151177878,321.207132992859,"C19 H30 O4"
"X12097_NEG_17_361.202089416402",12097,"NEG",17,361.202268073191,361.202089416402,361.202047612429,"C21 H30 O5"
"X12099_NEG_17_371.243939493447",12099,"NEG",17,371.244125991822,371.243939493447,371.243912425379,"C20 H36 O6"
"X12100_NEG_17_375.217733765748",12100,"NEG",17,375.217927832461,375.217733765748,375.217697676889,"C22 H32 O5"
"X12101_NEG_17_381.22829409651",12101,"NEG",17,381.22849449023,381.22829409651,381.228262360919,"C21 H34 O6"
"X12102_NEG_17_419.243933697399",12102,"NEG",17,419.244165123927,419.243933697399,419.243912425379,"C24 H36 O6"
"X12103_NEG_17_433.259577093888",12103,"NEG",17,433.259828319293,433.259577093888,433.259562489839,"C25 H38 O6"
"X12104_NEG_17_445.259556946935",12104,"NEG",17,445.259821843403,445.259556946935,445.259562489839,"C26 H38 O6"
"X12105_NEG_17_487.270117613772",12105,"NEG",17,487.270412639724,487.270117613772,487.270127173869,"C28 H40 O7"
"X12106_NEG_17_489.285776758812",12106,"NEG",17,489.286077721418,489.285776758812,489.285777238329,"C28 H42 O7"
"X12115_NEG_18_297.170740879092",12115,"NEG",18,297.170856441692,297.170740879092,297.170747483509,"C16 H26 O5"
"X12117_NEG_18_327.217742988129",12117,"NEG",18,327.217890368799,327.217742988129,327.217697676889,"C18 H32 O5"
"X12123_NEG_18_489.285723156837",12123,"NEG",18,489.286081912676,489.285723156837,489.285777238329,"C28 H42 O7"
"X12129_NEG_19_251.165247174383",12129,"NEG",19,251.165312517757,251.165247174383,251.165268179909,"C15 H24 O3"
"X12147_NEG_20_607.476718126149",12147,"NEG",20,607.477563524166,607.476718126149,607.476555392,"C37 H68 O4 S1"
"X12171_NEG_9_217.071742119216",12171,"NEG",9,217.071779784764,217.071742119216,217.071761716319,"C9 H14 O6"
"X12172_NEG_9_358.187145186567",12172,"NEG",9,358.187311980525,358.187145186567,358.187125823769,"C17 H29 O7 N1"
"X12174_NEG_10_198.00440739574",12174,"NEG",10,198.004416378411,198.00440739574,198.004410430679,"C7 H5 O6 N1"
"X12176_NEG_10_222.040787022037",12176,"NEG",10,222.040818391294,222.040787022037,222.040795940029,"C10 H9 O5 N1"
"X12179_NEG_10_250.035679787257",12179,"NEG",10,250.035739875746,250.035679787257,250.035710559599,"C11 H9 O6 N1"
"X12188_NEG_11_218.04587981788",12188,"NEG",11,218.045911216466,218.04587981788,218.045881320459,"C11 H9 O4 N1"
"X12191_NEG_11_243.051014517314",12191,"NEG",11,243.051072052161,243.051014517314,243.051026271429,"C10 H12 O7"
"X12205_NEG_12_125.097208936017",12205,"NEG",12,125.097161251209,125.097208936017,125.097188618469,"C8 H14 O1"
"X12210_NEG_12_197.118300208761",12210,"NEG",12,197.118315380333,197.118300208761,197.118317986529,"C11 H18 O3"
"X12211_NEG_12_204.066628851113",12211,"NEG",12,204.066647433228,204.066628851113,204.066616765349,"C11 H11 O3 N1"
"X12214_NEG_12_238.035686465764",12214,"NEG",12,238.03573754371,238.035686465764,238.035710559599,"C10 H9 O6 N1"
"X12234_NEG_13_175.076426514815",12234,"NEG",13,175.076407035262,175.076426514815,175.076453173579,"C11 H12 O2"
"X12236_NEG_13_215.034961162236",12236,"NEG",13,215.034990160357,215.034961162236,215.034982283799,"C12 H8 O4"
"X12244_NEG_13_409.2231889786",12244,"NEG",13,409.223426634248,409.2231889786,409.223176980489,"C22 H34 O7"
"X12252_NEG_14_265.075066746581",12252,"NEG",14,265.075163362059,265.075066746581,265.075133019639,"C10 H18 O6 S1"
"X12255_NEG_14_287.186350551981",12255,"NEG",14,287.186468452182,287.186350551981,287.186397547969,"C15 H28 O5"
"X12257_NEG_14_317.175860143946",12257,"NEG",14,317.17600119677,317.175860143946,317.175832863939,"C19 H26 O4"
"X12264_NEG_15_189.092067661867",12264,"NEG",15,189.092072872457,189.092067661867,189.092103238039,"C12 H14 O2"
"X12268_NEG_15_369.228273277917",12268,"NEG",15,369.228468469739,369.228273277917,369.228262360919,"C20 H34 O6"
"X12269_NEG_15_375.217713303238",12269,"NEG",15,375.217914198827,375.217713303238,375.217697676889,"C22 H32 O5"
"X12270_NEG_15_419.243926232367",12270,"NEG",15,419.244158067307,419.243926232367,419.243912425379,"C24 H36 O6"
"X12286_NEG_17_245.118300726061",12286,"NEG",17,245.118361930653,245.118300726061,245.118317986529,"C15 H18 O3"
"X12292_NEG_17_339.217679194269",12292,"NEG",17,339.217834268783,339.217679194269,339.217697676889,"C19 H32 O5"
"X12307_NEG_18_331.191511441854",12307,"NEG",18,331.191662223845,331.191511441854,331.191482928399,"C20 H28 O4"
"X12308_NEG_18_335.222821529512",12308,"NEG",18,335.22297840642,335.222821529512,335.222783057319,"C20 H32 O4"
"X12316_NEG_19_239.165257207341",12316,"NEG",19,239.165307518884,239.165257207341,239.165268179909,"C14 H24 O3"
"X12322_NEG_19_331.191493735918",12322,"NEG",19,331.1916772515,331.191493735918,331.191482928399,"C20 H28 O4"
"X12355_NEG_10_226.07209657698",12355,"NEG",10,226.072129541734,226.07209657698,226.072096068949,"C10 H13 O5 N1"
"X12361_NEG_11_188.03532496566",12361,"NEG",11,188.035326318907,188.03532496566,188.035316636429,"C10 H7 O3 N1"
"X12367_NEG_11_240.087721190312",12367,"NEG",11,240.087775481751,240.087721190312,240.087746133409,"C11 H15 O5 N1"
"X12368_NEG_11_248.020038562244",12368,"NEG",11,248.020101868376,248.020038562244,248.020060495139,"C11 H7 O6 N1"
"X12369_NEG_11_266.10334179416",12369,"NEG",11,266.103426214872,266.10334179416,266.103396197869,"C13 H17 O5 N1"
"X12372_NEG_11_294.098284737016",12372,"NEG",11,294.098400520181,294.098284737016,294.098310817439,"C14 H17 O6 N1"
"X12374_NEG_11_337.16572141856",12374,"NEG",11,337.165891068735,337.16572141856,337.165662103079,"C18 H26 O6"
"X12376_NEG_11_409.18678961367",12376,"NEG",11,409.187048758434,409.18678961367,409.186791471139,"C21 H30 O8"
"X12381_NEG_12_204.030206674422",12381,"NEG",12,204.03022932491,204.030206674422,204.030231255999,"C10 H7 O4 N1"
"X12384_NEG_12_285.170715237174",12384,"NEG",12,285.170816718773,285.170715237174,285.170747483509,"C15 H26 O5"
"X12388_NEG_12_347.171131828339",12388,"NEG",12,347.171301662065,347.171131828339,347.171141406679,"C16 H28 O8"
"X12398_NEG_13_361.223182827136",12398,"NEG",13,361.223372510103,361.223182827136,361.223176980489,"C18 H34 O7"
"X12408_NEG_14_361.202087247242",12408,"NEG",14,361.20227357301,361.202087247242,361.202047612429,"C21 H30 O5"
"X12409_NEG_14_405.228264852926",12409,"NEG",14,405.228488905661,405.228264852926,405.228262360919,"C23 H34 O6"
"X12415_NEG_15_325.202066053608",12415,"NEG",15,325.202223996382,325.202066053608,325.202047612429,"C18 H30 O5"
"X12425_NEG_16_219.139026385585",12425,"NEG",16,219.139066274304,219.139026385585,219.139053431419,"C14 H20 O2"
"X12427_NEG_16_313.147873270946",12427,"NEG",16,313.148013630012,313.147873270946,313.147904038339,"C16 H26 O4 S1"
"X12428_NEG_16_354.117022745929",12428,"NEG",16,354.117199323197,354.117022745929,354.116938262049,"C20 H21 O3 N1 S1"
"X12430_NEG_16_387.217750299764",12430,"NEG",16,387.217957310057,387.217750299764,387.217697676889,"C23 H32 O5"
"X12431_NEG_16_429.249402218279",12431,"NEG",16,429.249645678,429.249402218279,429.249391728979,"C22 H38 O8"
"X12432_NEG_16_471.259949411516",12432,"NEG",16,471.260226340095,471.259949411516,471.25995641301,"C24 H40 O9"
"X12441_NEG_17_303.1602003497",12441,"NEG",17,303.160322378469,303.1602003497,303.160182799479,"C18 H24 O4"
"X12445_NEG_17_389.23338494878",12445,"NEG",17,389.233592141648,389.23338494878,389.233347741349,"C23 H34 O5"
"X12450_NEG_18_239.165242453649",12450,"NEG",18,239.165293704099,239.165242453649,239.165268179909,"C14 H24 O3"
"X12453_NEG_18_275.128821022181",12453,"NEG",18,275.128905988807,275.128821022181,275.128882670559,"C16 H20 O4"
"X12461_NEG_19_253.180884368817",12461,"NEG",19,253.180948923339,253.180884368817,253.180918244369,"C15 H26 O3"
"X12481_NEG_9_215.092500285564",12481,"NEG",9,215.092522774314,215.092500285564,215.092497161209,"C10 H16 O5"
"X12494_NEG_10_208.061502307407",12494,"NEG",10,208.061515449369,208.061502307407,208.061531384919,"C10 H11 O4 N1"
"X12495_NEG_10_212.020042800966",12495,"NEG",10,212.020066487686,212.020042800966,212.020060495139,"C8 H7 O6 N1"
"X12496_NEG_10_222.077180318438",12496,"NEG",10,222.077208236194,222.077180318438,222.077181449379,"C11 H13 O4 N1"
"X12502_NEG_10_264.051323956083",12502,"NEG",10,264.051401653894,264.051323956083,264.051360624059,"C12 H11 O6 N1"
"X12503_NEG_10_268.082624195406",12503,"NEG",10,268.082706622438,268.082624195406,268.082660752979,"C12 H15 O6 N1"
"X12506_NEG_10_284.077556682694",12506,"NEG",10,284.077659245744,284.077556682694,284.077575372549,"C12 H15 O7 N1"
"X12512_NEG_10_296.077564802459",12512,"NEG",10,296.077682354165,296.077564802459,296.077575372549,"C13 H15 O7 N1"
"X12515_NEG_11_163.076409951067",12515,"NEG",11,163.07638567957,163.076409951067,163.076453173579,"C10 H12 O2"
"X12520_NEG_11_222.040799561445",12520,"NEG",11,222.040834362605,222.040799561445,222.040795940029,"C10 H9 O5 N1"
"X12521_NEG_11_222.077159746919",12521,"NEG",11,222.077194671988,222.077159746919,222.077181449379,"C11 H13 O4 N1"
"X12522_NEG_11_229.050618451807",12522,"NEG",11,229.05066448518,229.050618451807,229.050632348259,"C13 H10 O4"
"X12528_NEG_11_266.066947482079",12528,"NEG",11,266.067030851703,266.066947482079,266.067010688519,"C12 H13 O6 N1"
"X12530_NEG_11_278.066974831224",12530,"NEG",11,278.067072111297,278.066974831224,278.067010688519,"C13 H13 O6 N1"
"X12531_NEG_11_282.098271389517",12531,"NEG",11,282.098372814005,282.098271389517,282.098310817439,"C13 H17 O6 N1"
"X12532_NEG_11_292.082659497597",12532,"NEG",11,292.082772237364,292.082659497597,292.082660752979,"C14 H15 O6 N1"
"X12540_NEG_11_347.134740642629",12540,"NEG",11,347.134913985746,347.134740642629,347.134755897329,"C15 H24 O9"
"X12551_NEG_12_266.103337391354",12551,"NEG",12,266.103417441875,266.103337391354,266.103396197869,"C13 H17 O5 N1"
"X12555_NEG_12_273.043784834138",12555,"NEG",12,273.04387295459,273.043784834138,273.043832890719,"C11 H14 O6 S1"
"X12571_NEG_13_193.123402218689",12571,"NEG",13,193.123404765087,193.123402218689,193.123403366959,"C12 H18 O2"
"X12576_NEG_13_299.059444661912",12576,"NEG",13,299.059569502048,299.059444661912,299.059482955179,"C13 H16 O6 S1"
"X12581_NEG_13_433.223176419547",12581,"NEG",13,433.223434225171,433.223176419547,433.223176980489,"C24 H34 O7"
"X12586_NEG_14_328.122444352847",12586,"NEG",14,328.122596992265,328.122444352847,328.122417565649,"C15 H23 O5 N1 S1"
"X12587_NEG_14_393.228269608698",12587,"NEG",14,393.228481213181,393.228269608698,393.228262360919,"C22 H34 O6"
"X12606_NEG_16_321.207150580836",12606,"NEG",16,321.207304474603,321.207150580836,321.207132992859,"C19 H30 O4"
"X12610_NEG_16_515.301401519221",12610,"NEG",16,515.301705370229,515.301401519221,515.301427302788,"C30 H44 O7"
"X12618_NEG_17_363.217731228652",12618,"NEG",17,363.217912251867,363.217731228652,363.217697676889,"C21 H32 O5"
"X12625_NEG_18_295.191472670298",12625,"NEG",18,295.191585990369,295.191472670298,295.191482928399,"C17 H28 O4"
"X12626_NEG_18_335.186459241795",12626,"NEG",18,335.186619063193,335.186459241795,335.186397547969,"C19 H28 O5"
"X12642_NEG_20_727.452011728194",12642,"NEG",20,727.453193064069,727.452011728194,727.452054720619,"C53 H60 O2"
"X12661_NEG_9_201.040448587821",12661,"NEG",9,201.040472863965,201.040448587821,201.040461587399,"C8 H10 O6"
"X12675_NEG_10_170.975735772647",12675,"NEG",10,170.975709778465,170.975735772647,170.975753329279,"C6 H4 O4 S1"
"X12677_NEG_10_191.046217231593",12677,"NEG",10,191.046211556326,191.046217231593,191.046215673089,"C9 H8 O3 N2"
"X12678_NEG_10_196.025165224459",12678,"NEG",10,196.025171766968,196.025165224459,196.025145875569,"C8 H7 O5 N1"
"X12680_NEG_10_206.045869598671",12680,"NEG",10,206.045882438657,206.045869598671,206.045881320459,"C10 H9 O4 N1"
"X12684_NEG_10_248.056417971441",12684,"NEG",10,248.056476883119,248.056417971441,248.056446004489,"C12 H11 O5 N1"
"X12687_NEG_10_266.066981181019",12687,"NEG",10,266.067061948476,266.066981181019,266.067010688519,"C12 H13 O6 N1"
"X12695_NEG_10_308.077576277556",12695,"NEG",10,308.077710984176,308.077576277556,308.077575372549,"C14 H15 O7 N1"
"X12696_NEG_10_310.093218197274",12696,"NEG",10,310.093353432993,310.093218197274,310.093225437009,"C14 H17 O7 N1"
"X12702_NEG_11_248.056403478725",12702,"NEG",11,248.05646678027,248.056403478725,248.056446004489,"C12 H11 O5 N1"
"X12707_NEG_11_323.124893635619",12707,"NEG",11,323.12504467273,323.124893635619,323.124859918559,"C15 H20 O6 N2"
"X12748_NEG_15_411.238844519782",12748,"NEG",15,411.239072074364,411.238844519782,411.238827044949,"C22 H36 O7"
"X12750_NEG_15_487.270182308263",12750,"NEG",15,487.27045359124,487.270182308263,487.270127173869,"C28 H40 O7"
"X12761_NEG_17_397.223204242068",12761,"NEG",17,397.223416445527,397.223204242068,397.223176980489,"C21 H34 O7"
"X12762_NEG_17_411.23885819592",12762,"NEG",17,411.23908485177,411.23885819592,411.238827044949,"C22 H36 O7"
"X12763_NEG_17_501.285753361738",12763,"NEG",17,501.28606160572,501.285753361738,501.285777238329,"C29 H42 O7"
"X12766_NEG_18_363.217766206685",12766,"NEG",18,363.217959558699,363.217766206685,363.217697676889,"C21 H32 O5"
"X12801_NEG_10_192.030250390608",12801,"NEG",10,192.030245195182,192.030250390608,192.030231255999,"C9 H7 O4 N1"
"X12802_NEG_10_220.061524798608",12802,"NEG",10,220.061550202618,220.061524798608,220.061531384919,"C11 H11 O4 N1"
"X12803_NEG_10_228.08772454802",12803,"NEG",10,228.08775899499,228.08772454802,228.087746133409,"C10 H15 O5 N1"
"X12813_NEG_11_231.033253095217",12813,"NEG",11,231.033299175039,231.033253095217,231.033268206689,"C9 H12 O5 S1"
"X12816_NEG_11_270.0982526294",12816,"NEG",11,270.098340452704,270.0982526294,270.098310817439,"C12 H17 O6 N1"
"X12819_NEG_11_294.061935597116",12819,"NEG",11,294.062051822024,294.061935597116,294.061925308089,"C13 H13 O7 N1"
"X12846_NEG_13_341.196924791579",12846,"NEG",13,341.197096943722,341.196924791579,341.196962231999,"C18 H30 O6"
"X12853_NEG_14_373.202079485837",12853,"NEG",14,373.202275682139,373.202079485837,373.202047612429,"C22 H30 O5"
"X12865_NEG_15_307.191451508993",12865,"NEG",15,307.191595810772,307.191451508993,307.191482928399,"C18 H28 O4"
"X12868_NEG_15_535.291226092707",12868,"NEG",15,535.29151393371,535.291226092707,535.291256541929,"C29 H44 O9"
"X12870_NEG_16_401.254518885143",12870,"NEG",16,401.254736024699,401.254518885143,401.254477109409,"C21 H38 O7"
"X12871_NEG_16_443.243935605645",12871,"NEG",16,443.244184316423,443.243935605645,443.243912425379,"C26 H36 O6"
"X12877_NEG_17_515.301363606455",12877,"NEG",17,515.301686088843,515.301363606455,515.301427302788,"C30 H44 O7"
"X12911_NEG_11_208.061519781643",12911,"NEG",11,208.061539891208,208.061519781643,208.061531384919,"C10 H11 O4 N1"
"X12912_NEG_11_262.03568543031",12912,"NEG",11,262.035764562931,262.03568543031,262.035710559599,"C12 H9 O6 N1"
"X12913_NEG_11_264.051318278427",12913,"NEG",11,264.051399275744,264.051318278427,264.051360624059,"C12 H11 O6 N1"
"X12918_NEG_11_290.030595111224",12918,"NEG",11,290.030706001585,290.030595111224,290.030625179169,"C13 H9 O7 N1"
"X12919_NEG_11_306.061941759881",12919,"NEG",11,306.062072770198,306.061941759881,306.061925308089,"C14 H13 O7 N1"
"X12928_NEG_12_292.082636863004",12928,"NEG",12,292.082745317024,292.082636863004,292.082660752979,"C14 H15 O6 N1"
"X12929_NEG_12_315.181338967384",12929,"NEG",12,315.181473508483,315.181338967384,315.181312167539,"C16 H28 O6"
"X12930_NEG_12_317.114322172541",12930,"NEG",12,317.114458326456,317.114322172541,317.114295234529,"C16 H18 O5 N2"
"X12933_NEG_12_333.155550548859",12933,"NEG",12,333.155704822102,333.155550548859,333.155491342219,"C15 H26 O8"
"X12934_NEG_12_361.150441289882",12934,"NEG",12,361.150626750522,361.150441289882,361.150405961788,"C16 H26 O9"
"X12946_NEG_14_301.202033912111",12946,"NEG",14,301.20216806588,301.202033912111,301.202047612429,"C16 H30 O5"
"X12948_NEG_14_457.244334180791",12948,"NEG",14,457.244603097538,457.244334180791,457.244306348549,"C23 H38 O9"
"X12958_NEG_16_455.228658497345",12958,"NEG",16,455.228923097943,455.228658497345,455.228656284089,"C23 H36 O9"
"X12995_NEG_9_265.071703378131",12995,"NEG",9,265.071779643128,265.071703378131,265.071761716319,"C13 H14 O6"
"X12999_NEG_10_210.077175387316",12999,"NEG",10,210.077190299954,210.077175387316,210.077181449379,"C10 H13 O4 N1"
"X13000_NEG_10_236.056428858881",13000,"NEG",10,236.056472547227,236.056428858881,236.056446004489,"C11 H11 O5 N1"
"X13001_NEG_10_294.06190832059",13001,"NEG",10,294.062022940713,294.06190832059,294.061925308089,"C13 H13 O7 N1"
"X13008_NEG_11_333.119155103397",13008,"NEG",11,333.119313539455,333.119155103397,333.119105832869,"C14 H22 O9"
"X13017_NEG_12_403.19737311579",13017,"NEG",12,403.197608485552,403.19737311579,403.197356155169,"C19 H32 O9"
"X13032_NEG_16_401.233380408607",13032,"NEG",16,401.233601192724,401.233380408607,401.233347741349,"C24 H34 O5"
"X13036_NEG_17_443.243910955769",13036,"NEG",17,443.244170680143,443.243910955769,443.243912425379,"C26 H36 O6"
"X13075_NEG_10_232.025137906412",13075,"NEG",10,232.025176990359,232.025137906412,232.025145875569,"C11 H7 O5 N1"
"X13076_NEG_10_289.129258814935",13076,"NEG",10,289.129367273961,289.129258814935,289.129276593729,"C13 H22 O7"
"X13077_NEG_10_292.046255667596",13077,"NEG",10,292.046368645862,292.046255667596,292.046275243629,"C13 H11 O7 N1"
"X13078_NEG_10_298.093225938476",13078,"NEG",10,298.09334684044,298.093225938476,298.093225437009,"C13 H17 O7 N1"
"X13082_NEG_11_250.072068042702",13082,"NEG",11,250.072133444647,250.072068042702,250.072096068949,"C12 H13 O5 N1"
"X13083_NEG_11_274.035661584922",13083,"NEG",11,274.03575409936,274.035661584922,274.035710559599,"C13 H9 O6 N1"
"X13084_NEG_11_276.05132212569",13084,"NEG",11,276.051417124848,276.05132212569,276.051360624059,"C13 H11 O6 N1"
"X13086_NEG_11_305.077899642856",13086,"NEG",11,305.078027103181,305.077899642856,305.077909725179,"C14 H14 O6 N2"
"X13092_NEG_12_222.077177338332",13092,"NEG",12,222.077213602899,222.077177338332,222.077181449379,"C11 H13 O4 N1"
"X13093_NEG_12_280.082607885619",13093,"NEG",12,280.082703546307,280.082607885619,280.082660752979,"C13 H15 O6 N1"
"X13111_NEG_14_269.045507950417",13111,"NEG",14,269.045602824662,269.045507950417,269.045546967829,"C15 H10 O5"
"X13114_NEG_14_311.186366733423",13114,"NEG",14,311.18650696484,311.186366733423,311.186397547969,"C17 H28 O5"
"X13125_NEG_16_385.186814742797",13125,"NEG",16,385.18701955388,385.186814742797,385.186791471139,"C19 H30 O8"
"X13138_NEG_18_305.175838972572",13138,"NEG",18,305.175961991507,305.175838972572,305.175832863939,"C18 H26 O4"
"X13162_NEG_4_191.019749660859",13162,"NEG",4,191.019724047443,191.019749660859,191.019726142509,"C6 H8 O7"
"X13164_NEG_6_93.0345740090358",13164,"NEG",6,93.0346154810488,93.0345740090358,93.0345883606291,"C6 H6 O1"
"X13166_NEG_6_116.03532303002",13166,"NEG",6,116.035345805737,116.03532303002,116.035316636429,"C4 H7 O3 N1"
"X13181_NEG_11_236.092820132837",13181,"NEG",11,236.092872783927,236.092820132837,236.092831513839,"C12 H15 O4 N1"
"X13183_NEG_11_310.093229289955",13183,"NEG",11,310.093365123418,310.093229289955,310.093225437009,"C14 H17 O7 N1"
"X13188_NEG_12_220.061506673689",13188,"NEG",12,220.061541014816,220.061506673689,220.061531384919,"C11 H11 O4 N1"
"X13214_NEG_14_319.191510101326",13214,"NEG",14,319.191663556624,319.191510101326,319.191482928399,"C19 H28 O4"
"X13226_NEG_15_479.265081388347",13226,"NEG",15,479.265347797094,479.265081388347,479.265041793439,"C26 H40 O8"
"X13227_NEG_15_519.296342085626",13227,"NEG",15,519.296628734969,519.296342085626,519.296341922359,"C29 H44 O8"
"X13241_NEG_17_499.270123267852",13241,"NEG",17,499.27042416137,499.270123267852,499.270127173869,"C29 H40 O7"
"X13250_NEG_18_307.19150311158",13250,"NEG",18,307.191631639886,307.19150311158,307.191482928399,"C18 H28 O4"
"X13251_NEG_18_319.191516470415",13251,"NEG",18,319.191658280201,319.191516470415,319.191482928399,"C19 H28 O4"
"X13267_NEG_5_99.0451352691308",13267,"NEG",5,99.0451711012551,99.0451352691308,99.045153044659,"C5 H8 O2"
"X13280_NEG_12_375.166082151924",13280,"NEG",12,375.166283652153,375.166082151924,375.16605602625,"C17 H28 O9"
"X13292_NEG_14_281.175798810667",13292,"NEG",14,281.175907304052,281.175798810667,281.175832863939,"C16 H26 O4"
"X13299_NEG_15_403.233751976328",13299,"NEG",15,403.233976410883,403.233751976328,403.233741664519,"C20 H36 O8"
"X13306_NEG_16_335.222814068675",13306,"NEG",16,335.222984305127,335.222814068675,335.222783057319,"C20 H32 O4"
"X13308_NEG_16_433.259558406135",13308,"NEG",16,433.259804323444,433.259558406135,433.259562489839,"C25 H38 O6"
"X13309_NEG_16_467.26502170559",13309,"NEG",16,467.265298559694,467.26502170559,467.265041793439,"C25 H40 O8"
"X13310_NEG_17_359.186419492942",13310,"NEG",17,359.186596583321,359.186419492942,359.186397547969,"C21 H28 O5"
"X13335_NEG_10_219.04113353319",13335,"NEG",10,219.041158882082,219.04113353319,219.041130292659,"C10 H8 O4 N2"
"X13340_NEG_11_375.129775878101",13340,"NEG",11,375.129982170356,375.129775878101,375.1296705169,"C16 H24 O10"
"X13352_NEG_15_359.171153336259",13352,"NEG",15,359.17134150836,359.171153336259,359.171141406679,"C17 H28 O8"
"X13360_NEG_16_455.265068455346",13360,"NEG",16,455.265333607783,455.265068455346,455.265041793439,"C24 H40 O8"
"X13480_NEG_14_439.030661389812",13480,"NEG",14,439.030906907722,439.030661389812,439.030684749709,"C21 H12 O11"
"X13526_NEG_13_355.009559004404",13526,"NEG",13,355.009741783892,355.009559004404,355.009555381649,"C17 H8 O9"
"X13535_NEG_14_327.014681027195",13535,"NEG",14,327.014844359727,327.014681027195,327.014640762079,"C16 H8 O8"
"X13580_NEG_10_495.114342297631",13580,"NEG",10,495.114727398107,495.114342297631,495.114414375609,"C22 H24 O13"
"X13657_NEG_13_311.019717287987",13657,"NEG",13,311.019860962125,311.019717287987,311.019726142509,"C16 H8 O7"
"X13701_NEG_14_437.05142706985",13701,"NEG",14,437.051677942215,437.05142706985,437.051420194599,"C22 H14 O10"
"X13746_NEG_15_311.092510041671",13746,"NEG",15,311.092658764617,311.092510041671,311.092497161209,"C18 H16 O5"
"X13802_NEG_16_427.197361291105",13802,"NEG",16,427.197597657649,427.197361291105,427.197356155169,"C21 H32 O9"
"X13805_NEG_16_495.259939469881",13805,"NEG",16,495.260223387906,495.259939469881,495.259956413009,"C26 H40 O9"
"X13806_NEG_16_497.181728876316",13806,"NEG",16,497.182014124175,497.181728876316,497.181706090709,"C27 H30 O9"
"X13821_NEG_17_373.202071299337",13821,"NEG",17,373.202262889049,373.202071299337,373.202047612429,"C22 H30 O5"
"X13943_NEG_14_323.056134340955",13943,"NEG",14,323.056294194779,323.056134340955,323.056111651859,"C18 H12 O6"
"X13946_NEG_14_357.170738422694",13946,"NEG",14,357.170924691739,357.170738422694,357.170747483509,"C21 H26 O5"
"X13947_NEG_14_365.030313695189",13947,"NEG",14,365.030512278283,365.030313695189,365.030290826539,"C19 H10 O8"
"X13948_NEG_14_379.045969709758",13948,"NEG",14,379.046180609747,379.045969709758,379.045940890999,"C20 H12 O8"
"X13957_NEG_14_481.150415254686",13957,"NEG",14,481.15069309407,481.150415254686,481.150405961789,"C26 H26 O9"
"X13982_NEG_15_469.113968626716",13982,"NEG",15,469.114223389775,469.113968626716,469.114020452439,"C24 H22 O10"
"X14137_NEG_14_373.150437268401",14137,"NEG",14,373.150638485995,373.150437268401,373.150405961788,"C17 H26 O9"
"X14163_NEG_15_497.239212743498",14163,"NEG",15,497.239490089256,497.239212743498,497.23922096812,"C25 H38 O10"
"X14249_NEG_15_327.014692671299",14249,"NEG",15,327.014850593191,327.014692671299,327.014640762079,"C16 H8 O8"
"X14423_NEG_16_441.21302409304",14423,"NEG",16,441.213275388578,441.21302409304,441.213006219629,"C22 H34 O9"
"X14511_NEG_14_283.024762863266",14511,"NEG",14,283.024880782015,283.024762863266,283.024811522939,"C15 H8 O6"
"X14558_NEG_15_395.040875209692",14558,"NEG",15,395.041090549551,395.040875209692,395.040855510569,"C20 H12 O9"
"X14565_NEG_15_467.134776094464",14565,"NEG",15,467.135030068084,467.134776094464,467.134755897329,"C25 H24 O9"
"X14615_NEG_17_401.196967279884",14615,"NEG",17,401.197180451143,401.196967279884,401.196962231999,"C23 H30 O6"
"X14741_NEG_16_437.160577223078",14741,"NEG",16,437.160821476548,437.160577223078,437.160576722649,"C25 H26 O7"
"X14747_NEG_16_517.317016913984",14747,"NEG",16,517.317326057863,517.317016913984,517.317077367249,"C30 H46 O7"
"X14894_NEG_17_357.170759847046",14894,"NEG",17,357.170934394919,357.170759847046,357.170747483509,"C21 H26 O5"
"X14896_NEG_17_401.233345360314",14896,"NEG",17,401.233560564441,401.233345360314,401.233347741349,"C24 H34 O5"
"X15020_NEG_15_443.192276187626",15020,"NEG",15,443.19252728655,443.192276187626,443.19227077474,"C21 H32 O10"
"X15031_NEG_16_507.187160565633",15031,"NEG",16,507.187486613247,507.187160565633,507.187185394309,"C25 H32 O11"
"X15072_NEG_11_173.024397284722",15072,"NEG",11,173.024382700335,173.024397284722,173.024417599769,"C10 H6 O3"
"X15119_NEG_15_457.207936737618",15119,"NEG",15,457.208196399296,457.207936737618,457.207920839199,"C22 H34 O10"
"X15162_NEG_11_308.077569654006",15162,"NEG",11,308.077699559788,308.077569654006,308.077575372549,"C14 H15 O7 N1"
"X15221_NEG_15_427.212620627429",15221,"NEG",15,427.212854411525,427.212620627429,427.212612296459,"C25 H32 O6"
"X15235_NEG_16_509.202749569957",15235,"NEG",16,509.203077668246,509.202749569957,509.202835458769,"C25 H34 O11"
"X15243_NEG_18_297.134383971508",15243,"NEG",18,297.134497257202,297.134383971508,297.134361974159,"C15 H22 O6"
"X15277_NEG_12_241.994217158303",15277,"NEG",12,241.99427991561,241.994217158303,241.994239669819,"C8 H5 O8 N1"
"X15418_NEG_9_368.1690713786",15418,"NEG",9,368.169251764354,368.1690713786,368.168973835859,"C22 H27 O2 N1 S1"
"X15435_NEG_13_267.029831484458",15435,"NEG",13,267.029927574668,267.029831484458,267.029896903369,"C15 H8 O5"
"X15444_NEG_14_267.029822150788",15444,"NEG",14,267.029922158272,267.029822150788,267.029896903369,"C15 H8 O5"
"X15511_NEG_14_304.14014938356",15511,"NEG",14,304.140283952621,304.14014938356,304.140175630389,"C13 H23 O7 N1"
"X15512_NEG_14_349.035363039262",15512,"NEG",14,349.035547143794,349.035363039262,349.035376206969,"C19 H10 O7"
"X15514_NEG_14_377.03029454697",15514,"NEG",14,377.030504175411,377.03029454697,377.030290826539,"C20 H10 O8"
"X15524_NEG_15_345.191856211226",15524,"NEG",15,345.19203129941,345.191856211226,345.191876851569,"C17 H30 O7"
"X15525_NEG_15_401.181747361706",15525,"NEG",15,401.18196826866,401.181747361706,401.181706090709,"C19 H30 O9"
"X15538_NEG_17_383.243954423227",15538,"NEG",17,383.244154431313,383.243954423227,383.243912425379,"C21 H36 O6"
"X15546_NEG_18_351.217693570163",15546,"NEG",18,351.217873468848,351.217693570163,351.217697676889,"C20 H32 O5"
"X15599_NEG_19_283.100928648944",15599,"NEG",19,283.101033780851,283.100928648944,283.100953844959,"C14 H20 O4 S1"
"X15607_NEG_12_489.139681847092",15607,"NEG",12,489.14002803568,489.139681847092,489.139583752249,"C16 H30 O13 N2 S1"
"X15632_NEG_14_193.025466925202",15632,"NEG",14,193.025476187644,193.025466925202,193.025480228199,"C8 H6 O4 N2"
"X15664_NEG_13_305.07004036007",15664,"NEG",13,305.070173433737,305.07004036007,305.070047639209,"C12 H18 O7 S1"
"X15712_NEG_5_209.009198654171",15712,"NEG",5,209.009171423876,209.009198654171,209.009161458479,"C9 H6 O6"
"X15713_NEG_6_209.009204139154",15713,"NEG",6,209.009176368706,209.009204139154,209.009161458479,"C9 H6 O6"
"X15715_NEG_8_199.0611967083",15715,"NEG",8,199.061164193118,199.0611967083,199.061197032289,"C9 H12 O5"
"X15717_NEG_9_175.003650783918",15717,"NEG",9,175.003641344652,175.003650783918,175.003682154879,"C9 H4 O4"
"X15718_NEG_9_193.014230922774",15718,"NEG",9,193.014247210659,193.014230922774,193.014246838909,"C9 H6 O5"
"X15720_NEG_9_255.062223828721",15720,"NEG",9,255.062307492643,255.062223828721,255.062259660719,"C10 H12 O6 N2"
"X15721_NEG_9_281.103038976808",15721,"NEG",9,281.103133845761,281.103038976808,281.103061845239,"C14 H18 O6"
"X15722_NEG_9_321.072896649015",15722,"NEG",9,321.073009037972,321.072896649015,321.072824344749,"C14 H14 O7 N2"
"X15726_NEG_10_173.024402183705",15726,"NEG",10,173.024386587439,173.024402183705,173.024417599769,"C10 H6 O3"
"X15727_NEG_10_175.003656149868",15727,"NEG",10,175.003642396589,175.003656149868,175.003682154879,"C9 H4 O4"
"X15729_NEG_10_305.07788103925",15729,"NEG",10,305.07800791509,305.07788103925,305.077909725179,"C14 H14 O6 N2"
"X15730_NEG_10_315.051037507733",15730,"NEG",10,315.051174416421,315.051037507733,315.051026271429,"C16 H12 O7"
"X15731_NEG_10_335.088532886614",15731,"NEG",10,335.088698927475,335.088532886614,335.088474409209,"C15 H16 O7 N2"
"X15732_NEG_10_375.075567850522",15732,"NEG",10,375.075784132467,375.075567850522,375.075526942809,"C15 H20 O9 S1"
"X15733_NEG_10_381.025237513612",15733,"NEG",10,381.025462798208,381.025237513612,381.025205446109,"C19 H10 O9"
"X15738_NEG_11_145.029535704164",15738,"NEG",11,145.029494773915,145.029535704164,145.029502980199,"C9 H6 O2"
"X15739_NEG_11_147.008794535845",15739,"NEG",11,147.008755976747,147.008794535845,147.008767535309,"C8 H4 O3"
"X15740_NEG_11_159.045112994476",15740,"NEG",11,159.045084636789,159.045112994476,159.045153044659,"C10 H8 O2"
"X15741_NEG_11_190.998590539681",15741,"NEG",11,190.998592723192,190.998590539681,190.998596774449,"C9 H4 O5"
"X15742_NEG_11_192.066606099146",15742,"NEG",11,192.066610024035,192.066606099146,192.066616765349,"C10 H11 O3 N1"
"X15743_NEG_11_218.996862168355",15743,"NEG",11,218.996894685512,218.996862168355,218.996882697339,"C7 H8 O6 S1"
"X15745_NEG_11_257.139421484276",15745,"NEG",11,257.139492891232,257.139421484276,257.139447354589,"C13 H22 O5"
"X15746_NEG_11_260.002296163009",15746,"NEG",11,260.002368519344,260.002296163009,260.002302430399,"C12 H7 O4 N1 S1"
"X15747_NEG_11_262.017929340445",15747,"NEG",11,262.0180048414,262.017929340445,262.017952494859,"C12 H9 O4 N1 S1"
"X15748_NEG_11_275.14997270194",15748,"NEG",11,275.150064274634,275.14997270194,275.150012038619,"C13 H24 O6"
"X15750_NEG_11_292.028490419404",15750,"NEG",11,292.02860008978,292.028490419404,292.028517178889,"C13 H11 O5 N1 S1"
"X15751_NEG_11_299.030915954248",15751,"NEG",11,299.03103349851,299.030915954248,299.030959531799,"C14 H8 O6 N2"
"X15752_NEG_11_301.165665573499",15752,"NEG",11,301.165786452077,301.165665573499,301.165662103079,"C15 H26 O6"
"X15754_NEG_11_303.06227068516",15754,"NEG",11,303.062397020538,303.06227068516,303.062259660719,"C14 H12 O6 N2"
"X15755_NEG_11_319.139880387458",15755,"NEG",11,319.140021939921,319.139880387458,319.139841277759,"C14 H24 O8"
"X15756_NEG_11_331.176293749597",15756,"NEG",11,331.176450778843,331.176293749597,331.176226787109,"C16 H28 O7"
"X15757_NEG_11_335.088530513383",15757,"NEG",11,335.088693035236,335.088530513383,335.088474409209,"C15 H16 O7 N2"
"X15758_NEG_11_347.034301635469",15758,"NEG",11,347.034476804641,347.034301635469,347.034330835119,"C15 H12 O6 N2 S1"
"X15759_NEG_11_347.171134625744",15759,"NEG",11,347.171308939868,347.171134625744,347.171141406679,"C16 H28 O8"
"X15760_NEG_11_359.171167255321",15760,"NEG",11,359.171355451763,359.171167255321,359.171141406679,"C17 H28 O8"
"X15761_NEG_11_375.166067157122",15761,"NEG",11,375.166275507142,375.166067157122,375.16605602625,"C17 H28 O9"
"X15763_NEG_11_389.091228470476",15763,"NEG",11,389.091456676815,389.091228470476,389.091177007269,"C16 H22 O9 S1"
"X15764_NEG_11_389.181746378168",15764,"NEG",11,389.181975217386,389.181746378168,389.181706090709,"C18 H30 O9"
"X15765_NEG_11_394.154142902005",15765,"NEG",11,394.154372227565,394.154142902005,394.154111617739,"C16 H29 O8 N1 S1"
"X15766_NEG_11_412.107190244474",15766,"NEG",11,412.10744905513,412.107190244474,412.107161424359,"C18 H23 O8 N1 S1"
"X15768_NEG_12_135.008786572249",15768,"NEG",12,135.008746862767,135.008786572249,135.008767535309,"C7 H4 O3"
"X15769_NEG_12_147.008791069371",15769,"NEG",12,147.008761437915,147.008791069371,147.008767535309,"C8 H4 O3"
"X15772_NEG_12_190.9985912836",15772,"NEG",12,190.998600866285,190.9985912836,190.998596774449,"C9 H4 O5"
"X15773_NEG_12_202.05095700448",15773,"NEG",12,202.050976393857,202.05095700448,202.050966700889,"C11 H9 O3 N1"
"X15774_NEG_12_212.035293070239",15774,"NEG",12,212.035322483663,212.035293070239,212.035316636429,"C12 H7 O3 N1"
"X15775_NEG_12_243.160163891588",15775,"NEG",12,243.160224545724,243.160163891588,243.160182799479,"C13 H24 O4"
"X15777_NEG_12_256.02511240945",15777,"NEG",12,256.025184421061,256.02511240945,256.025145875569,"C13 H7 O5 N1"
"X15778_NEG_12_260.002264864752",15778,"NEG",12,260.002341065083,260.002264864752,260.002302430399,"C12 H7 O4 N1 S1"
"X15779_NEG_12_262.017916226353",15779,"NEG",12,262.017994861345,262.017916226353,262.017952494859,"C12 H9 O4 N1 S1"
"X15782_NEG_12_268.976078164843",15782,"NEG",12,268.976163826448,268.976078164843,268.976147252449,"C10 H6 O7 S1"
"X15784_NEG_12_273.00739344158",15784,"NEG",12,273.007483342822,273.00739344158,273.007447381369,"C10 H10 O7 S1"
"X15785_NEG_12_276.0335519277",15785,"NEG",12,276.033644521022,276.0335519277,276.033602559319,"C13 H11 O4 N1 S1"
"X15787_NEG_12_289.046575192495",15787,"NEG",12,289.046680111875,289.046575192495,289.046609596259,"C13 H10 O6 N2"
"X15791_NEG_12_309.131876546126",15791,"NEG",12,309.132005493713,309.131876546126,309.131860050709,"C20 H22 O1 S1"
"X15792_NEG_12_319.139874776608",15792,"NEG",12,319.140014490382,319.139874776608,319.139841277759,"C14 H24 O8"
"X15793_NEG_12_329.041515585092",15793,"NEG",12,329.041664511215,329.041515585092,329.041524215829,"C15 H10 O7 N2"
"X15794_NEG_12_345.01866747473",15794,"NEG",12,345.018834550617,345.01866747473,345.018680770659,"C15 H10 O6 N2 S1"
"X15795_NEG_12_345.191866066405",15795,"NEG",12,345.192033317416,345.191866066405,345.191876851569,"C17 H30 O7"
"X15796_NEG_12_350.034004271496",15796,"NEG",12,350.034178220798,350.034004271496,350.033996482489,"C15 H13 O7 N1 S1"
"X15797_NEG_12_357.19188639131",15797,"NEG",12,357.192067994437,357.19188639131,357.191876851569,"C18 H30 O7"
"X15798_NEG_12_361.186812860655",15798,"NEG",12,361.186998557127,361.186812860655,361.186791471139,"C17 H30 O8"
"X15799_NEG_12_367.212634796925",15799,"NEG",12,367.212827918542,367.212634796925,367.212612296459,"C20 H32 O6"
"X15801_NEG_12_375.202458631719",15801,"NEG",12,375.202661008426,375.202458631719,375.202441535599,"C18 H32 O8"
"X15803_NEG_12_387.20247458142",15803,"NEG",12,387.202691468118,387.20247458142,387.202441535599,"C19 H32 O8"
"X15805_NEG_12_405.176628037876",15805,"NEG",12,405.176864603857,405.176628037876,405.176620710279,"C18 H30 O10"
"X15806_NEG_12_407.207544894786",15806,"NEG",12,407.207785088541,407.207544894786,407.207526916029,"C22 H32 O7"
"X15809_NEG_12_417.213032906417",15809,"NEG",12,417.213285567937,417.213032906417,417.213006219629,"C20 H34 O9"
"X15810_NEG_12_419.192256264044",15810,"NEG",12,419.192511527076,419.192256264044,419.192270774739,"C19 H32 O10"
"X15811_NEG_12_429.213003713214",15811,"NEG",12,429.213272851457,429.213003713214,429.213006219629,"C21 H34 O9"
"X15813_NEG_12_447.187172933438",15813,"NEG",12,447.187465981386,447.187172933438,447.187185394309,"C20 H32 O11"
"X15814_NEG_12_449.202833301122",15814,"NEG",12,449.203124986916,449.202833301122,449.202835458769,"C20 H34 O11"
"X15818_NEG_12_467.167065852824",15818,"NEG",12,467.16738018268,467.167065852824,467.167118654679,"C21 H28 O10 N2"
"X15826_NEG_13_147.008818011499",15826,"NEG",13,147.008755948994,147.008818011499,147.008767535309,"C8 H4 O3"
"X15827_NEG_13_171.08153722994",15827,"NEG",13,171.081507846519,171.08153722994,171.081538554009,"C12 H12 O1"
"X15828_NEG_13_175.003662688775",15828,"NEG",13,175.003639944116,175.003662688775,175.003682154879,"C9 H4 O4"
"X15830_NEG_13_195.139036396332",15830,"NEG",13,195.139040895195,195.139036396332,195.139053431419,"C12 H20 O2"
"X15831_NEG_13_213.019297743927",15831,"NEG",13,213.019327164604,213.019297743927,213.019332219339,"C12 H6 O4"
"X15832_NEG_13_219.139027751513",15832,"NEG",13,219.139064589512,219.139027751513,219.139053431419,"C14 H20 O2"
"X15833_NEG_13_220.097900494283",15833,"NEG",13,220.097938107918,220.097900494283,220.097916894269,"C12 H15 O3 N1"
"X15834_NEG_13_245.986605905391",15834,"NEG",13,245.986676816459,245.986605905391,245.986652365939,"C11 H5 O4 N1 S1"
"X15835_NEG_13_257.006719131926",15835,"NEG",13,257.006803324119,257.006719131926,257.006659535029,"C17 H6 O1 S1"
"X15836_NEG_13_260.002249920978",15836,"NEG",13,260.002337664809,260.002249920978,260.002302430399,"C12 H7 O4 N1 S1"
"X15838_NEG_13_290.01284194254",15838,"NEG",13,290.01296433064,290.01284194254,290.012867114429,"C13 H9 O5 N1 S1"
"X15841_NEG_13_305.100610057195",15841,"NEG",13,305.10074811898,305.100610057195,305.100559921789,"C20 H18 O1 S1"
"X15842_NEG_13_307.116211829486",15842,"NEG",13,307.116351771876,307.116211829486,307.116209986249,"C20 H20 O1 S1"
"X15843_NEG_13_309.131879052707",15843,"NEG",13,309.132021749407,309.131879052707,309.131860050709,"C20 H22 O1 S1"
"X15844_NEG_13_326.034024724535",15844,"NEG",13,326.03418451065,326.034024724535,326.033996482489,"C13 H13 O7 N1 S1"
"X15847_NEG_13_343.212565177696",15847,"NEG",13,343.212739637864,343.212565177696,343.212612296459,"C18 H32 O6"
"X15848_NEG_13_347.034311797724",15848,"NEG",13,347.034491815244,347.034311797724,347.034330835119,"C15 H12 O6 N2 S1"
"X15850_NEG_13_351.217653936313",15850,"NEG",13,351.217837997745,351.217653936313,351.217697676889,"C20 H32 O5"
"X15851_NEG_13_366.138086828824",15851,"NEG",13,366.138283934662,366.138086828824,366.138067630109,"C18 H25 O5 N1 S1"
"X15852_NEG_13_379.212682275032",15852,"NEG",13,379.21289034751,379.212682275032,379.212612296459,"C21 H32 O6"
"X15860_NEG_13_415.233789314721",15860,"NEG",13,415.234029087708,415.233789314721,415.233741664519,"C21 H36 O8"
"X15861_NEG_13_419.192281356668",15861,"NEG",13,419.19252530111,419.192281356668,419.19227077474,"C19 H32 O10"
"X15862_NEG_13_425.175198052715",15862,"NEG",13,425.175442145914,425.175198052715,425.175181415259,"C20 H30 O6 N2 S1"
"X15863_NEG_13_445.244301220425",15863,"NEG",13,445.244566189136,445.244301220425,445.244306348549,"C22 H38 O9"
"X15864_NEG_13_447.223574884299",15864,"NEG",13,447.223843736396,447.223574884299,447.223570903659,"C21 H36 O10"
"X15866_NEG_13_461.239270377623",15866,"NEG",13,461.239548350918,461.239270377623,461.239220968119,"C22 H38 O10"
"X15867_NEG_13_463.218533061494",15867,"NEG",13,463.218803368253,463.218533061494,463.218485523229,"C21 H36 O11"
"X15868_NEG_13_473.202835433335",15868,"NEG",13,473.203124693434,473.202835433335,473.202835458768,"C22 H34 O11"
"X15869_NEG_13_473.239215896602",15869,"NEG",13,473.239504081756,473.239215896602,473.239220968119,"C23 H38 O10"
"X15874_NEG_13_497.275649660583",15874,"NEG",13,497.275938245107,497.275649660583,497.275606477469,"C26 H42 O9"
"X15880_NEG_13_607.276044782277",15880,"NEG",13,607.276374020017,607.276044782277,607.276000400639,"C31 H44 O12"
"X15881_NEG_13_621.255205142087",15881,"NEG",13,621.255541267202,621.255205142087,621.255264955749,"C31 H42 O13"
"X15882_NEG_13_623.270802858086",15882,"NEG",13,623.271125832414,623.270802858086,623.270915020209,"C31 H44 O13"
"X15885_NEG_13_681.145759265242",15885,"NEG",13,681.146132338689,681.145759265242,681.145595363449,"C46 H22 O5 N2"
"X15889_NEG_13_697.140665268664",15889,"NEG",13,697.14101761741,697.140665268664,697.140509983019,"C46 H22 O6 N2"
"X15897_NEG_14_189.128477324378",15897,"NEG",14,189.12848228688,189.128477324378,189.128488747389,"C13 H18 O1"
"X15898_NEG_14_198.040770085689",15898,"NEG",14,198.040785887406,198.040770085689,198.040795940029,"C8 H9 O5 N1"
"X15900_NEG_14_204.996461480024",15900,"NEG",14,204.996485177372,204.996461480024,204.996488774169,"C10 H6 O3 S1"
"X15901_NEG_14_212.020036156967",15901,"NEG",14,212.020069069534,212.020036156967,212.020060495139,"C8 H7 O6 N1"
"X15903_NEG_14_223.170328576247",15903,"NEG",14,223.170375218307,223.170328576247,223.170353560339,"C14 H24 O2"
"X15905_NEG_14_246.023006573518",15905,"NEG",14,246.023082271042,246.023006573518,246.023037875289,"C12 H9 O3 N1 S1"
"X15907_NEG_14_257.006721343154",15907,"NEG",14,257.006810119752,257.006721343154,257.006659535029,"C17 H6 O1 S1"
"X15908_NEG_14_273.996857080098",15908,"NEG",14,273.996965495624,273.996857080098,273.996823126799,"C16 H5 O2 N1 S1"
"X15913_NEG_14_335.056148962797",15913,"NEG",14,335.056321080875,335.056148962797,335.056111651859,"C19 H12 O6"
"X15915_NEG_14_345.228228467057",15915,"NEG",14,345.228409879047,345.228228467057,345.228262360919,"C18 H34 O6"
"X15916_NEG_14_347.034309360261",15916,"NEG",14,347.034492337532,347.034309360261,347.034330835119,"C15 H12 O6 N2 S1"
"X15918_NEG_14_355.155109833054",15918,"NEG",14,355.155299503381,355.155109833054,355.155097419049,"C21 H24 O5"
"X15919_NEG_14_368.153762076239",15919,"NEG",14,368.153964492951,368.153762076239,368.153717694569,"C18 H27 O5 N1 S1"
"X15920_NEG_14_373.035389816511",15920,"NEG",14,373.035597390175,373.035389816511,373.035376206969,"C21 H10 O7"
"X15922_NEG_14_387.238871640118",15922,"NEG",14,387.239082991882,387.238871640118,387.238827044949,"C20 H36 O7"
"X15923_NEG_14_389.03034331803",15923,"NEG",14,389.030562938995,389.03034331803,389.030290826539,"C21 H10 O8"
"X15924_NEG_14_401.027903876485",15924,"NEG",14,401.028132994889,401.027903876485,401.027788903089,"C26 H10 O3 S1"
"X15926_NEG_14_417.176630935357",15926,"NEG",14,417.176865810561,417.176630935357,417.176620710279,"C19 H30 O10"
"X15928_NEG_14_431.192296536803",15928,"NEG",14,431.192545738891,431.192296536803,431.19227077474,"C20 H32 O10"
"X15932_NEG_14_447.033392598434",15932,"NEG",14,447.033654275205,447.033392598434,447.033268206689,"C27 H12 O5 S1"
"X15934_NEG_14_471.259965037127",15934,"NEG",14,471.260242189375,471.259965037127,471.25995641301,"C24 H40 O9"
"X15936_NEG_14_473.202837982587",15936,"NEG",14,473.203115810089,473.202837982587,473.202835458769,"C22 H34 O11"
"X15938_NEG_14_487.254856818843",15938,"NEG",14,487.255148969582,487.254856818843,487.254871032579,"C24 H40 O10"
"X15940_NEG_14_499.25484215106",15940,"NEG",14,499.255138872323,499.25484215106,499.254871032579,"C25 H40 O10"
"X15941_NEG_14_501.234121070152",15941,"NEG",14,501.234422720906,501.234121070152,501.234135587689,"C24 H38 O11"
"X15944_NEG_14_513.234069004067",15944,"NEG",14,513.234374888703,513.234069004067,513.234135587689,"C25 H38 O11"
"X15946_NEG_14_519.056899344744",15946,"NEG",14,519.057199462638,519.056899344744,519.056899498199,"C26 H16 O12"
"X15956_NEG_14_545.275604847029",15956,"NEG",14,545.275919068978,545.275604847029,545.275606477469,"C30 H42 O9"
"X15967_NEG_14_735.359618940217",15967,"NEG",14,735.359916152985,735.359618940217,735.359730026539,"C38 H56 O14"
"X15969_NEG_15_147.045194297828",15969,"NEG",15,147.045138834758,147.045194297828,147.045153044659,"C9 H8 O2"
"X15970_NEG_15_219.012108943917",15970,"NEG",15,219.012147219534,219.012108943917,219.012138838629,"C11 H8 O3 S1"
"X15972_NEG_15_245.118272406667",15972,"NEG",15,245.118345089256,245.118272406667,245.118317986529,"C15 H18 O3"
"X15973_NEG_15_246.023015488363",15973,"NEG",15,246.023086406822,246.023015488363,246.023037875289,"C12 H9 O3 N1 S1"
"X15975_NEG_15_273.040403135616",15975,"NEG",15,273.040506088999,273.040403135616,273.040461587399,"C14 H10 O6"
"X15976_NEG_15_273.080154198575",15976,"NEG",15,273.080253795702,273.080154198575,273.080218400069,"C12 H18 O5 S1"
"X15977_NEG_15_275.095797248076",15977,"NEG",15,275.095900980845,275.095797248076,275.095868464529,"C12 H20 O5 S1"
"X15979_NEG_15_293.106378933505",15979,"NEG",15,293.106502005193,293.106378933505,293.106433148559,"C12 H22 O6 S1"
"X15982_NEG_15_335.056171709891",15982,"NEG",15,335.056335917743,335.056171709891,335.056111651859,"C19 H12 O6"
"X15983_NEG_15_339.123747421325",15983,"NEG",15,339.12391644667,339.123747421325,339.123797290129,"C20 H20 O5"
"X15984_NEG_15_345.040407610216",15984,"NEG",15,345.040581234324,345.040407610216,345.040461587399,"C20 H10 O6"
"X15986_NEG_15_347.056094322774",15986,"NEG",15,347.05626957575,347.056094322774,347.056111651859,"C20 H12 O6"
"X15987_NEG_15_354.061925630203",15987,"NEG",15,354.062107307498,354.061925630203,354.061925308089,"C18 H13 O7 N1"
"X15988_NEG_15_361.035387420899",15988,"NEG",15,361.035575070469,361.035387420899,361.035376206969,"C20 H10 O7"
"X15989_NEG_15_373.035403512263",15989,"NEG",15,373.035601399429,373.035403512263,373.035376206969,"C21 H10 O7"
"X15990_NEG_15_377.030328058695",15990,"NEG",15,377.030529271293,377.030328058695,377.030290826539,"C20 H10 O8"
"X15991_NEG_15_379.045963114895",15991,"NEG",15,379.046167333673,379.045963114895,379.045940890999,"C20 H12 O8"
"X15992_NEG_15_387.238863149626",15992,"NEG",15,387.239075258534,387.238863149626,387.238827044949,"C20 H36 O7"
"X15993_NEG_15_389.030337399599",15993,"NEG",15,389.030548352555,389.030337399599,389.030290826539,"C21 H10 O8"
"X15994_NEG_15_391.045975606721",15994,"NEG",15,391.046188159172,391.045975606721,391.045940890999,"C21 H12 O8"
"X15995_NEG_15_405.025227153181",15995,"NEG",15,405.025450509129,405.025227153181,405.025205446109,"C21 H10 O9"
"X15996_NEG_15_417.02283049984",15996,"NEG",15,417.02306300515,417.02283049984,417.022703522659,"C26 H10 O4 S1"
"X15997_NEG_15_419.040885831716",15997,"NEG",15,419.041119511069,419.040885831716,419.040855510569,"C22 H12 O9"
"X15998_NEG_15_421.056547275547",15998,"NEG",15,421.056782397712,421.056547275547,421.056505575029,"C22 H14 O9"
"X16000_NEG_15_435.035794431056",16000,"NEG",15,435.036040435471,435.035794431056,435.035770130139,"C22 H12 O10"
"X16001_NEG_15_437.160566540906",16001,"NEG",15,437.160811876563,437.160566540906,437.160576722649,"C25 H26 O7"
"X16002_NEG_15_445.207931984351",16002,"NEG",15,445.20818307787,445.207931984351,445.207920839199,"C21 H34 O10"
"X16003_NEG_15_457.280716066086",16003,"NEG",15,457.280972687442,457.280716066086,457.280691857899,"C24 H42 O8"
"X16004_NEG_15_459.223593419525",16004,"NEG",15,459.223854352203,459.223593419525,459.223570903659,"C22 H36 O10"
"X16005_NEG_15_465.155471913579",16005,"NEG",15,465.155727975076,465.155471913579,465.155491342219,"C26 H26 O8"
"X16009_NEG_15_501.234123028578",16009,"NEG",15,501.234405555316,501.234123028578,501.234135587689,"C24 H38 O11"
"X16010_NEG_15_501.322152590392",16010,"NEG",15,501.322439432656,501.322152590392,501.322162747679,"C30 H46 O6"
"X16012_NEG_15_513.234104520594",16012,"NEG",15,513.234389090239,513.234104520594,513.234135587689,"C25 H38 O11"
"X16015_NEG_15_515.301402879603",16015,"NEG",15,515.301693824517,515.301402879603,515.301427302789,"C30 H44 O7"
"X16016_NEG_15_517.317075622387",16016,"NEG",15,517.317365288324,517.317075622387,517.317077367249,"C30 H46 O7"
"X16017_NEG_15_519.332724283738",16017,"NEG",15,519.33302283206,519.332724283738,519.332727431709,"C30 H48 O7"
"X16019_NEG_15_529.265421635586",16019,"NEG",15,529.265712736787,529.265421635586,529.265435716609,"C26 H42 O11"
"X16027_NEG_15_649.119836462304",16027,"NEG",15,649.120150559045,649.119836462304,649.11989367921,"C32 H26 O15"
"X16030_NEG_16_249.040422341435",16030,"NEG",16,249.040495955689,249.040422341435,249.040461587399,"C12 H10 O6"
"X16031_NEG_16_254.118610991103",16031,"NEG",16,254.118689578563,254.118610991103,254.118652339159,"C16 H17 O2 N1"
"X16033_NEG_16_260.165557113842",16033,"NEG",16,260.165645848888,260.165557113842,260.165602532539,"C16 H23 O2 N1"
"X16035_NEG_16_273.080151276878",16035,"NEG",16,273.080248168091,273.080151276878,273.080218400069,"C12 H18 O5 S1"
"X16036_NEG_16_275.030901939187",16036,"NEG",16,275.03100240072,275.030901939187,275.030959531799,"C12 H8 O6 N2"
"X16037_NEG_16_277.111451053434",16037,"NEG",16,277.111552329056,277.111451053434,277.111518528989,"C12 H22 O5 S1"
"X16038_NEG_16_283.02474853373",16038,"NEG",16,283.024857535793,283.02474853373,283.024811522939,"C15 H8 O6"
"X16039_NEG_16_293.106404663686",16039,"NEG",16,293.10652229967,293.106404663686,293.106433148559,"C12 H22 O6 S1"
"X16040_NEG_16_299.132234802225",16040,"NEG",16,299.132361052725,299.132234802225,299.132253973879,"C15 H24 O4 S1"
"X16043_NEG_16_331.116322448006",16043,"NEG",16,331.116477747141,331.116322448006,331.116209986249,"C22 H20 O1 S1"
"X16044_NEG_16_333.040516978984",16044,"NEG",16,333.040674792842,333.040516978984,333.040461587399,"C19 H10 O6"
"X16045_NEG_16_333.131940272949",16045,"NEG",16,333.13210239553,333.131940272949,333.131860050709,"C22 H22 O1 S1"
"X16046_NEG_16_335.052144623023",16046,"NEG",16,335.05230262446,335.052144623023,335.052088899859,"C14 H12 O8 N2"
"X16049_NEG_16_345.040419118621",16049,"NEG",16,345.040587958285,345.040419118621,345.040461587399,"C20 H10 O6"
"X16050_NEG_16_347.01969670952",16050,"NEG",16,347.019867342317,347.01969670952,347.019726142509,"C19 H8 O7"
"X16051_NEG_16_347.056090441087",16051,"NEG",16,347.056261106785,347.056090441087,347.056111651859,"C20 H12 O6"
"X16055_NEG_16_361.035403939272",16055,"NEG",16,361.035587063214,361.035403939272,361.035376206969,"C20 H10 O7"
"X16056_NEG_16_365.127582596493",16056,"NEG",16,365.127769550691,365.127582596493,365.127562516619,"C15 H26 O8 S1"
"X16057_NEG_16_377.030322440556",16057,"NEG",16,377.030519377568,377.030322440556,377.030290826539,"C20 H10 O8"
"X16058_NEG_16_379.045984028316",16058,"NEG",16,379.04618267261,379.045984028316,379.045940890999,"C20 H12 O8"
"X16059_NEG_16_381.134435993308",16059,"NEG",16,381.134635972502,381.134435993308,381.134361974159,"C22 H22 O6"
"X16060_NEG_16_389.030346611646",16060,"NEG",16,389.030553602447,389.030346611646,389.030290826539,"C21 H10 O8"
"X16061_NEG_16_391.045995115148",16061,"NEG",16,391.046203768671,391.045995115148,391.045940890999,"C21 H12 O8"
"X16062_NEG_16_395.040886865338",16062,"NEG",16,395.041098792176,395.040886865338,395.040855510569,"C20 H12 O9"
"X16064_NEG_16_405.02522968022",16064,"NEG",16,405.025449659448,405.02522968022,405.025205446109,"C21 H10 O9"
"X16067_NEG_16_419.04089146214",16067,"NEG",16,419.041122435298,419.04089146214,419.040855510569,"C22 H12 O9"
"X16068_NEG_16_425.254494965215",16068,"NEG",16,425.254733289492,425.254494965215,425.254477109409,"C23 H38 O7"
"X16069_NEG_16_435.035790635087",16069,"NEG",16,435.036033712698,435.035790635087,435.035770130139,"C22 H12 O10"
"X16071_NEG_16_443.228654130943",16071,"NEG",16,443.22890952454,443.228654130943,443.228656284089,"C22 H36 O9"
"X16075_NEG_16_481.150451345558",16075,"NEG",16,481.150726684056,481.150451345558,481.150405961789,"C26 H26 O9"
"X16076_NEG_16_485.239228716802",16076,"NEG",16,485.239517310247,485.239228716802,485.239220968119,"C24 H38 O10"
"X16077_NEG_16_487.254868931874",16077,"NEG",16,487.255160697082,487.254868931874,487.254871032579,"C24 H40 O10"
"X16078_NEG_16_497.239197240872",16078,"NEG",16,497.239484091613,497.239197240872,497.239220968119,"C25 H38 O10"
"X16079_NEG_16_497.27559757787",16079,"NEG",16,497.275896057514,497.27559757787,497.275606477469,"C26 H42 O9"
"X16082_NEG_16_499.306538730254",16082,"NEG",16,499.306827896338,499.306538730254,499.306512683219,"C30 H44 O6"
"X16083_NEG_16_501.322132488109",16083,"NEG",16,501.322436652493,501.322132488109,501.322162747679,"C30 H46 O6"
"X16085_NEG_16_513.270481410249",16085,"NEG",16,513.270789541645,513.270481410249,513.270521097039,"C26 H42 O10"
"X16086_NEG_16_513.285739969986",16086,"NEG",16,513.28603129304,513.285739969986,513.285777238329,"C30 H42 O7"
"X16087_NEG_16_527.286129580737",16087,"NEG",16,527.286447485281,527.286129580737,527.286171161499,"C27 H44 O10"
"X16092_NEG_17_249.040431955181",16092,"NEG",17,249.040500454497,249.040431955181,249.040461587399,"C12 H10 O6"
"X16094_NEG_17_283.024761940803",16094,"NEG",17,283.02486260727,283.024761940803,283.024811522939,"C15 H8 O6"
"X16095_NEG_17_289.111467765088",16095,"NEG",17,289.1115729267,289.111467765088,289.111518528989,"C13 H22 O5 S1"
"X16096_NEG_17_290.176128767336",16096,"NEG",17,290.176239426943,290.176128767336,290.176167216569,"C17 H25 O3 N1"
"X16100_NEG_17_321.137755614821",16100,"NEG",17,321.137893508168,321.137755614821,321.137733277479,"C14 H26 O6 S1"
"X16101_NEG_17_325.144547155873",16101,"NEG",17,325.144692061223,325.144547155873,325.144532735019,"C20 H22 O4"
"X16102_NEG_17_327.051089667642",16102,"NEG",17,327.05123639803,327.051089667642,327.051026271429,"C17 H12 O7"
"X16103_NEG_17_333.040528660266",16103,"NEG",17,333.040677749379,333.040528660266,333.040461587399,"C19 H10 O6"
"X16106_NEG_17_345.040449059985",16106,"NEG",17,345.040609413884,345.040449059985,345.040461587399,"C20 H10 O6"
"X16107_NEG_17_361.035386921687",16107,"NEG",17,361.035561821424,361.035386921687,361.035376206969,"C20 H10 O7"
"X16108_NEG_17_363.051068342906",16108,"NEG",17,363.051245347739,363.051068342906,363.051026271429,"C20 H12 O7"
"X16109_NEG_17_377.030312502885",16109,"NEG",17,377.030503459878,377.030312502885,377.030290826539,"C20 H10 O8"
"X16112_NEG_17_389.030358429842",16112,"NEG",17,389.030560547598,389.030358429842,389.030290826539,"C21 H10 O8"
"X16114_NEG_17_395.040887412712",16114,"NEG",17,395.04109323381,395.040887412712,395.040855510569,"C20 H12 O9"
"X16116_NEG_17_405.02523944254",16116,"NEG",17,405.025454058743,405.02523944254,405.025205446109,"C21 H10 O9"
"X16117_NEG_17_407.040894596897",16117,"NEG",17,407.041109878959,407.040894596897,407.040855510569,"C21 H12 O9"
"X16118_NEG_17_419.040885006597",16118,"NEG",17,419.041111809524,419.040885006597,419.040855510569,"C22 H12 O9"
"X16119_NEG_17_421.056549287006",16119,"NEG",17,421.056777827248,421.056549287006,421.056505575029,"C22 H14 O9"
"X16120_NEG_17_429.022801827135",16120,"NEG",17,429.023035049871,429.022801827135,429.022703522659,"C27 H10 O4 S1"
"X16121_NEG_17_433.056502159912",16121,"NEG",17,433.056740871149,433.056502159912,433.056505575029,"C23 H14 O9"
"X16122_NEG_17_435.072173115367",16122,"NEG",17,435.072414871044,435.072173115367,435.072155639489,"C23 H16 O9"
"X16126_NEG_17_451.06710625249",16126,"NEG",17,451.067362531786,451.06710625249,451.067070259059,"C23 H16 O10"
"X16129_NEG_17_469.280655959535",16129,"NEG",17,469.280940800313,469.280655959535,469.280691857899,"C25 H42 O8"
"X16131_NEG_17_473.290882027241",16131,"NEG",17,473.291154152929,473.290882027241,473.290862618759,"C28 H42 O6"
"X16132_NEG_17_485.327224388698",16132,"NEG",17,485.327515252363,485.327224388698,485.327248128109,"C30 H46 O5"
"X16133_NEG_17_487.342849015534",16133,"NEG",17,487.343142221385,487.342849015534,487.342898192569,"C30 H48 O5"
"X16135_NEG_17_499.30649029542",16135,"NEG",17,499.306786848459,499.30649029542,499.306512683219,"C30 H44 O6"
"X16136_NEG_17_501.322124953687",16136,"NEG",17,501.322423196373,501.322124953687,501.322162747679,"C30 H46 O6"
"X16138_NEG_17_507.187159731855",16138,"NEG",17,507.187482344273,507.187159731855,507.187185394309,"C25 H32 O11"
"X16139_NEG_17_513.285760440203",16139,"NEG",17,513.286062252918,513.285760440203,513.285777238329,"C30 H42 O7"
"X16140_NEG_17_517.31702252798",16140,"NEG",17,517.317349243663,517.31702252798,517.317077367249,"C30 H46 O7"
"X16141_NEG_17_533.311892904373",16141,"NEG",17,533.312224454118,533.311892904373,533.311991986819,"C30 H46 O8"
"X16142_NEG_17_539.213376805723",16142,"NEG",17,539.213721468845,539.213376805723,539.213400142799,"C26 H36 O12"
"X16144_NEG_17_549.046305034355",16144,"NEG",17,549.046641416865,549.046305034355,549.046334814169,"C30 H14 O11"
"X16148_NEG_18_259.100932867478",16148,"NEG",18,259.101002409625,259.100932867478,259.100953844959,"C12 H20 O4 S1"
"X16150_NEG_18_333.040506548677",16150,"NEG",18,333.040662826954,333.040506548677,333.040461587399,"C19 H10 O6"
"X16152_NEG_18_361.035398794214",16152,"NEG",18,361.035589106578,361.035398794214,361.035376206969,"C20 H10 O7"
"X16153_NEG_18_379.143223446524",16153,"NEG",18,379.143435003275,379.143223446524,379.143212581079,"C16 H28 O8 S1"
"X16164_NEG_19_299.019706310885",16164,"NEG",19,299.019824987462,299.019706310885,299.019726142509,"C15 H8 O7"
"X16167_NEG_19_333.207161023616",16167,"NEG",19,333.207332010359,333.207161023616,333.207132992859,"C20 H30 O4"
"X16168_NEG_19_361.035379490415",16168,"NEG",19,361.035577270868,361.035379490415,361.035376206969,"C20 H10 O7"
"X16175_NEG_20_291.16349719541",16175,"NEG",20,291.163627356801,291.16349719541,291.163554102799,"C14 H28 O4 S1"
"X16176_NEG_20_299.019681337004",16176,"NEG",20,299.01982723292,299.019681337004,299.019726142509,"C15 H8 O7"
"X16178_NEG_20_335.153387263978",16178,"NEG",20,335.153596852648,335.153387263978,335.153383341939,"C15 H28 O6 S1"
"X16179_NEG_20_349.168957051236",16179,"NEG",20,349.16919210274,349.168957051236,349.169033406399,"C16 H30 O6 S1"
"X16180_NEG_20_361.03534181586",16180,"NEG",20,361.03559675714,361.03534181586,361.035376206969,"C20 H10 O7"
"X16189_NEG_21_361.035400133946",16189,"NEG",21,361.035604435404,361.035400133946,361.035376206969,"C20 H10 O7"
"X16206_NEG_11_117.034606468471",16206,"NEG",11,117.034541496149,117.034606468471,117.034588360629,"C8 H6 O1"
"X16207_NEG_11_305.124202808234",16207,"NEG",11,305.124329491346,305.124202808234,305.124191213299,"C13 H22 O8"
"X16208_NEG_11_333.155541670953",16208,"NEG",11,333.155699558359,333.155541670953,333.155491342219,"C15 H26 O8"
"X16210_NEG_11_336.072537290649",16210,"NEG",11,336.072704310573,336.072537290649,336.072489992119,"C15 H15 O8 N1"
"X16224_NEG_12_445.207920208083",16224,"NEG",12,445.208206196945,445.207920208083,445.207920839199,"C21 H34 O10"
"X16230_NEG_13_261.04379021006",16230,"NEG",13,261.04387786913,261.04379021006,261.043832890719,"C10 H14 O6 S1"
"X16233_NEG_13_317.196962386267",16233,"NEG",13,317.197107682587,317.196962386267,317.196962231999,"C16 H30 O6"
"X16239_NEG_13_455.228662271378",16239,"NEG",13,455.228938392582,455.228662271378,455.228656284089,"C23 H36 O9"
"X16247_NEG_14_249.076867067434",16247,"NEG",14,249.076945117695,249.076867067434,249.076847096749,"C13 H14 O5"
"X16249_NEG_14_275.059424954486",16249,"NEG",14,275.059531730825,275.059424954486,275.059482955179,"C11 H16 O6 S1"
"X16252_NEG_14_355.212584857355",16252,"NEG",14,355.212769630482,355.212584857355,355.212612296459,"C19 H32 O6"
"X16256_NEG_14_459.260005737516",16256,"NEG",14,459.26027433518,459.260005737516,459.259956413009,"C23 H40 O9"
"X16266_NEG_14_633.124939953217",16266,"NEG",14,633.125277538697,633.124939953217,633.124979059639,"C32 H26 O14"
"X16276_NEG_15_307.122035199649",16276,"NEG",15,307.122175721326,307.122035199649,307.122083213019,"C13 H24 O6 S1"
"X16284_NEG_15_515.286168730955",16284,"NEG",15,515.286462105744,515.286168730955,515.286171161499,"C26 H44 O10"
"X16285_NEG_15_541.265404566554",16285,"NEG",15,541.265708357894,541.265404566554,541.265435716609,"C27 H42 O11"
"X16297_NEG_16_501.27053267127",16297,"NEG",16,501.270832817263,501.27053267127,501.270521097039,"C25 H42 O10"
"X16304_NEG_17_319.194849953618",16304,"NEG",17,319.194988257286,319.194849953618,319.194854231719,"C16 H32 O4 S1"
"X16305_NEG_17_413.254503137524",16305,"NEG",17,413.25473333851,413.254503137524,413.25447710941,"C22 H38 O7"
"X16306_NEG_17_427.233719261789",16306,"NEG",17,427.233961494366,427.233719261789,427.233741664519,"C22 H36 O8"
"X16314_NEG_17_467.265084712554",16314,"NEG",17,467.265364186595,467.265084712554,467.265041793439,"C25 H40 O8"
"X16317_NEG_18_335.153423357995",16317,"NEG",18,335.153581391792,335.153423357995,335.153383341939,"C15 H28 O6 S1"
"X16319_NEG_18_483.311570895082",16319,"NEG",18,483.311887145313,483.311570895082,483.311598063649,"C30 H44 O5"
"X16351_NEG_13_333.155546171349",16351,"NEG",13,333.155708151114,333.155546171349,333.155491342219,"C15 H26 O8"
"X16354_NEG_13_433.207901635434",16354,"NEG",13,433.20815684342,433.207901635434,433.207920839199,"C20 H34 O10"
"X16365_NEG_14_402.031306687566",16365,"NEG",14,402.031536125591,402.031306687566,402.031413025509,"C14 H13 O13 N1"
"X16366_NEG_14_403.233753973842",16366,"NEG",14,403.233980688984,403.233753973842,403.233741664519,"C20 H36 O8"
"X16368_NEG_14_461.239248462284",16368,"NEG",14,461.239517867546,461.239248462284,461.239220968119,"C22 H38 O10"
"X16382_NEG_15_527.249771049899",16382,"NEG",15,527.25007523335,527.249771049899,527.249785652149,"C26 H40 O11"
"X16383_NEG_15_543.281055812906",16383,"NEG",15,543.281360512673,543.281055812906,543.281085781069,"C27 H44 O11"
"X16391_NEG_16_495.166059030002",16391,"NEG",16,495.166345861212,495.166059030002,495.166056026249,"C27 H28 O9"
"X16394_NEG_16_527.1922394677",16394,"NEG",16,527.192548045239,527.1922394677,527.192270774739,"C28 H32 O10"
"X16395_NEG_16_541.301779972714",16395,"NEG",16,541.302111072425,541.301779972714,541.301821225959,"C28 H46 O10"
"X16396_NEG_16_545.311979801893",16396,"NEG",16,545.312283384478,545.311979801893,545.311991986819,"C31 H46 O8"
"X16412_NEG_19_373.035388561995",16412,"NEG",19,373.035599482489,373.035388561995,373.035376206969,"C21 H10 O7"
"X16425_NEG_10_303.144938222854",16425,"NEG",10,303.14506519297,303.144938222854,303.144926658189,"C14 H24 O7"
"X16428_NEG_11_218.009483420262",16428,"NEG",11,218.009513368054,218.009483420262,218.009495811109,"C10 H5 O5 N1"
"X16439_NEG_13_273.996854867633",16439,"NEG",13,273.996958067016,273.996854867633,273.996823126799,"C16 H5 O2 N1 S1"
"X16453_NEG_14_503.265077104805",16453,"NEG",14,503.265365421084,503.265077104805,503.265041793439,"C28 H40 O8"
"X16464_NEG_15_467.264999881122",16464,"NEG",15,467.265260317575,467.264999881122,467.265041793439,"C25 H40 O8"
"X16467_NEG_15_527.286143025782",16467,"NEG",15,527.28643545599,527.286143025782,527.286171161499,"C27 H44 O10"
"X16469_NEG_16_311.22276948029",16469,"NEG",16,311.222904402366,311.22276948029,311.222783057319,"C18 H32 O4"
"X16473_NEG_16_511.254817485066",16473,"NEG",16,511.255115213221,511.254817485066,511.254871032579,"C26 H40 O10"
"X16483_NEG_18_345.040425144335",16483,"NEG",18,345.040596145367,345.040425144335,345.040461587399,"C20 H10 O6"
"X16489_NEG_19_259.100929858886",16489,"NEG",19,259.101002412709,259.100929858886,259.100953844959,"C12 H20 O4 S1"
"X16509_NEG_10_247.118699867058",16509,"NEG",10,247.118757575872,247.118699867058,247.118711909699,"C11 H20 O6"
"X16512_NEG_12_316.082675726127",16512,"NEG",12,316.082812698032,316.082675726127,316.082660752979,"C16 H15 O6 N1"
"X16535_NEG_15_525.270497547694",16535,"NEG",15,525.270787147943,525.270497547694,525.270521097039,"C27 H42 O10"
"X16543_NEG_17_471.275238414382",16543,"NEG",17,471.275506779414,471.275238414382,471.275212554299,"C28 H40 O6"
"X16545_NEG_17_503.301422939372",16545,"NEG",17,503.301722864392,503.301422939372,503.301427302789,"C29 H44 O7"
"X16582_NEG_15_365.066695501045",16582,"NEG",15,365.066888036972,365.066695501045,365.066676335889,"C20 H14 O7"
"X16584_NEG_15_485.254529312229",16584,"NEG",15,485.254789543964,485.254529312229,485.254477109409,"C28 H38 O7"
"X16590_NEG_17_425.254506332644",16590,"NEG",17,425.254751909618,425.254506332644,425.254477109409,"C23 H38 O7"
"X16616_NEG_10_347.134744178865",16616,"NEG",10,347.134932476054,347.134744178865,347.134755897329,"C15 H24 O9"
"X16620_NEG_11_322.093279245304",16620,"NEG",11,322.093427870985,322.093279245304,322.093225437009,"C15 H17 O7 N1"
"X16636_NEG_14_511.254822858864",16636,"NEG",14,511.255111627299,511.254822858864,511.254871032579,"C26 H40 O10"
"X16654_NEG_17_483.275171312276",16654,"NEG",17,483.275461349726,483.275171312276,483.275212554299,"C29 H40 O6"
"X16656_NEG_17_485.29088722912",16656,"NEG",17,485.291177505809,485.29088722912,485.290862618759,"C29 H42 O6"
"X16676_NEG_11_352.103792610326",16676,"NEG",11,352.103980489329,352.103792610326,352.103790121039,"C16 H19 O8 N1"
"X16678_NEG_11_417.176609803167",16678,"NEG",11,417.17687877866,417.176609803167,417.176620710279,"C19 H30 O10"
"X16692_NEG_14_219.139026498448",16692,"NEG",14,219.139068380828,219.139026498448,219.139053431419,"C14 H20 O2"
"X16699_NEG_15_497.275595383317",16699,"NEG",15,497.275878169493,497.275595383317,497.275606477469,"C26 H42 O9"
"X16707_NEG_17_487.306531871499",16707,"NEG",17,487.306819606552,487.306531871499,487.306512683219,"C29 H44 O6"
"X16711_NEG_18_485.290836038651",16711,"NEG",18,485.291165983785,485.290836038651,485.290862618759,"C29 H42 O6"
"X16746_NEG_15_219.139024832682",16746,"NEG",15,219.139063664392,219.139024832682,219.139053431419,"C14 H20 O2"
"X16777_NEG_17_399.25410754031",16777,"NEG",17,399.25431148129,399.25410754031,399.254083186239,"C25 H36 O4"
"X16779_NEG_19_483.347966117746",16779,"NEG",19,483.348267363184,483.347966117746,483.347983572999,"C31 H48 O4"
"X16793_NEG_17_529.317019401001",16793,"NEG",17,529.317328999542,529.317019401001,529.317077367249,"C31 H46 O7"
"X16812_NEG_11_175.007032935383",16812,"NEG",11,175.007020497953,175.007032935383,175.007053458199,"C6 H8 O4 S1"
"X16828_NEG_16_268.191754096241",16828,"NEG",16,268.191847448379,268.191754096241,268.191817281029,"C15 H27 O3 N1"
"X16832_NEG_17_305.106426428278",16832,"NEG",17,305.106547610925,305.106426428278,305.106433148559,"C13 H22 O6 S1"
"X16834_NEG_18_257.08525741088",16834,"NEG",18,257.085329816857,257.08525741088,257.085303780499,"C12 H18 O4 S1"
"X17101_NEG_17_217.1233869985",17101,"NEG",17,217.123418240707,217.1233869985,217.123403366959,"C14 H18 O2"
"X17138_NEG_12_347.11103684772",17138,"NEG",12,347.111206387014,347.11103684772,347.111124605819,"C22 H20 O2 S1"
"X17141_NEG_13_211.036033439658",17141,"NEG",13,211.036060439819,211.036033439658,211.036044912229,"C8 H8 O5 N2"
"X17142_NEG_13_224.020032070155",17142,"NEG",13,224.020074700206,224.020032070155,224.020060495139,"C9 H7 O6 N1"
"X17144_NEG_13_241.035362050358",17144,"NEG",13,241.035423691267,241.035362050358,241.035376206969,"C10 H10 O7"
"X17145_NEG_13_255.050989835813",17145,"NEG",13,255.051066702585,255.050989835813,255.051026271429,"C11 H12 O7"
"X17153_NEG_14_269.066623756342",17153,"NEG",14,269.066718665685,269.066623756342,269.066676335889,"C12 H14 O7"
"X17154_NEG_14_347.111074481944",17154,"NEG",14,347.111252171458,347.111074481944,347.111124605819,"C22 H20 O2 S1"
"X17157_NEG_15_177.128473574858",17157,"NEG",15,177.128458938206,177.128473574858,177.128488747389,"C12 H18 O1"
"X17158_NEG_15_179.144123492207",17158,"NEG",15,179.144110462503,179.144123492207,179.144138811849,"C12 H20 O1"
"X17160_NEG_15_212.020044978131",17160,"NEG",15,212.020079747714,212.020044978131,212.020060495139,"C8 H7 O6 N1"
"X17164_NEG_15_319.116262449943",17164,"NEG",15,319.116414506358,319.116262449943,319.116209986249,"C21 H20 O1 S1"
"X17165_NEG_16_307.122066996033",17165,"NEG",16,307.122192903996,307.122066996033,307.122083213019,"C13 H24 O6 S1"
"X17166_NEG_16_309.137705940585",17166,"NEG",16,309.137833439602,309.137705940585,309.137733277479,"C13 H26 O6 S1"
"X17167_NEG_16_320.150381436277",17167,"NEG",16,320.150519812075,320.150381436277,320.150346391249,"C17 H23 O5 N1"
"X17169_NEG_16_332.119722829688",17169,"NEG",16,332.119868840381,332.119722829688,332.119834108669,"C10 H23 O11 N1"
"X17170_NEG_16_347.111160752189",17170,"NEG",16,347.111325684847,347.111160752189,347.111124605819,"C22 H20 O2 S1"
"X17171_NEG_16_354.101620303226",17171,"NEG",16,354.101792105107,354.101620303226,354.101682120759,"C16 H21 O6 N1 S1"
"X17173_NEG_16_411.056846995929",17173,"NEG",16,411.057074511881,411.056846995929,411.056899498199,"C17 H16 O12"
"X17174_NEG_16_483.056202253773",17174,"NEG",16,483.056499554214,483.056202253773,483.056248049519,"C15 H20 O14 N2 S1"
"X17176_NEG_16_549.246881789241",17176,"NEG",16,549.247257602925,549.246881789241,549.246889805529,"C36 H38 O3 S1"
"X17179_NEG_17_219.139030858113",17179,"NEG",17,219.139064121621,219.139030858113,219.139053431419,"C14 H20 O2"
"X17183_NEG_17_332.119735096157",17183,"NEG",17,332.119883197767,332.119735096157,332.119834108669,"C10 H23 O11 N1"
"X17188_NEG_18_345.131909167764",17188,"NEG",18,345.132082817613,345.131909167764,345.131860050709,"C23 H22 O1 S1"
"X17193_NEG_19_297.134360274724",17193,"NEG",19,297.134488246091,297.134360274724,297.134361974159,"C15 H22 O6"
"X17194_NEG_19_323.153373752132",17194,"NEG",19,323.153542537362,323.153373752132,323.153383341939,"C14 H28 O6 S1"
"X17199_NEG_20_351.184611744235",17199,"NEG",20,351.18484772037,351.184611744235,351.184683470859,"C16 H32 O6 S1"
"X17202_NEG_21_351.184675798143",17202,"NEG",21,351.18484373257,351.184675798143,351.184683470859,"C16 H32 O6 S1"
"X17219_NEG_14_293.106400956318",17219,"NEG",14,293.106527375463,293.106400956318,293.106433148559,"C12 H22 O6 S1"
"X17224_NEG_16_493.016062011588",17224,"NEG",16,493.016367331793,493.016062011588,493.016097313679,"C22 H10 O12 N2"
"X17230_NEG_17_573.270472655157",17230,"NEG",17,573.270868655161,573.270472655157,573.270521097039,"C31 H42 O10"
"X17237_NEG_9_184.061522295275",17237,"NEG",9,184.061513010826,184.061522295275,184.061531384919,"C8 H11 O4 N1"
"X17246_NEG_15_401.233381447134",17246,"NEG",15,401.233603500607,401.233381447134,401.233347741349,"C24 H34 O5"
"X17252_NEG_17_309.137724865954",17252,"NEG",17,309.137852681266,309.137724865954,309.137733277479,"C13 H26 O6 S1"
"X17259_NEG_10_255.123770105853",17259,"NEG",10,255.123838109873,255.123770105853,255.123797290129,"C13 H20 O5"
"X17271_NEG_15_349.126765565881",17271,"NEG",15,349.126944744374,349.126765565881,349.126774670279,"C22 H22 O2 S1"
"X17319_NEG_13_391.212654843122",17319,"NEG",13,391.212874862193,391.212654843122,391.212612296459,"C22 H32 O6"
"X17391_NEG_10_338.08820911123",17391,"NEG",10,338.088385919397,338.08820911123,338.088140056579,"C15 H17 O8 N1"
"X17392_NEG_10_351.083366614173",17392,"NEG",10,351.083559926354,351.083366614173,351.083389028779,"C15 H16 O8 N2"
"X17396_NEG_11_347.08843350302",17396,"NEG",11,347.088615463215,347.08843350302,347.088474409209,"C16 H16 O7 N2"
"X17399_NEG_11_377.099051425084",17399,"NEG",11,377.099272370917,377.099051425084,377.099039093239,"C17 H18 O8 N2"
"X17472_NEG_11_363.083401651872",17472,"NEG",11,363.083604689475,363.083401651872,363.083389028779,"C16 H16 O8 N2"
"X17513_NEG_11_349.104105614677",17513,"NEG",11,349.104290099492,349.104105614677,349.104124473669,"C16 H18 O7 N2"
"X17514_NEG_11_361.104143178939",17514,"NEG",11,361.104343234159,361.104143178939,361.104124473669,"C17 H18 O7 N2"
"X17607_NEG_9_226.072093841988",17607,"NEG",9,226.072125883678,226.072093841988,226.072096068949,"C10 H13 O5 N1"
"X17611_NEG_9_254.067007917473",17611,"NEG",9,254.067072590098,254.067007917473,254.067010688519,"C11 H13 O6 N1"
"X17612_NEG_9_256.082670379289",17612,"NEG",9,256.082738899894,256.082670379289,256.082660752979,"C11 H15 O6 N1"
"X17614_NEG_9_273.097932573019",17614,"NEG",9,273.098019528828,273.097932573019,273.097976464809,"C12 H18 O7"
"X17622_NEG_10_205.025510250388",17622,"NEG",10,205.025518305185,205.025510250388,205.025480228199,"C9 H6 O4 N2"
"X17624_NEG_10_208.025125877534",17624,"NEG",10,208.025137258566,208.025125877534,208.025145875569,"C9 H7 O5 N1"
"X17631_NEG_10_230.04585475662",17631,"NEG",10,230.045891881592,230.04585475662,230.045881320459,"C12 H9 O4 N1"
"X17634_NEG_10_234.040790424758",17634,"NEG",10,234.040832177444,234.040790424758,234.040795940029,"C11 H9 O5 N1"
"X17636_NEG_10_235.072428106503",17636,"NEG",10,235.072470643682,235.072428106503,235.072430421579,"C11 H12 O4 N2"
"X17640_NEG_10_245.056772816596",17640,"NEG",10,245.056827852195,245.056772816596,245.056780357119,"C12 H10 O4 N2"
"X17641_NEG_10_246.040776228685",17641,"NEG",10,246.040832108949,246.040776228685,246.040795940029,"C12 H9 O5 N1"
"X17642_NEG_10_247.036026901362",17642,"NEG",10,247.036083968622,247.036026901362,247.036044912229,"C11 H8 O5 N2"
"X17647_NEG_10_250.072069783279",17647,"NEG",10,250.072130485971,250.072069783279,250.072096068949,"C12 H13 O5 N1"
"X17649_NEG_10_252.051346134545",17649,"NEG",10,252.051409219002,252.051346134545,252.051360624059,"C11 H11 O6 N1"
"X17650_NEG_10_252.091100036496",17650,"NEG",10,252.091165830703,252.091100036496,252.091117436729,"C9 H19 O5 N1 S1"
"X17651_NEG_10_256.082651176423",17651,"NEG",10,256.082719140601,256.082651176423,256.082660752979,"C11 H15 O6 N1"
"X17654_NEG_10_260.056412308205",17654,"NEG",10,260.05648461278,260.056412308205,260.056446004489,"C13 H11 O5 N1"
"X17655_NEG_10_261.051648644955",17655,"NEG",10,261.051722665238,261.051648644955,261.051694976689,"C12 H10 O5 N2"
"X17657_NEG_10_262.072078494317",17657,"NEG",10,262.072153779378,262.072078494317,262.072096068949,"C13 H13 O5 N1"
"X17658_NEG_10_263.067325245004",17658,"NEG",10,263.06740173001,263.067325245004,263.067345041149,"C12 H12 O5 N2"
"X17660_NEG_10_264.087709750473",17660,"NEG",10,264.087787518311,264.087709750473,264.087746133409,"C13 H15 O5 N1"
"X17661_NEG_10_265.082951288097",17661,"NEG",10,265.083030285378,265.082951288097,265.082995105609,"C12 H14 O5 N2"
"X17662_NEG_10_266.103382416304",17662,"NEG",10,266.103462890048,266.103382416304,266.103396197869,"C13 H17 O5 N1"
"X17663_NEG_10_270.098254339035",17663,"NEG",10,270.098339567454,270.098254339035,270.098310817439,"C12 H17 O6 N1"
"X17668_NEG_10_275.0673004975",17668,"NEG",10,275.067391441932,275.0673004975,275.067345041149,"C13 H12 O5 N2"
"X17669_NEG_10_276.051325815252",17669,"NEG",10,276.051418517094,276.051325815252,276.051360624059,"C13 H11 O6 N1"
"X17670_NEG_10_277.082963893628",17670,"NEG",10,277.083057899095,277.082963893628,277.082995105609,"C13 H14 O5 N2"
"X17671_NEG_10_278.066979888584",17671,"NEG",10,278.067075139841,278.066979888584,278.067010688519,"C13 H13 O6 N1"
"X17673_NEG_10_279.098600527317",17673,"NEG",10,279.098697087092,279.098600527317,279.098645170069,"C13 H16 O5 N2"
"X17674_NEG_10_280.082614457795",17674,"NEG",10,280.082712268048,280.082614457795,280.082660752979,"C13 H15 O6 N1"
"X17675_NEG_10_282.098283431984",17675,"NEG",10,282.09838381088,282.098283431984,282.098310817439,"C13 H17 O6 N1"
"X17682_NEG_10_290.067003627582",17682,"NEG",10,290.067114255361,290.067003627582,290.067010688519,"C14 H13 O6 N1"
"X17683_NEG_10_291.098644270252",17683,"NEG",10,291.098756235835,291.098644270252,291.098645170069,"C14 H16 O5 N2"
"X17684_NEG_10_292.08262820633",17684,"NEG",10,292.082740843266,292.08262820633,292.082660752979,"C14 H15 O6 N1"
"X17685_NEG_10_293.077878588774",17685,"NEG",10,293.077993128029,293.077878588774,293.077909725179,"C13 H14 O6 N2"
"X17686_NEG_10_294.098279841152",17686,"NEG",10,294.098395710889,294.098279841152,294.098310817439,"C14 H17 O6 N1"
"X17687_NEG_10_295.093535950931",17687,"NEG",10,295.093653120735,295.093535950931,295.093559789639,"C13 H16 O6 N2"
"X17690_NEG_10_301.046588685141",17690,"NEG",10,301.046713706132,301.046588685141,301.046609596259,"C14 H10 O6 N2"
"X17691_NEG_10_303.062258907294",17691,"NEG",10,303.062386474084,303.062258907294,303.062259660719,"C14 H12 O6 N2"
"X17692_NEG_10_304.046289062234",17692,"NEG",10,304.046417231191,304.046289062234,304.046275243629,"C14 H11 O7 N1"
"X17693_NEG_10_306.061938197111",17693,"NEG",10,306.062069028717,306.061938197111,306.061925308089,"C14 H13 O7 N1"
"X17694_NEG_10_307.093563380579",17694,"NEG",10,307.093696409901,307.093563380579,307.093559789639,"C14 H16 O6 N2"
"X17695_NEG_10_309.10921512319",17695,"NEG",10,309.109350849834,309.10921512319,309.109209854099,"C14 H18 O6 N2"
"X17697_NEG_10_312.072503377194",17697,"NEG",10,312.072642730426,312.072503377194,312.072489992119,"C13 H15 O8 N1"
"X17701_NEG_10_319.093563345781",17701,"NEG",10,319.093712504428,319.093563345781,319.093559789639,"C15 H16 O6 N2"
"X17702_NEG_10_321.072847798433",17702,"NEG",10,321.072998537823,321.072847798433,321.072824344749,"C14 H14 O7 N2"
"X17703_NEG_10_321.10924465226",17703,"NEG",10,321.109396636011,321.10924465226,321.109209854099,"C15 H18 O6 N2"
"X17704_NEG_10_322.093248283513",17704,"NEG",10,322.093401615449,322.093248283513,322.093225437009,"C15 H17 O7 N1"
"X17705_NEG_10_323.08848701968",17705,"NEG",10,323.088641717521,323.08848701968,323.088474409209,"C14 H16 O7 N2"
"X17706_NEG_10_324.072492139191",17706,"NEG",10,324.072648092639,324.072492139191,324.072489992119,"C14 H15 O8 N1"
"X17707_NEG_10_324.108889158049",17707,"NEG",10,324.109045258764,324.108889158049,324.108875501469,"C15 H19 O7 N1"
"X17709_NEG_10_326.088200786327",17709,"NEG",10,326.088359615266,326.088200786327,326.088140056579,"C14 H17 O8 N1"
"X17717_NEG_10_337.104189068515",17717,"NEG",10,337.104362596897,337.104189068515,337.104124473669,"C15 H18 O7 N2"
"X17720_NEG_10_347.088453643029",17720,"NEG",10,347.088642116719,347.088453643029,347.088474409209,"C16 H16 O7 N2"
"X17722_NEG_10_349.104112864949",17722,"NEG",10,349.104304098283,349.104112864949,349.104124473669,"C16 H18 O7 N2"
"X17723_NEG_10_351.119752136323",17723,"NEG",10,351.119945035567,351.119752136323,351.119774538129,"C16 H20 O7 N2"
"X17726_NEG_10_353.099023982442",17726,"NEG",10,353.099219275947,353.099023982442,353.099039093239,"C15 H18 O8 N2"
"X17736_NEG_11_196.097895956296",17736,"NEG",11,196.097904420636,196.097895956296,196.097916894269,"C10 H15 O3 N1"
"X17737_NEG_11_202.05097172021",17737,"NEG",11,202.050986255945,202.05097172021,202.050966700889,"C11 H9 O3 N1"
"X17740_NEG_11_210.077174056231",17740,"NEG",11,210.077196883733,210.077174056231,210.077181449379,"C10 H13 O4 N1"
"X17742_NEG_11_214.05095943696",17742,"NEG",11,214.050986838058,214.05095943696,214.050966700889,"C12 H9 O3 N1"
"X17747_NEG_11_224.092801167433",17747,"NEG",11,224.092838766277,224.092801167433,224.092831513839,"C11 H15 O4 N1"
"X17752_NEG_11_230.045858300197",17752,"NEG",11,230.045902285434,230.045858300197,230.045881320459,"C12 H9 O4 N1"
"X17754_NEG_11_232.061534168243",17754,"NEG",11,232.061580331062,232.061534168243,232.061531384919,"C12 H11 O4 N1"
"X17756_NEG_11_234.040794598337",17756,"NEG",11,234.040842906871,234.040794598337,234.040795940029,"C11 H9 O5 N1"
"X17757_NEG_11_234.077172713617",17757,"NEG",11,234.077221061658,234.077172713617,234.077181449379,"C12 H13 O4 N1"
"X17759_NEG_11_240.030215239894",17759,"NEG",11,240.030270086663,240.030215239894,240.030231255999,"C13 H7 O4 N1"
"X17767_NEG_11_250.035689007219",17767,"NEG",11,250.035755014336,250.035689007219,250.035710559599,"C11 H9 O6 N1"
"X17769_NEG_11_254.103352978814",17769,"NEG",11,254.103423455099,254.103352978814,254.103396197869,"C12 H17 O5 N1"
"X17771_NEG_11_256.082657686043",17771,"NEG",11,256.082730390557,256.082657686043,256.082660752979,"C11 H15 O6 N1"
"X17772_NEG_11_258.040768066536",17772,"NEG",11,258.040842982707,258.040768066536,258.040795940029,"C13 H9 O5 N1"
"X17773_NEG_11_260.056415860048",17773,"NEG",11,260.056493060432,260.056415860048,260.056446004489,"C13 H11 O5 N1"
"X17774_NEG_11_262.072046255337",17774,"NEG",11,262.072125747595,262.072046255337,262.072096068949,"C13 H13 O5 N1"
"X17777_NEG_11_264.08769247839",17777,"NEG",11,264.087774270219,264.08769247839,264.087746133409,"C13 H15 O5 N1"
"X17779_NEG_11_268.118987450531",17779,"NEG",11,268.119073864546,268.118987450531,268.119046262329,"C13 H19 O5 N1"
"X17781_NEG_11_272.05640115078",17781,"NEG",11,272.056492108992,272.05640115078,272.056446004489,"C14 H11 O5 N1"
"X17783_NEG_11_274.072041562062",17783,"NEG",11,274.072134857879,274.072041562062,274.072096068949,"C14 H13 O5 N1"
"X17784_NEG_11_275.067319886919",17784,"NEG",11,275.067414339826,275.067319886919,275.067345041149,"C13 H12 O5 N2"
"X17785_NEG_11_276.087692366931",17785,"NEG",11,276.087788008046,276.087692366931,276.087746133409,"C14 H15 O5 N1"
"X17787_NEG_11_277.082946170722",17787,"NEG",11,277.083043362661,277.082946170722,277.082995105609,"C13 H14 O5 N2"
"X17788_NEG_11_278.103350780768",17788,"NEG",11,278.103448774869,278.103350780768,278.103396197869,"C14 H17 O5 N1"
"X17789_NEG_11_279.098621037393",17789,"NEG",11,279.098720532186,279.098621037393,279.098645170069,"C13 H16 O5 N2"
"X17791_NEG_11_280.119009281829",17791,"NEG",11,280.119109636597,280.119009281829,280.119046262329,"C14 H19 O5 N1"
"X17794_NEG_11_284.113947074351",17794,"NEG",11,284.114052130537,284.113947074351,284.113960881899,"C13 H19 O6 N1"
"X17795_NEG_11_286.035708055773",17795,"NEG",11,286.035815229565,286.035708055773,286.035710559599,"C14 H9 O6 N1"
"X17796_NEG_11_287.067297001559",17796,"NEG",11,287.067405134749,287.067297001559,287.067345041149,"C14 H12 O5 N2"
"X17797_NEG_11_288.051338106945",17797,"NEG",11,288.051447270062,288.051338106945,288.051360624059,"C14 H11 O6 N1"
"X17799_NEG_11_289.082948830323",17799,"NEG",11,289.083059776349,289.082948830323,289.082995105609,"C14 H14 O5 N2"
"X17801_NEG_11_290.067009768173",17801,"NEG",11,290.06712188616,290.067009768173,290.067010688519,"C14 H13 O6 N1"
"X17802_NEG_11_290.103377872428",17802,"NEG",11,290.103489729441,290.103377872428,290.103396197869,"C15 H17 O5 N1"
"X17803_NEG_11_291.098595840647",17803,"NEG",11,291.098709189158,291.098595840647,291.098645170069,"C14 H16 O5 N2"
"X17804_NEG_11_292.046261598955",17804,"NEG",11,292.046375966495,292.046261598955,292.046275243629,"C13 H11 O7 N1"
"X17806_NEG_11_293.114269919249",17806,"NEG",11,293.114385677958,293.114269919249,293.114295234529,"C14 H18 O5 N2"
"X17808_NEG_11_296.077568088146",17808,"NEG",11,296.077687404097,296.077568088146,296.077575372549,"C13 H15 O7 N1"
"X17809_NEG_11_296.113940517079",17809,"NEG",11,296.114059876796,296.113940517079,296.113960881899,"C14 H19 O6 N1"
"X17810_NEG_11_298.09318733251",17810,"NEG",11,298.093309077564,298.09318733251,298.093225437009,"C13 H17 O7 N1"
"X17811_NEG_11_300.051385327668",17811,"NEG",11,300.051509304002,300.051385327668,300.051360624059,"C15 H11 O6 N1"
"X17814_NEG_11_302.030607458655",17814,"NEG",11,302.030733869213,302.030607458655,302.030625179169,"C14 H9 O7 N1"
"X17815_NEG_11_302.066995147769",17815,"NEG",11,302.067121704308,302.066995147769,302.067010688519,"C15 H13 O6 N1"
"X17816_NEG_11_303.098645107783",17816,"NEG",11,303.098772918325,303.098645107783,303.098645170069,"C15 H16 O5 N2"
"X17817_NEG_11_304.04627529634",17817,"NEG",11,304.046404260527,304.04627529634,304.046275243629,"C14 H11 O7 N1"
"X17818_NEG_11_304.082634992462",17818,"NEG",11,304.082764000947,304.082634992462,304.082660752979,"C15 H15 O6 N1"
"X17819_NEG_11_305.114312494506",17819,"NEG",11,305.114442760957,305.114312494506,305.114295234529,"C15 H18 O5 N2"
"X17820_NEG_11_306.098314225788",17820,"NEG",11,306.098445693948,306.098314225788,306.098310817439,"C15 H17 O6 N1"
"X17821_NEG_11_307.093527059729",17821,"NEG",11,307.093659745149,307.093527059729,307.093559789639,"C14 H16 O6 N2"
"X17823_NEG_11_308.113970152018",17823,"NEG",11,308.114104087503,308.113970152018,308.113960881899,"C15 H19 O6 N1"
"X17824_NEG_11_309.109187810473",17824,"NEG",11,309.109323282391,309.109187810473,309.109209854099,"C14 H18 O6 N2"
"X17825_NEG_11_310.129630546365",17825,"NEG",11,310.129766716079,310.129630546365,310.129610946359,"C15 H21 O6 N1"
"X17826_NEG_11_312.108873106669",17826,"NEG",11,312.109011954931,312.108873106669,312.108875501469,"C14 H19 O7 N1"
"X17830_NEG_11_316.04631951037",17830,"NEG",11,316.046463230272,316.04631951037,316.046275243629,"C15 H11 O7 N1"
"X17831_NEG_11_316.08265606174",17831,"NEG",11,316.082799525303,316.08265606174,316.082660752979,"C16 H15 O6 N1"
"X17832_NEG_11_317.077940447691",17832,"NEG",11,317.078085448819,317.077940447691,317.077909725179,"C15 H14 O6 N2"
"X17834_NEG_11_318.061939977317",17834,"NEG",11,318.062085694792,318.061939977317,318.061925308089,"C15 H13 O7 N1"
"X17836_NEG_11_319.093588869706",17836,"NEG",11,319.093736379983,319.093588869706,319.093559789639,"C15 H16 O6 N2"
"X17839_NEG_11_320.077620933016",17839,"NEG",11,320.077769671041,320.077620933016,320.077575372549,"C15 H15 O7 N1"
"X17840_NEG_11_320.114017347724",17840,"NEG",11,320.114166131195,320.114017347724,320.113960881899,"C16 H19 O6 N1"
"X17842_NEG_11_321.10923804948",17842,"NEG",11,321.109388076587,321.10923804948,321.109209854099,"C15 H18 O6 N2"
"X17843_NEG_11_324.108926837697",17843,"NEG",11,324.109080348228,324.108926837697,324.108875501469,"C15 H19 O7 N1"
"X17845_NEG_11_326.124558891124",17845,"NEG",11,326.124715213915,326.124558891124,326.124525565929,"C15 H21 O7 N1"
"X17850_NEG_11_332.077645292299",17850,"NEG",11,332.077809149651,332.077645292299,332.077575372549,"C16 H15 O7 N1"
"X17851_NEG_11_333.072887235892",17851,"NEG",11,333.073052715259,333.072887235892,333.072824344749,"C15 H14 O7 N2"
"X17852_NEG_11_333.109256166533",17852,"NEG",11,333.109421336361,333.109256166533,333.109209854099,"C16 H18 O6 N2"
"X17854_NEG_11_335.124927606827",17854,"NEG",11,335.125095145623,335.124927606827,335.124859918559,"C16 H20 O6 N2"
"X17855_NEG_11_336.108953871914",17855,"NEG",11,336.109122869559,336.108953871914,336.108875501469,"C16 H19 O7 N1"
"X17856_NEG_11_337.104164465973",17856,"NEG",11,337.104334737333,337.104164465973,337.104124473669,"C15 H18 O7 N2"
"X17857_NEG_11_338.124558999992",17857,"NEG",11,338.124730566909,338.124558999992,338.124525565929,"C16 H21 O7 N1"
"X17858_NEG_11_339.119761882303",17858,"NEG",11,339.119934522313,339.119761882303,339.119774538129,"C15 H20 O7 N2"
"X17861_NEG_11_345.072779115188",17861,"NEG",11,345.072959412568,345.072779115188,345.072824344749,"C16 H14 O7 N2"
"X17867_NEG_11_350.088168829058",17867,"NEG",11,350.088355889457,350.088168829058,350.088140056579,"C16 H17 O8 N1"
"X17868_NEG_11_350.124466309097",17868,"NEG",11,350.124653360251,350.124466309097,350.124525565929,"C17 H21 O7 N1"
"X17870_NEG_11_354.119454147784",17870,"NEG",11,354.119647190453,354.119454147784,354.119440185499,"C16 H21 O8 N1"
"X17876_NEG_11_363.119796503244",17876,"NEG",11,363.120000734683,363.119796503244,363.119774538129,"C17 H20 O7 N2"
"X17878_NEG_11_365.099043613606",17878,"NEG",11,365.099251234719,365.099043613606,365.099039093239,"C16 H18 O8 N2"
"X17879_NEG_11_365.135394424427",17879,"NEG",11,365.135601091344,365.135394424427,365.135424602589,"C17 H22 O7 N2"
"X17880_NEG_11_366.119442053133",17880,"NEG",11,366.119650282483,366.119442053133,366.119440185499,"C17 H21 O8 N1"
"X17886_NEG_11_379.114735410407",17886,"NEG",11,379.11496085132,379.114735410407,379.114689157699,"C17 H20 O8 N2"
"X17895_NEG_12_214.017938339285",17895,"NEG",12,214.017967072247,214.017938339285,214.017952494859,"C8 H9 O4 N1 S1"
"X17896_NEG_12_216.981222580881",17896,"NEG",12,216.981254447294,216.981222580881,216.981232632879,"C7 H6 O6 S1"
"X17898_NEG_12_228.066608444153",17898,"NEG",12,228.066651685286,228.066608444153,228.066616765349,"C13 H11 O3 N1"
"X17899_NEG_12_230.04585326624",17899,"NEG",12,230.045897827884,230.04585326624,230.045881320459,"C12 H9 O4 N1"
"X17900_NEG_12_232.061517724384",17900,"NEG",12,232.061564195996,232.061517724384,232.061531384919,"C12 H11 O4 N1"
"X17902_NEG_12_234.07718209627",17902,"NEG",12,234.07723058103,234.07718209627,234.077181449379,"C12 H13 O4 N1"
"X17906_NEG_12_242.045836682618",17906,"NEG",12,242.045893188164,242.045836682618,242.045881320459,"C13 H9 O4 N1"
"X17908_NEG_12_246.04078849527",17908,"NEG",12,246.040849059193,246.04078849527,246.040795940029,"C12 H9 O5 N1"
"X17910_NEG_12_248.056424535745",17910,"NEG",12,248.056487156759,248.056424535745,248.056446004489,"C12 H11 O5 N1"
"X17911_NEG_12_248.09280575245",17911,"NEG",12,248.092868410651,248.09280575245,248.092831513839,"C13 H15 O4 N1"
"X17912_NEG_12_249.99930209173",17912,"NEG",12,249.99936670158,249.99930209173,249.999325050249,"C10 H5 O7 N1"
"X17913_NEG_12_250.072066364633",17913,"NEG",12,250.072131188403,250.072066364633,250.072096068949,"C12 H13 O5 N1"
"X17915_NEG_12_254.103378757919",17915,"NEG",12,254.103447872649,254.103378757919,254.103396197869,"C12 H17 O5 N1"
"X17917_NEG_12_256.061489843346",17917,"NEG",12,256.061561306081,256.061489843346,256.061531384919,"C14 H11 O4 N1"
"X17918_NEG_12_256.064849089467",17918,"NEG",12,256.064919946246,256.064849089467,256.064902688239,"C11 H15 O4 N1 S1"
"X17919_NEG_12_258.040780938631",17919,"NEG",12,258.040853842826,258.040780938631,258.040795940029,"C13 H9 O5 N1"
"X17920_NEG_12_259.028160251209",17920,"NEG",12,259.028233787421,259.028160251209,259.028182826259,"C10 H12 O6 S1"
"X17921_NEG_12_260.056405906046",17921,"NEG",12,260.056480905066,260.056405906046,260.056446004489,"C13 H11 O5 N1"
"X17922_NEG_12_262.072054122276",17922,"NEG",12,262.072131222482,262.072054122276,262.072096068949,"C13 H13 O5 N1"
"X17923_NEG_12_264.051290237931",17923,"NEG",12,264.051369556048,264.051290237931,264.051360624059,"C12 H11 O6 N1"
"X17924_NEG_12_264.087688784434",17924,"NEG",12,264.087767992155,264.087688784434,264.087746133409,"C13 H15 O5 N1"
"X17926_NEG_12_268.118990290645",17926,"NEG",12,268.119073732447,268.118990290645,268.119046262329,"C13 H19 O5 N1"
"X17929_NEG_12_272.056413493439",17929,"NEG",12,272.056501085786,272.056413493439,272.056446004489,"C14 H11 O5 N1"
"X17931_NEG_12_274.035668636744",17931,"NEG",12,274.035758338767,274.035668636744,274.035710559599,"C13 H9 O6 N1"
"X17934_NEG_12_276.051314750526",17934,"NEG",12,276.051406597705,276.051314750526,276.051360624059,"C13 H11 O6 N1"
"X17935_NEG_12_276.087690898009",17935,"NEG",12,276.08778278396,276.087690898009,276.087746133409,"C14 H15 O5 N1"
"X17936_NEG_12_278.066960076624",17936,"NEG",12,278.067054075299,278.066960076624,278.067010688519,"C13 H13 O6 N1"
"X17937_NEG_12_278.103370958771",17937,"NEG",12,278.103464996369,278.103370958771,278.103396197869,"C14 H17 O5 N1"
"X17938_NEG_12_280.118998914194",17938,"NEG",12,280.119095109724,280.118998914194,280.119046262329,"C14 H19 O5 N1"
"X17939_NEG_12_282.0982612548",17939,"NEG",12,282.098360194092,282.0982612548,282.098310817439,"C13 H17 O6 N1"
"X17943_NEG_12_286.035656996029",17943,"NEG",12,286.035760046088,286.035656996029,286.035710559599,"C14 H9 O6 N1"
"X17945_NEG_12_288.051314949976",17945,"NEG",12,288.051419699416,288.051314949976,288.051360624059,"C14 H11 O6 N1"
"X17946_NEG_12_288.087734290422",17946,"NEG",12,288.08783930524,288.087734290422,288.087746133409,"C15 H15 O5 N1"
"X17947_NEG_12_290.06700010417",17947,"NEG",12,290.067107042893,290.06700010417,290.067010688519,"C14 H13 O6 N1"
"X17948_NEG_12_290.103359673911",17948,"NEG",12,290.103466045416,290.103359673911,290.103396197869,"C15 H17 O5 N1"
"X17949_NEG_12_291.098600415303",17949,"NEG",12,291.098709527616,291.098600415303,291.098645170069,"C14 H16 O5 N2"
"X17950_NEG_12_292.119062174665",17950,"NEG",12,292.119171348696,292.119062174665,292.119046262329,"C15 H19 O5 N1"
"X17954_NEG_12_296.113935468503",17954,"NEG",12,296.114049012988,296.113935468503,296.113960881899,"C14 H19 O6 N1"
"X17956_NEG_12_300.051340478413",17956,"NEG",12,300.051459261952,300.051340478413,300.051360624059,"C15 H11 O6 N1"
"X17957_NEG_12_302.067038917823",17957,"NEG",12,302.067159021307,302.067038917823,302.067010688519,"C15 H13 O6 N1"
"X17958_NEG_12_303.098645067999",17958,"NEG",12,303.098766313706,303.098645067999,303.098645170069,"C15 H16 O5 N2"
"X17960_NEG_12_304.082649369546",17960,"NEG",12,304.082771706318,304.082649369546,304.082660752979,"C15 H15 O6 N1"
"X17962_NEG_12_305.114284596514",17962,"NEG",12,305.114408317266,305.114284596514,305.114295234529,"C15 H18 O5 N2"
"X17963_NEG_12_306.098323779031",17963,"NEG",12,306.098448355501,306.098323779031,306.098310817439,"C15 H17 O6 N1"
"X17966_NEG_12_308.11396085762",17966,"NEG",12,308.114087680088,308.11396085762,308.113960881899,"C15 H19 O6 N1"
"X17967_NEG_12_310.093258261483",17967,"NEG",12,310.093386090812,310.093258261483,310.093225437009,"C14 H17 O7 N1"
"X17968_NEG_12_310.129601111343",17968,"NEG",12,310.129730186151,310.129601111343,310.129610946359,"C15 H21 O6 N1"
"X17969_NEG_12_312.108880964974",17969,"NEG",12,312.109012256725,312.108880964974,312.108875501469,"C14 H19 O7 N1"
"X17973_NEG_12_316.046294300729",17973,"NEG",12,316.046430318145,316.046294300729,316.046275243629,"C15 H11 O7 N1"
"X17974_NEG_12_318.061947426056",17974,"NEG",12,318.062085426292,318.061947426056,318.061925308089,"C15 H13 O7 N1"
"X17975_NEG_12_318.098339377151",17975,"NEG",12,318.098477718248,318.098339377151,318.098310817439,"C16 H17 O6 N1"
"X17976_NEG_12_319.093560946205",17976,"NEG",12,319.093700114421,319.093560946205,319.093559789639,"C15 H16 O6 N2"
"X17978_NEG_12_320.077592762804",17978,"NEG",12,320.077733046677,320.077592762804,320.077575372549,"C15 H15 O7 N1"
"X17979_NEG_12_320.114011139052",17979,"NEG",12,320.114151769061,320.114011139052,320.113960881899,"C16 H19 O6 N1"
"X17980_NEG_12_321.109237073467",17980,"NEG",12,321.1093779099,321.109237073467,321.109209854099,"C15 H18 O6 N2"
"X17981_NEG_12_322.093269719209",17981,"NEG",12,322.093411090246,322.093269719209,322.093225437009,"C15 H17 O7 N1"
"X17982_NEG_12_322.129665863375",17982,"NEG",12,322.129808478668,322.129665863375,322.129610946359,"C16 H21 O6 N1"
"X17983_NEG_12_324.108917266709",17983,"NEG",12,324.109062136914,324.108917266709,324.108875501469,"C15 H19 O7 N1"
"X17984_NEG_12_326.124573573381",17984,"NEG",12,326.124721033863,326.124573573381,326.124525565929,"C15 H21 O7 N1"
"X17988_NEG_12_331.093643732491",17988,"NEG",12,331.093796609075,331.093643732491,331.093559789639,"C16 H16 O6 N2"
"X17989_NEG_12_332.077601836565",17989,"NEG",12,332.07775585005,332.077601836565,332.077575372549,"C16 H15 O7 N1"
"X17990_NEG_12_333.109256843534",17990,"NEG",12,333.109412383123,333.109256843534,333.109209854099,"C16 H18 O6 N2"
"X17991_NEG_12_334.093303800302",17991,"NEG",12,334.093460138672,334.093303800302,334.093225437009,"C16 H17 O7 N1"
"X17992_NEG_12_334.129676412052",17992,"NEG",12,334.129832792484,334.129676412052,334.129610946359,"C17 H21 O6 N1"
"X17993_NEG_12_336.108964881162",17993,"NEG",12,336.109123553612,336.108964881162,336.108875501469,"C16 H19 O7 N1"
"X17994_NEG_12_338.124601681157",17994,"NEG",12,338.124762694001,338.124601681157,338.124525565929,"C16 H21 O7 N1"
"X17999_NEG_12_346.093261427177",17999,"NEG",12,346.093431125993,346.093261427177,346.093225437009,"C17 H17 O7 N1"
"X18000_NEG_12_347.088470675695",18000,"NEG",12,347.088642927049,347.088470675695,347.088474409209,"C16 H16 O7 N2"
"X18001_NEG_12_347.124838632603",18001,"NEG",12,347.125010592572,347.124838632603,347.124859918559,"C17 H20 O6 N2"
"X18003_NEG_12_348.108861527051",18003,"NEG",12,348.109034604609,348.108861527051,348.108875501469,"C17 H19 O7 N1"
"X18004_NEG_12_350.124495529816",18004,"NEG",12,350.124670613334,350.124495529816,350.124525565929,"C17 H21 O7 N1"
"X18005_NEG_12_352.107186290312",18005,"NEG",12,352.107363375896,352.107186290312,352.107161424359,"C13 H23 O8 N1 S1"
"X18006_NEG_12_352.140233546283",18006,"NEG",12,352.140409657439,352.140233546283,352.140175630389,"C17 H23 O7 N1"
"X18007_NEG_12_354.119449021507",18007,"NEG",12,354.119628674062,354.119449021507,354.119440185499,"C16 H21 O8 N1"
"X18013_NEG_12_363.119796865223",18013,"NEG",12,363.119988255855,363.119796865223,363.119774538129,"C17 H20 O7 N2"
"X18016_NEG_12_366.11950671496",18016,"NEG",12,366.119701784945,366.11950671496,366.119440185499,"C17 H21 O8 N1"
"X18028_NEG_13_182.061136847851",18028,"NEG",13,182.06112463308,182.061136847851,182.061137461749,"C12 H9 O1 N1"
"X18030_NEG_13_226.050953240802",18030,"NEG",13,226.050995066661,226.050953240802,226.050966700889,"C13 H9 O3 N1"
"X18033_NEG_13_241.061844911941",18033,"NEG",13,241.061904593569,241.061844911941,241.061865737549,"C13 H10 O3 N2"
"X18039_NEG_13_256.064866191075",18039,"NEG",13,256.06494342177,256.064866191075,256.064902688239,"C11 H15 O4 N1 S1"
"X18046_NEG_13_274.072067919051",18046,"NEG",13,274.072165385966,274.072067919051,274.072096068949,"C14 H13 O5 N1"
"X18047_NEG_13_276.087681445935",18047,"NEG",13,276.087782960185,276.087681445935,276.087746133409,"C14 H15 O5 N1"
"X18050_NEG_13_290.103388254982",18050,"NEG",13,290.103504511885,290.103388254982,290.103396197869,"C15 H17 O5 N1"
"X18052_NEG_13_292.119050887956",18052,"NEG",13,292.119169545862,292.119050887956,292.119046262329,"C15 H19 O5 N1"
"X18053_NEG_13_294.098300408652",18053,"NEG",13,294.098420795163,294.098300408652,294.098310817439,"C14 H17 O6 N1"
"X18062_NEG_13_308.114001372049",18062,"NEG",13,308.114137180205,308.114001372049,308.113960881899,"C15 H19 O6 N1"
"X18072_NEG_13_331.093596267216",18072,"NEG",13,331.093756798732,331.093596267216,331.093559789639,"C16 H16 O6 N2"
"X18076_NEG_13_366.122815638964",18076,"NEG",13,366.123012327145,366.122815638964,366.122811488819,"C14 H25 O8 N1 S1"
"X18077_NEG_13_401.196992746713",18077,"NEG",13,401.197224392411,401.196992746713,401.196962231999,"C23 H30 O6"
"X18078_NEG_13_403.212627565696",18078,"NEG",13,403.212860362171,403.212627565696,403.212612296459,"C23 H32 O6"
"X18084_NEG_14_201.09207145294",18084,"NEG",14,201.092086367193,201.09207145294,201.092103238039,"C13 H14 O2"
"X18089_NEG_14_240.066577917993",18089,"NEG",14,240.06664062861,240.066577917993,240.066616765349,"C14 H11 O3 N1"
"X18092_NEG_14_264.124045041097",18092,"NEG",14,264.124135377924,264.124045041097,264.124131642759,"C14 H19 O4 N1"
"X18095_NEG_14_301.119362358032",18095,"NEG",14,301.119491790783,301.119362358032,301.119380614959,"C16 H18 O4 N2"
"X18096_NEG_14_314.106756120581",18096,"NEG",14,314.106899031786,314.106756120581,314.106767501189,"C14 H21 O5 N1 S1"
"X18097_NEG_14_366.122825991812",18097,"NEG",14,366.123019109383,366.122825991812,366.122811488819,"C14 H25 O8 N1 S1"
"X18098_NEG_14_371.186414751192",18098,"NEG",14,371.186610659153,371.186414751192,371.186397547969,"C22 H28 O5"
"X18105_NEG_15_212.071685662155",18105,"NEG",15,212.071715537049,212.071685662155,212.071702145779,"C13 H11 O2 N1"
"X18107_NEG_15_256.061493646059",18107,"NEG",15,256.061582169453,256.061493646059,256.061531384919,"C14 H11 O4 N1"
"X18111_NEG_15_283.061131934585",18111,"NEG",15,283.061248312049,283.061131934585,283.061197032289,"C16 H12 O5"
"X18114_NEG_15_314.106743986827",18114,"NEG",15,314.106895179511,314.106743986827,314.106767501189,"C14 H21 O5 N1 S1"
"X18115_NEG_15_321.207122048519",18115,"NEG",15,321.207280714408,321.207122048519,321.207132992859,"C19 H30 O4"
"X18118_NEG_15_369.170742009924",18118,"NEG",15,369.170939834978,369.170742009924,369.170747483509,"C22 H26 O5"
"X18119_NEG_15_385.20208241359",18119,"NEG",15,385.202293033121,385.20208241359,385.202047612429,"C23 H30 O5"
"X18121_NEG_15_387.217738809634",18121,"NEG",15,387.217950828985,387.217738809634,387.217697676889,"C23 H32 O5"
"X18133_NEG_16_246.149923838257",18133,"NEG",16,246.149996790891,246.149923838257,246.149952468079,"C15 H21 O2 N1"
"X18134_NEG_16_257.081880793368",18134,"NEG",16,257.081967371424,257.081880793368,257.081932477179,"C15 H14 O4"
"X18137_NEG_16_285.149581856949",18137,"NEG",16,285.149699237328,285.149581856949,285.149618115449,"C18 H22 O3"
"X18138_NEG_16_299.165230617726",18138,"NEG",16,299.165361863878,299.165230617726,299.165268179909,"C19 H24 O3"
"X18139_NEG_16_302.103345037",18139,"NEG",16,302.103479932629,302.103345037,302.103396197869,"C16 H17 O5 N1"
"X18140_NEG_16_327.160216545927",18140,"NEG",16,327.160375824616,327.160216545927,327.160182799479,"C20 H24 O4"
"X18142_NEG_16_355.191465360427",18142,"NEG",16,355.191649790857,355.191465360427,355.191482928399,"C22 H28 O4"
"X18143_NEG_16_357.207164983402",18143,"NEG",16,357.207351135954,357.207164983402,357.207132992859,"C22 H30 O4"
"X18146_NEG_16_371.186412807088",18146,"NEG",16,371.186610583476,371.186412807088,371.186397547969,"C22 H28 O5"
"X18148_NEG_16_385.202106727623",18148,"NEG",16,385.202315597683,385.202106727623,385.202047612429,"C23 H30 O5"
"X18150_NEG_16_399.217698979299",18150,"NEG",16,399.21791838174,399.217698979299,399.217697676889,"C24 H32 O5"
"X18161_NEG_17_283.097550901672",18161,"NEG",17,283.097653034865,283.097550901672,283.097582541639,"C17 H16 O4"
"X18162_NEG_17_289.108110704827",18162,"NEG",17,289.108217299409,289.108110704827,289.108147225669,"C16 H18 O5"
"X18163_NEG_17_297.076827371784",18163,"NEG",17,297.076941003299,297.076827371784,297.076847096749,"C17 H14 O5"
"X18166_NEG_17_324.127513284929",18166,"NEG",17,324.127656619758,324.127513284929,324.127502946079,"C16 H23 O4 N1 S1"
"X18167_NEG_17_327.160243713647",18167,"NEG",17,327.160390044228,327.160243713647,327.160182799479,"C20 H24 O4"
"X18172_NEG_17_371.186423360546",18172,"NEG",17,371.186611127398,371.186423360546,371.186397547969,"C22 H28 O5"
"X18173_NEG_17_385.202095856567",18173,"NEG",17,385.202296382066,385.202095856567,385.202047612429,"C23 H30 O5"
"X18174_NEG_17_387.217718622879",18174,"NEG",17,387.217922870241,387.217718622879,387.217697676889,"C23 H32 O5"
"X18176_NEG_17_399.21772966716",18176,"NEG",17,399.217945165389,399.21772966716,399.217697676889,"C24 H32 O5"
"X18177_NEG_17_403.249060484087",18177,"NEG",17,403.249279737968,403.249060484087,403.248997805809,"C24 H36 O5"
"X18195_NEG_18_269.154636379399",18195,"NEG",18,269.154720059874,269.154636379399,269.154703495879,"C18 H22 O2"
"X18197_NEG_18_315.196574079213",18197,"NEG",18,315.196711598313,315.196574079213,315.196568308829,"C20 H28 O3"
"X18198_NEG_18_321.207163934443",18198,"NEG",18,321.207308577607,321.207163934443,321.207132992859,"C19 H30 O4"
"X18200_NEG_18_361.202070206257",18200,"NEG",18,361.202260438353,361.202070206257,361.202047612429,"C21 H30 O5"
"X18202_NEG_18_375.217694390858",18202,"NEG",18,375.217901812913,375.217694390858,375.217697676889,"C22 H32 O5"
"X18207_NEG_18_401.233364476684",18207,"NEG",18,401.233607824365,401.233364476684,401.233347741349,"C24 H34 O5"
"X18227_NEG_19_318.098301196225",18227,"NEG",19,318.098457910721,318.098301196225,318.098310817439,"C16 H17 O6 N1"
"X18228_NEG_19_319.191486829934",18228,"NEG",19,319.191643125472,319.191486829934,319.191482928399,"C19 H28 O4"
"X18230_NEG_19_335.165277936651",18230,"NEG",19,335.165458590513,335.165277936651,335.165268179909,"C22 H24 O3"
"X18234_NEG_19_351.160120584864",18234,"NEG",19,351.160334861958,351.160120584864,351.160182799479,"C22 H24 O4"
"X18239_NEG_20_333.207153897195",18239,"NEG",20,333.207335201731,333.207153897195,333.207132992859,"C20 H30 O4"
"X18246_NEG_9_238.072091032765",18246,"NEG",9,238.07213454953,238.072091032765,238.072096068949,"C11 H13 O5 N1"
"X18294_NEG_11_259.072377719308",18294,"NEG",11,259.0724524655,259.072377719308,259.072430421579,"C13 H12 O4 N2"
"X18307_NEG_11_318.098364926911",18307,"NEG",11,318.098511278583,318.098364926911,318.098310817439,"C16 H17 O6 N1"
"X18336_NEG_12_301.082963280139",18336,"NEG",12,301.083082712535,301.082963280139,301.082995105609,"C15 H14 O5 N2"
"X18338_NEG_12_307.093552063322",18338,"NEG",12,307.093676994972,307.093552063322,307.093559789639,"C14 H16 O6 N2"
"X18351_NEG_12_345.109187483727",18351,"NEG",12,345.109356252363,345.109187483727,345.109209854099,"C17 H18 O6 N2"
"X18417_NEG_18_385.238407629563",18417,"NEG",18,385.238632356255,385.238407629563,385.238433121779,"C24 H34 O4"
"X18426_NEG_19_415.212541385027",18426,"NEG",19,415.212855750304,415.212541385027,415.212612296459,"C24 H32 O6"
"X18448_NEG_10_291.062220984149",18448,"NEG",10,291.06233230966,291.062220984149,291.062259660719,"C13 H12 O6 N2"
"X18703_NEG_14_321.207142785408",18703,"NEG",14,321.207300675683,321.207142785408,321.207132992859,"C19 H30 O4"
"X19275_NEG_13_347.111050928697",19275,"NEG",13,347.111231279328,347.111050928697,347.111124605819,"C22 H20 O2 S1"
"X19279_NEG_14_303.084979814645",19279,"NEG",14,303.085120197257,303.084979814645,303.084909857329,"C20 H16 O1 S1"
"X19283_NEG_14_465.155448959004",19283,"NEG",14,465.15572035785,465.155448959004,465.155491342219,"C26 H26 O8"
"X19287_NEG_15_263.059432771933",19287,"NEG",15,263.059524079271,263.059432771933,263.059482955179,"C10 H16 O6 S1"
"X19290_NEG_15_331.06123149439",19290,"NEG",15,331.061395716944,331.06123149439,331.061197032289,"C20 H12 O5"
"X19292_NEG_15_349.071760445537",19292,"NEG",15,349.07193859596,349.071760445537,349.071761716319,"C20 H14 O6"
"X19293_NEG_15_375.051084792951",19293,"NEG",15,375.051284205262,375.051084792951,375.051026271429,"C21 H12 O7"
"X19301_NEG_16_329.045571588086",19301,"NEG",16,329.045725612192,329.045571588086,329.045546967829,"C20 H10 O5"
"X19305_NEG_16_463.139861284398",19305,"NEG",16,463.140126097575,463.139861284398,463.139841277759,"C26 H24 O8"
"X19306_NEG_16_465.155506310725",19306,"NEG",16,465.155771914381,465.155506310725,465.155491342219,"C26 H26 O8"
"X19307_NEG_16_515.337796797621",19307,"NEG",16,515.338096151412,515.337796797621,515.337812812139,"C31 H48 O6"
"X19311_NEG_17_277.111478749713",19311,"NEG",17,277.111570829943,277.111478749713,277.111518528989,"C12 H22 O5 S1"
"X19312_NEG_17_329.106491023832",19312,"NEG",17,329.106633063493,329.106491023832,329.106433148559,"C15 H22 O6 S1"
"X19315_NEG_17_384.020757690619",19315,"NEG",17,384.020949659293,384.020757690619,384.020848341479,"C14 H11 O12 N1"
"X19316_NEG_17_387.202461420529",19316,"NEG",17,387.202657247897,387.202461420529,387.202441535599,"C19 H32 O8"
"X19320_NEG_17_483.311595933803",19320,"NEG",17,483.31187502489,483.311595933803,483.311598063649,"C30 H44 O5"
"X19321_NEG_17_497.290860601513",19321,"NEG",17,497.291151294847,497.290860601513,497.290862618759,"C30 H42 O6"
"X19322_NEG_17_499.342878366076",19322,"NEG",17,499.34317075103,499.342878366076,499.342898192569,"C31 H48 O5"
"X19323_NEG_17_513.322117201866",19323,"NEG",17,513.32242103234,513.322117201866,513.322162747679,"C31 H46 O6"
"X19324_NEG_17_515.33775741683",19324,"NEG",17,515.338063894354,515.33775741683,515.337812812139,"C31 H48 O6"
"X19325_NEG_18_219.139052582137",19325,"NEG",18,219.13907971965,219.139052582137,219.139053431419,"C14 H20 O2"
"X19332_NEG_18_485.327202870669",19332,"NEG",18,485.327529772189,485.327202870669,485.327248128109,"C30 H46 O5"
"X19334_NEG_18_497.327240993791",19334,"NEG",18,497.327580124468,497.327240993791,497.327248128109,"C31 H46 O5"
"X19335_NEG_18_499.342890672178",19335,"NEG",18,499.343215789334,499.342890672178,499.342898192569,"C31 H48 O5"
"X19337_NEG_18_513.322085850727",19337,"NEG",18,513.322423584392,513.322085850727,513.322162747679,"C31 H46 O6"
"X19346_NEG_19_469.332286716972",19346,"NEG",19,469.332595880976,469.332286716972,469.332333508539,"C30 H46 O4"
"X19349_NEG_19_483.311593335339",19349,"NEG",19,483.311900822146,483.311593335339,483.311598063649,"C30 H44 O5"
"X19356_NEG_19_517.317015847784",19356,"NEG",19,517.317354745757,517.317015847784,517.317077367249,"C30 H46 O7"
"X19372_NEG_21_497.327103797355",19372,"NEG",21,497.327545746511,497.327103797355,497.327248128109,"C31 H46 O5"
"X19397_NEG_17_329.045635309408",19397,"NEG",17,329.045776909351,329.045635309408,329.045546967829,"C20 H10 O5"
"X19399_NEG_18_399.184654902138",19399,"NEG",18,399.184896798341,399.184654902138,399.184683470859,"C20 H32 O6 S1"
