"","id","polarity","block","mz","calibrated_mz","calculated_mz","formula"
"X18156_POS_2_147.112819960845",18156,"POS",2,147.112821686403,147.112819960845,147.112804151541,"C6 H14 O2 N2"
"X18157_POS_2_148.990305240639",18157,"POS",2,148.990307292798,148.990305240639,148.990306233921,"C4 H4 O4 S1"
"X18158_POS_2_150.058322577681",18158,"POS",2,150.058325620362,150.058322577681,150.058326224821,"C5 H11 O2 N1 S1"
"X18159_POS_2_155.033901869438",18159,"POS",2,155.033906357708,155.033901869438,155.033885123981,"C7 H6 O4"
"X18161_POS_2_162.0760916558",18161,"POS",2,162.076098009255,162.0760916558,162.076084289561,"C6 H11 O4 N1"
"X18164_POS_2_187.086581258299",18164,"POS",2,187.086596736653,187.086581258299,187.086589403051,"C11 H10 O1 N2"
"X18165_POS_2_187.107707750326",18165,"POS",2,187.107723286386,187.107707750326,187.107718771111,"C8 H14 O3 N2"
"X18166_POS_2_190.086249056959",18166,"POS",2,190.08626546854,190.086249056959,190.086255050421,"C11 H11 O2 N1"
"X18170_POS_2_199.060085159419",18170,"POS",2,199.060104722594,199.060085159419,199.060099872471,"C9 H10 O5"
"X18171_POS_2_203.139014871371",18171,"POS",2,203.139035452767,203.139014871371,203.139018900031,"C9 H18 O3 N2"
"X18172_POS_2_210.185231936052",18172,"POS",2,210.185256582663,210.185231936052,210.185240817611,"C13 H23 O1 N1"
"X18178_POS_2_233.063145070437",18178,"POS",2,233.063178076196,233.063145070437,233.063077252621,"C13 H12 O2 S1"
"X18182_POS_2_255.101607668724",18182,"POS",2,255.101649652442,255.101607668724,255.10157076225,"C16 H14 O3"
"X18189_POS_2_371.315521973718",18189,"POS",2,371.31561247902,371.315521973718,371.315586284261,"C22 H42 O4"
"X18196_POS_3_141.065852248269",18196,"POS",3,141.065871033227,141.065852248269,141.065853958161,"C6 H8 O2 N2"
"X18197_POS_3_148.990288871934",18197,"POS",3,148.990304873503,148.990288871934,148.990306233921,"C4 H4 O4 S1"
"X18200_POS_3_165.102211213702",18200,"POS",3,165.102240041583,165.102211213702,165.102239467511,"C9 H12 O1 N2"
"X18201_POS_3_173.092014376338",18201,"POS",3,173.09204340545,173.092014376338,173.09206870665,"C7 H12 O3 N2"
"X18202_POS_3_175.144073180646",18202,"POS",3,175.144103276883,175.144073180646,175.144104280461,"C8 H18 O2 N2"
"X18203_POS_3_183.112768205722",18203,"POS",3,183.112799908295,183.112768205722,183.112804151541,"C9 H14 O2 N2"
"X18205_POS_3_185.02330325764",18205,"POS",3,185.023335136745,185.02330325764,185.023320439951,"C11 H4 O3"
"X18206_POS_3_187.086559123555",18206,"POS",3,187.086592854609,187.086559123555,187.086589403051,"C11 H10 O1 N2"
"X18207_POS_3_188.070588166234",18207,"POS",3,188.070621442437,188.070588166234,188.070604985961,"C11 H9 O2 N1"
"X18208_POS_3_194.084504847506",18208,"POS",3,194.08453671924,194.084504847506,194.084540973311,"C7 H15 O3 N1 S1"
"X18210_POS_3_199.107677144107",18210,"POS",3,199.107713241652,199.107677144107,199.107718771111,"C9 H14 O3 N2"
"X18211_POS_3_201.184837818617",18211,"POS",3,201.184874882865,201.184837818617,201.184906464981,"C12 H24 O2"
"X18213_POS_3_203.138973646234",18213,"POS",3,203.139011053329,203.138973646234,203.139018900031,"C9 H18 O3 N2"
"X18215_POS_3_212.128090325353",18215,"POS",3,212.128130314296,212.128090325353,212.128119863371,"C11 H17 O3 N1"
"X18216_POS_3_214.107341628962",18216,"POS",3,214.107381935541,214.107341628962,214.107384418481,"C10 H15 O4 N1"
"X18217_POS_3_215.138999362716",18217,"POS",3,215.139040289607,215.138999362716,215.139018900031,"C10 H18 O3 N2"
"X18218_POS_3_217.15468171778",18218,"POS",3,217.154723079512,217.15468171778,217.154668964491,"C10 H20 O3 N2"
"X18219_POS_3_219.133922121033",18219,"POS",3,219.133963649243,219.133922121033,219.133933519601,"C9 H18 O4 N2"
"X18223_POS_3_238.107383807333",18223,"POS",3,238.107429677711,238.107383807333,238.10738441848,"C12 H15 O4 N1"
"X18225_POS_3_261.180875375718",18225,"POS",3,261.180927548512,261.180875375718,261.18088371298,"C12 H24 O4 N2"
"X18227_POS_3_267.268248528604",18227,"POS",3,267.268302153779,267.268248528604,267.268242167711,"C18 H34 O1"
"X18230_POS_3_273.075760307527",18230,"POS",3,273.075813919582,273.075760307527,273.075749936931,"C15 H12 O5"
"X18231_POS_3_273.127406062646",18231,"POS",3,273.127462850205,273.127406062646,273.127391587571,"C20 H16 O1"
"X18232_POS_3_280.175430397033",18232,"POS",3,280.175485281964,280.175430397033,280.175463979921,"C12 H25 O6 N1"
"X18235_POS_3_303.155033507195",18235,"POS",3,303.155089193928,303.155033507195,303.155062887661,"C13 H22 O6 N2"
"X18239_POS_3_346.222359577076",18239,"POS",3,346.222419705859,346.222359577076,346.222414173302,"C17 H31 O6 N1"
"X18246_POS_3_497.197716156385",18246,"POS",3,497.197831706748,497.197716156385,497.197715546951,"C19 H32 O13 N2"
"X18292_POS_4_93.0334962640977",18292,"POS",4,93.0334847964766,93.0334962640977,93.0334912008111,"C6 H4 O1"
"X18293_POS_4_102.091381921177",18293,"POS",4,102.091375896139,102.091381921177,102.091340430851,"C5 H11 O1 N1"
"X18294_POS_4_104.070647712129",18294,"POS",4,104.070642441743,104.070647712129,104.070604985961,"C4 H9 O2 N1"
"X18295_POS_4_113.096123385517",18295,"POS",4,113.096117902542,113.096123385517,113.096091458651,"C7 H12 O1"
"X18297_POS_4_146.153953580994",18297,"POS",4,146.153957029261,146.153953580994,146.153940688691,"C8 H19 O1 N1"
"X18298_POS_4_147.112823339028",18298,"POS",4,147.112826713204,147.112823339028,147.112804151541,"C6 H14 O2 N2"
"X18299_POS_4_148.990301341545",18299,"POS",4,148.990305315917,148.990301341545,148.990306233921,"C4 H4 O4 S1"
"X18301_POS_4_162.076087616747",18301,"POS",4,162.076096315048,162.076087616747,162.076084289561,"C6 H11 O4 N1"
"X18303_POS_4_194.081140837811",18303,"POS",4,194.081161732316,194.081140837811,194.081169669991,"C10 H11 O3 N1"
"X18304_POS_4_229.179810789119",18304,"POS",4,229.17984601462,229.179810789119,229.179821084551,"C13 H24 O3"
"X18306_POS_4_300.289689737045",18306,"POS",4,300.289756198214,300.289689737045,300.289705888401,"C18 H37 O2 N1"
"X18307_POS_4_371.315527919822",18307,"POS",4,371.315626042322,371.315527919822,371.315586284261,"C22 H42 O4"
"X18311_POS_5_129.102245568132",18311,"POS",5,129.102242484654,129.102245568132,129.102239467511,"C6 H12 O1 N2"
"X18313_POS_5_148.990302866165",18313,"POS",5,148.990304219773,148.990302866165,148.990306233921,"C4 H4 O4 S1"
"X18318_POS_5_162.076082436277",18318,"POS",5,162.076088986139,162.076082436277,162.076084289561,"C6 H11 O4 N1"
"X18321_POS_5_184.063791359471",18321,"POS",5,184.063805769331,184.063791359471,184.063805528421,"C5 H13 O4 N1 S1"
"X18322_POS_5_189.123405480575",18322,"POS",5,189.123421460189,189.123405480575,189.123368835571,"C8 H16 O3 N2"
"X18330_POS_5_225.060505780013",18330,"POS",5,225.060534751443,225.060505780013,225.060493795641,"C7 H12 O8"
"X18333_POS_5_255.101590106813",18333,"POS",5,255.101631700178,255.101590106813,255.101570762251,"C16 H14 O3"
"X18337_POS_5_340.21179640487",18337,"POS",5,340.211872133498,340.21179640487,340.211849489271,"C18 H29 O5 N1"
"X18338_POS_5_371.315523970366",18338,"POS",5,371.315619412958,371.315523970366,371.315586284261,"C22 H42 O4"
"X18345_POS_6_147.112821594393",18345,"POS",6,147.11282582169,147.112821594393,147.112804151541,"C6 H14 O2 N2"
"X18346_POS_6_148.990303436828",18346,"POS",6,148.990308737027,148.990303436828,148.990306233921,"C4 H4 O4 S1"
"X18348_POS_6_162.076092882605",18348,"POS",6,162.076101666384,162.076092882605,162.076084289561,"C6 H11 O4 N1"
"X18351_POS_6_184.063787670197",18351,"POS",6,184.063804577443,184.063787670197,184.063805528421,"C5 H13 O4 N1 S1"
"X18353_POS_6_189.123400088564",18353,"POS",6,189.123420502669,189.123400088564,189.123368835571,"C8 H16 O3 N2"
"X18354_POS_6_190.08625080496",18354,"POS",6,190.086268923484,190.08625080496,190.086255050421,"C11 H11 O2 N1"
"X18357_POS_6_196.08155996303",18357,"POS",6,196.081581445253,196.08155996303,196.081563593161,"C6 H13 O6 N1"
"X18359_POS_6_203.139018219073",18359,"POS",6,203.139041527432,203.139018219073,203.139018900031,"C9 H18 O3 N2"
"X18363_POS_6_269.247424712804",18363,"POS",6,269.24747394854,269.247424712804,269.247506722821,"C17 H32 O2"
"X18372_POS_7_111.044098608778",18372,"POS",7,111.044093044186,111.044098608778,111.044055884841,"C6 H6 O2"
"X18374_POS_7_144.138301737919",18374,"POS",7,144.13830490464,144.138301737919,144.138290624231,"C8 H17 O1 N1"
"X18375_POS_7_145.064801993366",18375,"POS",7,145.064805643234,145.064801993366,145.064791329731,"C10 H8 O1"
"X18376_POS_7_148.075700618022",18376,"POS",7,148.075705274896,148.075700618022,148.075690366391,"C9 H9 O1 N1"
"X18377_POS_7_148.990299164723",18377,"POS",7,148.990303739175,148.990299164723,148.990306233921,"C4 H4 O4 S1"
"X18381_POS_7_184.063790029013",18381,"POS",7,184.063806295298,184.063790029013,184.063805528421,"C5 H13 O4 N1 S1"
"X18382_POS_7_189.123408858649",18382,"POS",7,189.123427171331,189.123408858649,189.123368835571,"C8 H16 O3 N2"
"X18387_POS_7_219.170337828642",18387,"POS",7,219.170367190586,219.170337828642,219.170319028951,"C10 H22 O3 N2"
"X18389_POS_7_236.985264333033",18389,"POS",7,236.985300332149,236.985264333033,236.985220853491,"C10 H4 O5 S1"
"X18391_POS_7_255.101584252926",18391,"POS",7,255.101627004059,255.101584252926,255.10157076225,"C16 H14 O3"
"X18394_POS_7_269.247428883556",18394,"POS",7,269.247478027599,269.247428883556,269.247506722821,"C17 H32 O2"
"X18406_POS_8_101.09612059573",18406,"POS",8,101.096110945916,101.09612059573,101.096091458651,"C6 H12 O1"
"X18407_POS_8_103.086615103427",18407,"POS",8,103.086606990005,103.086615103427,103.086589403051,"C4 H10 O1 N2"
"X18408_POS_8_104.070647923292",18408,"POS",8,104.070643704785,104.070647923292,104.070604985961,"C4 H9 O2 N1"
"X18409_POS_8_104.107025999477",18409,"POS",8,104.107017815518,104.107025999477,104.106990495311,"C5 H13 O1 N1"
"X18410_POS_8_111.08047891715",18410,"POS",8,111.080472337399,111.08047891715,111.080441394191,"C7 H10 O1"
"X18411_POS_8_112.039340468355",18411,"POS",8,112.039333749487,112.039340468355,112.039304857041,"C5 H5 O2 N1"
"X18413_POS_8_117.091045730045",18413,"POS",8,117.091040037352,117.091045730045,117.091006078221,"C6 H12 O2"
"X18414_POS_8_134.081184266382",18414,"POS",8,134.081182385889,134.081184266382,134.081169669991,"C5 H11 O3 N1"
"X18417_POS_8_147.112816943624",18417,"POS",8,147.112818705188,147.112816943624,147.112804151541,"C6 H14 O2 N2"
"X18418_POS_8_148.075707118968",18418,"POS",8,148.075709003412,148.075707118968,148.075690366391,"C9 H9 O1 N1"
"X18419_POS_8_148.990298321441",18419,"POS",8,148.990300859324,148.990298321441,148.990306233921,"C4 H4 O4 S1"
"X18420_POS_8_150.076084275021",18420,"POS",8,150.076087068676,150.076084275021,150.076084289561,"C5 H11 O4 N1"
"X18422_POS_8_154.086273047126",18422,"POS",8,154.086277016699,154.086273047126,154.086255050421,"C8 H11 O2 N1"
"X18424_POS_8_170.048122581765",18424,"POS",8,170.048132102139,170.048122581765,170.048155463961,"C4 H11 O4 N1 S1"
"X18428_POS_8_196.081566227239",18428,"POS",8,196.081584318882,196.081566227239,196.081563593161,"C6 H13 O6 N1"
"X18436_POS_8_231.083902980963",18436,"POS",8,231.083935666273,231.083902980963,231.083812697511,"C14 H14 O1 S1"
"X18438_POS_8_236.149266302992",18438,"POS",8,236.149300898639,236.149266302992,236.149249231431,"C10 H21 O5 N1"
"X18440_POS_8_269.247434680341",18440,"POS",8,269.247482636985,269.247434680341,269.247506722821,"C17 H32 O2"
"X18441_POS_8_273.075753781799",18441,"POS",8,273.075803975966,273.075753781799,273.075749936931,"C15 H12 O5"
"X18442_POS_8_274.12852814455",18442,"POS",8,274.128577881731,274.12852814455,274.128513786541,"C12 H19 O6 N1"
"X18443_POS_8_285.144486003225",18443,"POS",8,285.144541407824,285.144486003225,285.14449820363,"C13 H20 O5 N2"
"X18444_POS_8_303.155031386275",18444,"POS",8,303.155098659987,303.155031386275,303.155062887661,"C13 H22 O6 N2"
"X18470_POS_9_123.080469532558",18470,"POS",9,123.080459129013,123.080469532558,123.080441394191,"C8 H10 O1"
"X18472_POS_9_141.000473488459",18472,"POS",9,141.000469369576,141.000473488459,141.000476994781,"C6 H4 O2 S1"
"X18474_POS_9_148.990310879845",18474,"POS",9,148.990304336361,148.990310879845,148.990306233921,"C4 H4 O4 S1"
"X18478_POS_9_176.164492250568",18478,"POS",9,176.164504855919,176.164492250568,176.164505372721,"C9 H21 O2 N1"
"X18481_POS_9_192.065520038652",18481,"POS",9,192.065541281833,192.065520038652,192.065519605531,"C10 H9 O3 N1"
"X18482_POS_9_192.123040123791",18482,"POS",9,192.123060947309,192.123040123791,192.123034482941,"C8 H17 O4 N1"
"X18486_POS_9_269.247479934404",18486,"POS",9,269.247531721437,269.247479934404,269.247506722822,"C17 H32 O2"
"X18488_POS_9_292.102667187954",18488,"POS",9,292.102726168902,292.102667187954,292.10269296122,"C11 H17 O8 N1"
"X18489_POS_9_303.086284821005",18489,"POS",9,303.086345121008,303.086284821005,303.08631462096,"C16 H14 O6"
"X18490_POS_9_303.155033454676",18490,"POS",9,303.155094453365,303.155033454676,303.15506288766,"C13 H22 O6 N2"
"X18491_POS_9_307.168575301641",18491,"POS",9,307.168641144581,307.168575301641,307.16860495184,"C13 H26 O4 N2 S1"
"X18492_POS_9_316.175412571142",18492,"POS",9,316.175477868041,316.175412571142,316.175463979921,"C15 H25 O6 N1"
"X18493_POS_9_343.147516450263",18493,"POS",9,343.147586669049,343.147516450263,343.147475583781,"C19 H22 O2 N2 S1"
"X18499_POS_9_402.212174839899",18499,"POS",9,402.212247837983,402.212174839899,402.212243412441,"C19 H31 O8 N1"
"X18992_POS_10_143.033891185042",18992,"POS",10,143.033894294565,143.033891185042,143.033885123981,"C6 H6 O4"
"X18993_POS_10_146.153951016619",18993,"POS",10,146.153952488146,146.153951016619,146.153940688691,"C8 H19 O1 N1"
"X18996_POS_10_152.091737258193",18996,"POS",10,152.09174016683,152.091737258193,152.091734354021,"C5 H13 O4 N1"
"X18997_POS_10_157.122302741456",18997,"POS",10,157.12230825218,157.122302741456,157.122306207141,"C9 H16 O2"
"X18998_POS_10_160.075691644272",18998,"POS",10,160.075699488022,160.075691644272,160.075690366391,"C10 H9 O1 N1"
"X19000_POS_10_170.153939629405",19000,"POS",10,170.153948842338,170.153939629405,170.153940688691,"C10 H19 O1 N1"
"X19001_POS_10_174.021918710874",19001,"POS",10,174.021928843427,174.021918710874,174.021940715471,"C6 H7 O3 N1 S1"
"X19003_POS_10_190.049857490547",19003,"POS",10,190.049872193044,190.049857490547,190.049869541071,"C10 H7 O3 N1"
"X19004_POS_10_192.15939227755",19004,"POS",10,192.159407188287,192.15939227755,192.159419992291,"C9 H21 O3 N1"
"X19005_POS_10_194.081146379948",19005,"POS",10,194.081161368224,194.081146379948,194.081169669991,"C10 H11 O3 N1"
"X19006_POS_10_194.138667317714",19006,"POS",10,194.138682749084,194.138667317714,194.138684547401,"C8 H19 O4 N1"
"X19008_POS_10_196.0967998435",19008,"POS",10,196.09681603208,196.0967998435,196.096819734451,"C10 H13 O3 N1"
"X19013_POS_10_227.164196496934",19013,"POS",10,227.164221257334,227.164196496934,227.164171020091,"C13 H22 O3"
"X19015_POS_10_248.16452017106",19015,"POS",10,248.164549401256,248.16452017106,248.164505372721,"C15 H21 O2 N1"
"X19018_POS_10_255.097588699476",19018,"POS",10,255.097618642444,255.097588699476,255.097548010251,"C11 H14 O5 N2"
"X19019_POS_10_258.133627994813",19019,"POS",10,258.13365844321,258.133627994813,258.13359916697,"C12 H19 O5 N1"
"X19020_POS_10_265.252612646006",19020,"POS",10,265.252644497739,265.252612646006,265.25259210325,"C18 H32 O1"
"X19021_POS_10_276.107782705958",19021,"POS",10,276.107817031424,276.107782705958,276.107778341651,"C11 H17 O7 N1"
"X19022_POS_10_278.084598894061",19022,"POS",10,278.084632858176,278.084598894061,278.084540973311,"C14 H15 O3 N1 S1"
"X19023_POS_10_290.123442943725",19023,"POS",10,290.12347673976,290.123442943725,290.123428406111,"C12 H19 O7 N1"
"X19025_POS_10_303.086327797302",19025,"POS",10,303.086360912596,303.086327797302,303.086314620961,"C16 H14 O6"
"X19030_POS_10_416.227873929968",19030,"POS",10,416.227914766394,416.227873929968,416.2278934769,"C20 H33 O8 N1"
"X19341_POS_10_585.374658622217",19341,"POS",10,585.374725406947,585.374658622217,585.374557713272,"C30 H52 O9 N2"
"X20308_POS_11_141.054630688474",20308,"POS",11,141.054634205896,141.054630688474,141.054620568871,"C7 H8 O3"
"X20309_POS_11_152.091737236065",20309,"POS",11,152.091736926568,152.091737236065,152.091734354021,"C5 H13 O4 N1"
"X20311_POS_11_160.13320592232",20311,"POS",11,160.133212275809,160.13320592232,160.133205243801,"C8 H17 O2 N1"
"X20313_POS_11_176.128121103432",20313,"POS",11,176.128131471745,176.128121103432,176.128119863371,"C8 H17 O3 N1"
"X20314_POS_11_178.089610826154",20314,"POS",11,178.089618580052,178.089610826154,178.089626353741,"C7 H15 O2 N1 S1"
"X20317_POS_11_202.122633264636",20317,"POS",11,202.122650137573,202.122633264636,202.122640559771,"C13 H15 O1 N1"
"X20320_POS_11_224.091748698495",20320,"POS",11,224.09177080901,224.091748698495,224.091734354021,"C11 H13 O4 N1"
"X20321_POS_11_229.068248866599",20321,"POS",11,229.068278149556,229.068248866599,229.068162633051,"C14 H12 O1 S1"
"X20322_POS_11_233.149605533558",20322,"POS",11,233.149629464107,233.149605533558,233.149583584061,"C10 H20 O4 N2"
"X20323_POS_11_237.112151924635",20323,"POS",11,237.112174732876,237.112151924635,237.112135446281,"C13 H16 O4"
"X20324_POS_11_238.180188966906",20324,"POS",11,238.180213482565,238.180188966906,238.180155437181,"C14 H23 O2 N1"
"X20326_POS_11_279.122717591796",20326,"POS",11,279.122746803793,279.122717591796,279.122700130311,"C15 H18 O5"
"X20327_POS_11_291.173686455685",20327,"POS",11,291.173723065746,291.173686455685,291.173690332271,"C13 H26 O3 N2 S1"
"X20328_POS_11_297.242432733341",20328,"POS",11,297.242465927476,297.242432733341,297.24242134239,"C18 H32 O3"
"X20331_POS_11_311.112547680286",20331,"POS",11,311.112582001043,311.112547680286,311.11252936945,"C15 H18 O7"
"X20333_POS_11_328.175443336132",20333,"POS",11,328.175480121677,328.175443336132,328.175463979921,"C16 H25 O6 N1"
"X20335_POS_11_346.149603155856",20335,"POS",11,346.149640939014,346.149603155856,346.1496431546,"C15 H23 O8 N1"
"X20358_POS_11_501.296013049914",20358,"POS",11,501.296092532944,501.296013049914,501.295913467802,"C28 H40 O6 N2"
"X20812_POS_12_128.107034289619",20812,"POS",12,128.107006131926,128.107034289619,128.106990495311,"C7 H13 O1 N1"
"X20816_POS_12_152.091755397045",20816,"POS",12,152.091742116607,152.091755397045,152.091734354021,"C5 H13 O4 N1"
"X20818_POS_12_165.102231357766",20818,"POS",12,165.102230451168,165.102231357766,165.102239467511,"C9 H12 O1 N2"
"X20820_POS_12_171.11281124398",20820,"POS",12,171.112815126372,171.11281124398,171.112804151541,"C8 H14 O2 N2"
"X20823_POS_12_189.054614361837",20823,"POS",12,189.054632649808,189.054614361837,189.054620568871,"C11 H8 O3"
"X20824_POS_12_189.090994583062",20824,"POS",12,189.091012957989,189.090994583062,189.091006078221,"C12 H12 O2"
"X20825_POS_12_189.127388480958",20825,"POS",12,189.127407052908,189.127388480958,189.127391587571,"C13 H16 O1"
"X20826_POS_12_194.138658078514",20826,"POS",12,194.138679795733,194.138658078514,194.138684547401,"C8 H19 O4 N1"
"X20829_POS_12_219.101559864556",20829,"POS",12,219.101602261989,219.101559864556,219.10157076225,"C13 H14 O3"
"X20831_POS_12_239.127871347193",20831,"POS",12,239.127931010753,239.127871347193,239.127785510741,"C13 H18 O4"
"X20832_POS_12_249.112114770639",20832,"POS",12,249.112177342658,249.112114770639,249.112135446281,"C14 H16 O4"
"X20833_POS_12_253.107025748899",20833,"POS",12,253.107092768811,253.107025748899,253.107050065851,"C13 H16 O5"
"X20834_POS_12_255.097526235874",20834,"POS",12,255.097592529778,255.097526235874,255.097548010251,"C11 H14 O5 N2"
"X20837_POS_12_262.180137735232",20837,"POS",12,262.180208794459,262.180137735232,262.180155437181,"C16 H23 O2 N1"
"X20838_POS_12_263.12776812839",20838,"POS",12,263.127842161882,263.12776812839,263.12778551074,"C15 H18 O4"
"X20840_POS_12_279.133918808606",20840,"POS",12,279.134002938782,279.133918808606,279.133933519601,"C14 H18 O4 N2"
"X20841_POS_12_283.117583886853",20841,"POS",12,283.117670837266,283.117583886853,283.117614749881,"C14 H18 O6"
"X20843_POS_12_293.101944688752",20843,"POS",12,293.102032518841,293.101944688752,293.101964685421,"C15 H16 O6"
"X20844_POS_12_294.206329114851",20844,"POS",12,294.206422702498,294.206329114851,294.206370185671,"C17 H27 O3 N1"
"X20845_POS_12_295.117587327324",20845,"POS",12,295.117680694422,295.117587327324,295.117614749881,"C15 H18 O6"
"X20846_POS_12_299.258013800446",20846,"POS",12,299.258110862576,299.258013800446,299.258071406851,"C18 H34 O3"
"X20847_POS_12_302.159780323469",20847,"POS",12,302.159880172231,302.159780323469,302.15981391546,"C14 H23 O6 N1"
"X20848_POS_12_303.086291204488",20848,"POS",12,303.086386431033,303.086291204488,303.08631462096,"C16 H14 O6"
"X20849_POS_12_311.148933348437",20849,"POS",12,311.149037007823,311.148933348437,311.148914878801,"C16 H22 O6"
"X20850_POS_12_313.128135536902",20850,"POS",12,313.128242903091,313.128135536902,313.128179433911,"C15 H20 O7"
"X20851_POS_12_315.177672682294",20851,"POS",12,315.177775599393,315.177672682294,315.177713084271,"C20 H26 O1 S1"
"X20852_POS_12_325.128171974976",20852,"POS",12,325.12828576057,325.128171974976,325.128179433911,"C16 H20 O7"
"X20853_POS_12_330.154660707194",20853,"POS",12,330.154772877398,330.154660707194,330.154728535031,"C15 H23 O7 N1"
"X20856_POS_12_370.185947067175",20856,"POS",12,370.186079834133,370.185947067175,370.186028663951,"C18 H27 O7 N1"
"X20858_POS_12_374.18086907656",20858,"POS",12,374.181003951083,374.18086907656,374.180943283521,"C17 H27 O8 N1"
"X20859_POS_12_388.160149610516",20859,"POS",12,388.160293790769,388.160149610516,388.160207838631,"C17 H25 O9 N1"
"X20861_POS_12_400.217607314694",20861,"POS",12,400.217754076626,400.217607314694,400.217722716041,"C16 H33 O10 N1"
"X20875_POS_12_504.265042471015",20875,"POS",12,504.265231580891,504.265042471015,504.26506683259,"C20 H41 O13 N1"
"X20904_POS_12_547.332358374009",20904,"POS",12,547.332557967297,547.332358374009,547.332418118232,"C24 H50 O13"
"X20910_POS_12_553.246628493825",20910,"POS",12,553.246839544381,553.246628493825,553.24658049205,"C28 H40 O9 S1"
"X20997_POS_12_613.340475890868",20997,"POS",12,613.340723076456,613.340475890868,613.340480878811,"C32 H52 O9 S1"
"X21668_POS_13_118.086295485922",21668,"POS",13,118.08626159262,118.086295485922,118.086255050421,"C5 H11 O2 N1"
"X21674_POS_13_127.039013028365",21674,"POS",13,127.038982523239,127.039013028365,127.038970504411,"C6 H6 O3"
"X21675_POS_13_128.107034139583",21675,"POS",13,128.107002858885,128.107034139583,128.106990495311,"C7 H13 O1 N1"
"X21676_POS_13_129.091048842667",21676,"POS",13,129.091015342436,129.091048842667,129.091006078221,"C7 H12 O2"
"X21678_POS_13_150.054971923276",21678,"POS",13,150.054952876788,150.054971923276,150.054954921501,"C8 H7 O2 N1"
"X21679_POS_13_150.058347864227",21679,"POS",13,150.058328735499,150.058347864227,150.058326224821,"C5 H11 O2 N1 S1"
"X21680_POS_13_152.091740355045",21680,"POS",13,152.091721929964,152.091740355045,152.091734354021,"C5 H13 O4 N1"
"X21681_POS_13_162.054969716559",21681,"POS",13,162.054962638646,162.054969716559,162.054954921501,"C9 H7 O2 N1"
"X21684_POS_13_173.059715012081",21684,"POS",13,173.059717022147,173.059715012081,173.059705949301,"C11 H8 O2"
"X21685_POS_13_176.070590008411",21685,"POS",13,176.070595085181,176.070590008411,176.070604985962,"C10 H9 O2 N1"
"X21686_POS_13_178.086246284677",21686,"POS",13,178.08625331785,178.086246284677,178.086255050421,"C10 H11 O2 N1"
"X21689_POS_13_189.054614894286",21689,"POS",13,189.054631633065,189.054614894286,189.054620568871,"C11 H8 O3"
"X21691_POS_13_192.123026566306",21691,"POS",13,192.123044762395,192.123026566306,192.123034482941,"C8 H17 O4 N1"
"X21693_POS_13_194.138657990023",21693,"POS",13,194.138678125831,194.138657990023,194.138684547401,"C8 H19 O4 N1"
"X21694_POS_13_217.12229752255",21694,"POS",13,217.122338709286,217.12229752255,217.122306207141,"C14 H16 O2"
"X21695_POS_13_219.170328473846",21695,"POS",13,219.170368106381,219.170328473846,219.170319028951,"C10 H22 O3 N2"
"X21697_POS_13_233.117212039802",21697,"POS",13,233.117264884762,233.117212039802,233.117220826711,"C14 H16 O3"
"X21698_POS_13_235.09648166915",21698,"POS",13,235.096535194075,235.09648166915,235.096485381821,"C13 H14 O4"
"X21701_POS_13_245.222351455457",21701,"POS",13,245.22240991301,245.222351455457,245.222354602761,"C13 H28 O2 N2"
"X21702_POS_13_247.132862873884",21702,"POS",13,247.132927642801,247.132862873884,247.132870891171,"C15 H18 O3"
"X21703_POS_13_247.201625024434",21703,"POS",13,247.201691733514,247.201625024434,247.201619157871,"C12 H26 O3 N2"
"X21704_POS_13_249.112115274628",21704,"POS",13,249.11218093849,249.112115274628,249.112135446281,"C14 H16 O4"
"X21705_POS_13_255.09755306109",21705,"POS",13,255.097616573199,255.09755306109,255.097548010251,"C11 H14 O5 N2"
"X21706_POS_13_255.159006181257",21706,"POS",13,255.15907143611,255.159006181257,255.159085639661,"C14 H22 O4"
"X21708_POS_13_260.001227210837",21708,"POS",13,260.001298902987,260.001227210837,260.001205270581,"C12 H5 O4 N1 S1"
"X21709_POS_13_262.180151867259",21709,"POS",13,262.180225292561,262.180151867259,262.180155437181,"C16 H23 O2 N1"
"X21710_POS_13_263.127758401329",21710,"POS",13,263.127833980777,263.127758401329,263.12778551074,"C15 H18 O4"
"X21711_POS_13_265.107020966641",21711,"POS",13,265.107096111053,265.107020966641,265.107050065851,"C14 H16 O5"
"X21712_POS_13_267.122631691504",21712,"POS",13,267.12270733592,267.122631691504,267.122700130311,"C14 H18 O5"
"X21714_POS_13_279.133910711725",21714,"POS",13,279.133984326252,279.133910711725,279.133933519601,"C14 H18 O4 N2"
"X21715_POS_13_281.174684110372",21715,"POS",13,281.174775544436,281.174684110372,281.174735704121,"C16 H24 O4"
"X21717_POS_13_284.18559555403",21717,"POS",13,284.185683829161,284.18559555403,284.185634740781,"C15 H25 O4 N1"
"X21721_POS_13_293.13834574939",21721,"POS",13,293.138439206089,293.13834574939,293.138350194771,"C16 H20 O5"
"X21722_POS_13_297.242382674711",21722,"POS",13,297.242479786879,297.242382674711,297.242421342391,"C18 H32 O3"
"X21723_POS_13_299.258039280396",21723,"POS",13,299.258132819904,299.258039280396,299.258071406851,"C18 H34 O3"
"X21724_POS_13_300.180496759447",21724,"POS",13,300.180594427082,300.180496759447,300.18054936035,"C15 H25 O5 N1"
"X21725_POS_13_303.086273919398",21725,"POS",13,303.086370687494,303.086273919398,303.086314620961,"C16 H14 O6"
"X21727_POS_13_305.138360360898",21727,"POS",13,305.138456506254,305.138360360898,305.138350194771,"C17 H20 O5"
"X21728_POS_13_307.154009558113",21728,"POS",13,307.154113973588,307.154009558113,307.154000259231,"C17 H22 O5"
"X21730_POS_13_314.159747689013",21730,"POS",13,314.159857414342,314.159747689013,314.159813915461,"C15 H23 O6 N1"
"X21732_POS_13_321.169601849492",21732,"POS",13,321.169716251838,321.169601849492,321.169650323691,"C18 H24 O5"
"X21733_POS_13_330.169868033266",21733,"POS",13,330.169980384677,330.169868033266,330.169984676321,"C19 H23 O4 N1"
"X21734_POS_13_337.16460737777",21734,"POS",13,337.164730918023,337.16460737777,337.164564943261,"C18 H24 O6"
"X21735_POS_13_339.143846596794",21735,"POS",13,339.143968203698,339.143846596794,339.143829498371,"C17 H22 O7"
"X21736_POS_13_342.191021509504",21736,"POS",13,342.191144010818,342.191021509504,342.191114044381,"C17 H27 O6 N1"
"X21737_POS_13_344.170299319038",21737,"POS",13,344.170422834793,344.170299319038,344.170378599491,"C16 H25 O7 N1"
"X21739_POS_13_349.164531670689",21739,"POS",13,349.164655305672,349.164531670689,349.164564943261,"C19 H24 O6"
"X21740_POS_13_353.159487723991",21740,"POS",13,353.159613282014,353.159487723991,353.159479562831,"C18 H24 O7"
"X21741_POS_13_353.253254155836",21741,"POS",13,353.253378287817,353.253254155836,353.253379949591,"C17 H36 O7"
"X21744_POS_13_367.201513766682",21744,"POS",13,367.201636272543,367.201513766682,367.201619157871,"C22 H26 O3 N2"
"X21745_POS_13_370.185935629106",21745,"POS",13,370.186071212318,370.185935629106,370.186028663951,"C18 H27 O7 N1"
"X21747_POS_13_383.263818402322",21747,"POS",13,383.263959768796,383.263818402322,383.26394463362,"C18 H38 O8"
"X21749_POS_13_400.196504547432",21749,"POS",13,400.19665233565,400.196504547432,400.196593347981,"C19 H29 O8 N1"
"X21776_POS_13_533.340547212675",21776,"POS",13,533.340692759196,533.340547212675,533.340755660902,"C30 H48 O4 N2 S1"
"X22779_POS_14_96.044414858342",22779,"POS",14,96.0443969588699,96.044414858342,96.0443902374709,"C5 H5 O1 N1"
"X22783_POS_14_100.075717627165",22783,"POS",14,100.075704462426,100.075717627165,100.075690366391,"C5 H9 O1 N1"
"X22789_POS_14_107.070306830993",22789,"POS",14,107.070299627787,107.070306830993,107.070270633331,"C4 H10 O3"
"X22793_POS_14_113.034591996553",22793,"POS",14,113.03458099219,113.034591996553,113.034553829241,"C4 H4 O2 N2"
"X22795_POS_14_113.096129817963",22795,"POS",14,113.096120018813,113.096129817963,113.096091458651,"C7 H12 O1"
"X22796_POS_14_114.054987669906",22796,"POS",14,114.054971236225,114.054987669906,114.054954921501,"C5 H7 O2 N1"
"X22797_POS_14_119.049167282835",22797,"POS",14,119.049142656575,119.049167282835,119.049141265271,"C8 H6 O1"
"X22798_POS_14_123.055306293803",22798,"POS",14,123.055290298347,123.055306293803,123.055289274131,"C6 H6 O1 N2"
"X22799_POS_14_132.065546801165",22799,"POS",14,132.065528677758,132.065546801165,132.065519605531,"C5 H9 O3 N1"
"X22800_POS_14_136.07570142438",22800,"POS",14,136.07568511832,136.07570142438,136.075690366391,"C8 H9 O1 N1"
"X22803_POS_14_150.054966638371",22803,"POS",14,150.054958206472,150.054966638371,150.054954921501,"C8 H7 O2 N1"
"X22804_POS_14_150.058344746021",22804,"POS",14,150.058339469836,150.058344746021,150.058326224821,"C5 H11 O2 N1 S1"
"X22805_POS_14_158.027039141896",22805,"POS",14,158.027033443793,158.027039141896,158.027026095901,"C6 H7 O2 N1 S1"
"X22807_POS_14_170.081175546437",22807,"POS",14,170.081177138707,170.081175546437,170.081169669991,"C8 H11 O3 N1"
"X22809_POS_14_175.14409185709",22809,"POS",14,175.144095736832,175.14409185709,175.144104280461,"C8 H18 O2 N2"
"X22811_POS_14_178.107375176659",22811,"POS",14,178.107381160595,178.107375176659,178.107384418481,"C7 H15 O4 N1"
"X22812_POS_14_180.047768494631",22812,"POS",14,180.047774572173,180.047768494631,180.047761540791,"C9 H9 O1 N1 S1"
"X22813_POS_14_189.054624082246",22813,"POS",14,189.054636174701,189.054624082246,189.054620568871,"C11 H8 O3"
"X22814_POS_14_192.123037317186",22814,"POS",14,192.123050040419,192.123037317186,192.123034482941,"C8 H17 O4 N1"
"X22815_POS_14_194.138663669073",22815,"POS",14,194.13867688952,194.138663669073,194.138684547401,"C8 H19 O4 N1"
"X22818_POS_14_206.102295885571",22818,"POS",14,206.102318124393,206.102295885571,206.102299038051,"C8 H15 O5 N1"
"X22819_POS_14_207.101562924377",22819,"POS",14,207.101586298221,207.101562924377,207.10157076225,"C12 H14 O3"
"X22820_POS_14_215.139021946185",22820,"POS",14,215.139048346039,215.139021946185,215.139018900031,"C10 H18 O3 N2"
"X22821_POS_14_219.170336738453",22821,"POS",14,219.170361110313,219.170336738453,219.170319028951,"C10 H22 O3 N2"
"X22822_POS_14_235.096491230022",22822,"POS",14,235.096531867468,235.096491230022,235.096485381821,"C13 H14 O4"
"X22824_POS_14_245.186005190487",22824,"POS",14,245.186039037701,245.186005190487,245.185969093411,"C12 H24 O3 N2"
"X22825_POS_14_247.132884270772",22825,"POS",14,247.132932696859,247.132884270772,247.132870891171,"C15 H18 O3"
"X22826_POS_14_248.22204407882",22826,"POS",14,248.22208930469,248.22204407882,248.222020250131,"C13 H29 O3 N1"
"X22829_POS_14_255.097566134528",22829,"POS",14,255.097611272445,255.097566134528,255.097548010251,"C11 H14 O5 N2"
"X22830_POS_14_260.001259734665",22830,"POS",14,260.001304826605,260.001259734665,260.001205270581,"C12 H5 O4 N1 S1"
"X22831_POS_14_263.127769665347",22831,"POS",14,263.127826914722,263.127769665347,263.12778551074,"C15 H18 O4"
"X22832_POS_14_263.164170935835",22832,"POS",14,263.164227014106,263.164170935835,263.16417102009,"C16 H22 O3"
"X22833_POS_14_274.180156691556",22833,"POS",14,274.180205857237,274.180156691556,274.180155437181,"C17 H23 O2 N1"
"X22834_POS_14_274.237666277626",22834,"POS",14,274.23773506773,274.237666277626,274.237670314591,"C15 H31 O3 N1"
"X22835_POS_14_275.16416833409",22835,"POS",14,275.164231299751,275.16416833409,275.164171020091,"C17 H22 O3"
"X22836_POS_14_277.143407461298",22836,"POS",14,277.143473406005,277.143407461298,277.143435575202,"C16 H20 O4"
"X22837_POS_14_278.247827023206",22837,"POS",14,278.247888477747,278.247827023206,278.247841075451,"C18 H31 O1 N1"
"X22838_POS_14_279.122679691431",22838,"POS",14,279.122748967989,279.122679691431,279.122700130311,"C15 H18 O5"
"X22839_POS_14_279.133901083064",22839,"POS",14,279.133949303846,279.133901083064,279.133933519601,"C14 H18 O4 N2"
"X22840_POS_14_280.15433827786",22840,"POS",14,280.154400389762,280.15433827786,280.154334611861,"C15 H21 O4 N1"
"X22841_POS_14_282.990691942811",22841,"POS",14,282.990741566231,282.990691942811,282.990700157091,"C11 H6 O7 S1"
"X22842_POS_14_293.138365098797",22842,"POS",14,293.138437640684,293.138365098797,293.138350194771,"C16 H20 O5"
"X22843_POS_14_295.154004596288",22843,"POS",14,295.154083960611,295.154004596288,295.15400025923,"C16 H22 O5"
"X22845_POS_14_303.086283332001",22845,"POS",14,303.08634210226,303.086283332001,303.086314620961,"C16 H14 O6"
"X22848_POS_14_321.169650414082",22848,"POS",14,321.169742573831,321.169650414082,321.169650323691,"C18 H24 O5"
"X22850_POS_14_328.175404072614",22850,"POS",14,328.175496716169,328.175404072614,328.175463979921,"C16 H25 O6 N1"
"X22851_POS_14_328.211786402807",22851,"POS",14,328.211873982532,328.211786402807,328.211849489271,"C17 H29 O5 N1"
"X22852_POS_14_329.193371266202",22852,"POS",14,329.193461368948,329.193371266202,329.193363148731,"C21 H28 O1 S1"
"X22853_POS_14_335.185301345349",22853,"POS",14,335.185394235118,335.185301345349,335.185300388151,"C19 H26 O5"
"X22854_POS_14_338.253635879415",22854,"POS",14,338.253724154756,338.253635879415,338.25371430222,"C16 H35 O6 N1"
"X22857_POS_14_386.217264832213",22857,"POS",14,386.217373975565,386.217264832213,386.217328792872,"C19 H31 O7 N1"
"X22858_POS_14_391.186295769019",22858,"POS",14,391.186400808061,391.186295769019,391.186363016581,"C20 H26 O6 N2"
"X22859_POS_14_403.230102726841",22859,"POS",14,403.230205094425,403.230102726841,403.230142581251,"C24 H34 O3 S1"
"X22863_POS_14_456.280308318551",22863,"POS",14,456.280436391387,456.280308318551,456.280322973881,"C20 H41 O10 N1"
"X23218_POS_15_170.081190194538",23218,"POS",15,170.081187352825,170.081190194538,170.081169669991,"C8 H11 O3 N1"
"X23219_POS_15_174.185227805462",23219,"POS",15,174.185228211762,174.185227805462,174.185240817611,"C10 H23 O1 N1"
"X23220_POS_15_176.070592703782",23220,"POS",15,176.070593106392,176.070592703782,176.070604985961,"C10 H9 O2 N1"
"X23221_POS_15_178.107381629194",23221,"POS",15,178.107383485468,178.107381629194,178.107384418481,"C7 H15 O4 N1"
"X23222_POS_15_183.065170123382",23222,"POS",15,183.065175442479,183.065170123382,183.065185252901,"C9 H10 O4"
"X23224_POS_15_189.091000488395",23224,"POS",15,189.091009332747,189.091000488395,189.091006078221,"C12 H12 O2"
"X23225_POS_15_192.123031737772",23225,"POS",15,192.123042739717,192.123031737772,192.123034482941,"C8 H17 O4 N1"
"X23226_POS_15_194.138677882117",23226,"POS",15,194.138688548882,194.138677882117,194.138684547401,"C8 H19 O4 N1"
"X23227_POS_15_218.211451039673",23227,"POS",15,218.211476202209,218.211451039673,218.211455566101,"C12 H27 O2 N1"
"X23228_POS_15_219.170322052034",23228,"POS",15,219.170347111167,219.170322052034,219.170319028951,"C10 H22 O3 N2"
"X23229_POS_15_221.189989731419",23229,"POS",15,221.190015579862,221.189989731419,221.189991845411,"C15 H24 O1"
"X23230_POS_15_230.247845727153",23230,"POS",15,230.247878307086,230.247845727153,230.247841075451,"C14 H31 O1 N1"
"X23231_POS_15_233.117233853498",23231,"POS",15,233.117269640614,233.117233853498,233.117220826711,"C14 H16 O3"
"X23232_POS_15_247.132882315018",23232,"POS",15,247.132924861164,247.132882315018,247.132870891171,"C15 H18 O3"
"X23233_POS_15_249.221309777274",23233,"POS",15,249.221353893645,249.221309777274,249.221291974331,"C17 H28 O1"
"X23235_POS_15_260.001247215596",23235,"POS",15,260.001298085189,260.001247215596,260.001205270581,"C12 H5 O4 N1 S1"
"X23236_POS_15_264.159421516449",23236,"POS",15,264.159477307253,264.159421516449,264.159419992291,"C15 H21 O3 N1"
"X23239_POS_15_282.990682094081",23239,"POS",15,282.990746252557,282.990682094081,282.990700157091,"C11 H6 O7 S1"
"X23240_POS_15_288.253294521209",23240,"POS",15,288.253367522467,288.253294521209,288.253320379052,"C16 H33 O3 N1"
"X23241_POS_15_293.174741858821",23241,"POS",15,293.174827524143,293.174741858821,293.174735704121,"C17 H24 O4"
"X23242_POS_15_301.162096106666",23242,"POS",15,301.162181516391,301.162096106666,301.162063019811,"C19 H24 O1 S1"
"X23243_POS_15_329.193361908642",23243,"POS",15,329.193468342542,329.193361908642,329.193363148731,"C21 H28 O1 S1"
"X23244_POS_15_335.185291924989",23244,"POS",15,335.185400641753,335.185291924989,335.185300388151,"C19 H26 O5"
"X23245_POS_15_375.235184581306",23245,"POS",15,375.235328793658,375.235184581306,375.235227961682,"C23 H34 O2 S1"
"X23247_POS_15_411.162453751584",23247,"POS",15,411.16260155373,411.162453751584,411.162456942981,"C24 H26 O4 S1"
"X23248_POS_15_417.245766532308",23248,"POS",15,417.245938454988,417.245766532308,417.245792645711,"C25 H36 O3 S1"
"X23316_POS_16_132.065543379734",23316,"POS",16,132.06552861721,132.065543379734,132.065519605531,"C5 H9 O3 N1"
"X23320_POS_16_174.054947776049",23320,"POS",16,174.054945480109,174.054947776049,174.054954921501,"C10 H7 O2 N1"
"X23321_POS_16_174.185233537163",23321,"POS",16,174.185227529103,174.185233537163,174.185240817611,"C10 H23 O1 N1"
"X23322_POS_16_175.075348922999",23322,"POS",16,175.075346873407,175.075348922999,175.07535601376,"C11 H10 O2"
"X23323_POS_16_175.14410446648",23323,"POS",16,175.144100057159,175.14410446648,175.144104280461,"C8 H18 O2 N2"
"X23326_POS_16_178.107388703139",23326,"POS",16,178.107387770993,178.107388703139,178.107384418481,"C7 H15 O4 N1"
"X23327_POS_16_183.065176637607",23327,"POS",16,183.065177692573,183.065176637607,183.065185252901,"C9 H10 O4"
"X23329_POS_16_189.159758242939",23329,"POS",16,189.159764445598,189.159758242939,189.159754344921,"C9 H20 O2 N2"
"X23330_POS_16_194.138703986915",23330,"POS",16,194.138713346596,194.138703986915,194.138684547401,"C8 H19 O4 N1"
"X23331_POS_16_203.106650267191",23331,"POS",16,203.106662920839,203.106650267191,203.106656142681,"C13 H14 O2"
"X23332_POS_16_206.102319640932",23332,"POS",16,206.10233413704,206.102319640932,206.102299038051,"C8 H15 O5 N1"
"X23333_POS_16_215.139037357508",23333,"POS",16,215.139059872157,215.139037357508,215.139018900031,"C10 H18 O3 N2"
"X23335_POS_16_219.101576708817",23335,"POS",16,219.101600475399,219.101576708817,219.101570762251,"C13 H14 O3"
"X23336_POS_16_233.153620342887",23336,"POS",16,233.153655259591,233.153620342887,233.153606336062,"C15 H20 O2"
"X23337_POS_16_234.091358902478",23337,"POS",16,234.091394606975,234.091358902478,234.091340430851,"C16 H11 O1 N1"
"X23338_POS_16_255.097580899214",23338,"POS",16,255.097633652362,255.097580899214,255.097548010251,"C11 H14 O5 N2"
"X23339_POS_16_260.001248564345",23339,"POS",16,260.001305690439,260.001248564345,260.001205270581,"C12 H5 O4 N1 S1"
"X23340_POS_16_263.164149025297",23340,"POS",16,263.164214626913,263.164149025297,263.164171020091,"C16 H22 O3"
"X23341_POS_16_274.180154349876",23341,"POS",16,274.180222782751,274.180154349876,274.180155437181,"C17 H23 O2 N1"
"X23342_POS_16_278.247811931303",23342,"POS",16,278.247884431439,278.247811931303,278.247841075451,"C18 H31 O1 N1"
"X23343_POS_16_282.990680661756",23343,"POS",16,282.990755807337,282.990680661756,282.990700157091,"C11 H6 O7 S1"
"X23344_POS_16_283.021300333185",23344,"POS",16,283.021384356228,283.021300333185,283.021212439671,"C19 H6 O1 S1"
"X23345_POS_16_296.128061045788",23345,"POS",16,296.128157109132,296.128061045788,296.128119863371,"C18 H17 O3 N1"
"X23346_POS_16_321.205978507546",23346,"POS",16,321.206119430198,321.205978507546,321.206035833041,"C19 H28 O4"
"X23349_POS_16_371.20386482325",23349,"POS",16,371.204018301849,371.20386482325,371.203927832761,"C23 H30 O2 S1"
"X23352_POS_16_431.26136838917",23352,"POS",16,431.261575464304,431.26136838917,431.261442710172,"C26 H38 O3 S1"
"X23354_POS_16_455.188630129394",23354,"POS",16,455.188848421862,455.188630129394,455.188671691471,"C26 H30 O5 S1"
"X23355_POS_16_471.162526116003",23355,"POS",16,471.162809756637,471.162526116003,471.162456942981,"C29 H26 O4 S1"
"X23357_POS_16_505.334540856774",23357,"POS",16,505.334819143169,505.334540856774,505.33460765204,"C30 H48 O4 S1"
"X23389_POS_17_168.065528967206",23389,"POS",17,168.065517411849,168.065528967206,168.065519605531,"C8 H9 O3 N1"
"X23390_POS_17_169.097177173137",23390,"POS",17,169.097170796657,169.097177173137,169.097154087081,"C8 H12 O2 N2"
"X23393_POS_17_175.144101281769",23393,"POS",17,175.144096212349,175.144101281769,175.144104280461,"C8 H18 O2 N2"
"X23395_POS_17_185.080823558246",23395,"POS",17,185.080824103552,185.080823558246,185.080835317361,"C9 H12 O4"
"X23396_POS_17_187.132862775658",23396,"POS",17,187.13286625557,187.132862775658,187.132870891171,"C10 H18 O3"
"X23397_POS_17_189.159747036842",23397,"POS",17,189.159751350961,189.159747036842,189.159754344921,"C9 H20 O2 N2"
"X23400_POS_17_206.10231067094",23400,"POS",17,206.102327471388,206.10231067094,206.102299038051,"C8 H15 O5 N1"
"X23403_POS_17_233.153622743456",23403,"POS",17,233.15365600947,233.153622743456,233.153606336062,"C15 H20 O2"
"X23404_POS_17_255.097586614732",23404,"POS",17,255.097636695671,255.097586614732,255.097548010251,"C11 H14 O5 N2"
"X23405_POS_17_259.154004201788",23405,"POS",17,259.154059196472,259.154004201788,259.154000259231,"C13 H22 O5"
"X23406_POS_17_260.001267463218",23406,"POS",17,260.001321226489,260.001267463218,260.001205270581,"C12 H5 O4 N1 S1"
"X23407_POS_17_274.180144258661",23407,"POS",17,274.180207484287,274.180144258661,274.180155437181,"C17 H23 O2 N1"
"X23408_POS_17_282.990680582441",23408,"POS",17,282.990749984254,282.990680582441,282.990700157091,"C11 H6 O7 S1"
"X23410_POS_17_301.164515439697",23410,"POS",17,301.164612049873,301.164515439697,301.164564943261,"C15 H24 O6"
"X23412_POS_17_321.242345020912",23412,"POS",17,321.242474953972,321.242345020912,321.242421342391,"C20 H32 O3"
"X23413_POS_17_327.141326440763",23413,"POS",17,327.141450067761,327.141326440763,327.141327574921,"C20 H22 O2 S1"
"X23415_POS_17_351.216530445535",23415,"POS",17,351.216681522235,351.216530445535,351.216600517071,"C20 H30 O5"
"X23416_POS_17_362.326409046531",23416,"POS",17,362.326527085139,362.326409046531,362.326485320921,"C20 H43 O4 N1"
"X23418_POS_17_396.259205473943",23418,"POS",17,396.259380381488,396.259205473943,396.259193605821,"C18 H37 O8 N1"
"X23421_POS_17_455.26140704243",23421,"POS",17,455.261652804061,455.26140704243,455.261442710172,"C28 H38 O3 S1"
"X23422_POS_17_489.303234278167",23422,"POS",17,489.303495856658,489.303234278167,489.303307523121,"C29 H44 O4 S1"
"X23425_POS_17_685.202706408874",23425,"POS",17,685.203167022341,685.202706408874,685.202800927381,"C36 H32 O12 N2"
"X23472_POS_18_184.060415714626",23472,"POS",18,184.060422196332,184.060415714626,184.060434225101,"C8 H9 O4 N1"
"X23473_POS_18_185.080822854284",23473,"POS",18,185.080828965683,185.080822854284,185.080835317361,"C9 H12 O4"
"X23475_POS_18_189.159744165748",23475,"POS",18,189.159753824785,189.159744165748,189.159754344921,"C9 H20 O2 N2"
"X23476_POS_18_205.122301429774",23476,"POS",18,205.122321377526,205.122301429774,205.122306207141,"C13 H16 O2"
"X23477_POS_18_206.102312553247",23477,"POS",18,206.102331745284,206.102312553247,206.102299038051,"C8 H15 O5 N1"
"X23478_POS_18_225.091016571946",23478,"POS",18,225.09104869575,225.091016571946,225.091006078221,"C15 H12 O2"
"X23480_POS_18_236.985278760333",23480,"POS",18,236.985319458033,236.985278760333,236.985220853491,"C10 H4 O5 S1"
"X23481_POS_18_239.143064786634",23481,"POS",18,239.143108247865,239.143064786634,239.143041652031,"C17 H18 O1"
"X23482_POS_18_243.159105479953",23482,"POS",18,243.159152430779,243.159105479953,243.159085639661,"C13 H22 O4"
"X23483_POS_18_253.1223243648",23483,"POS",18,253.122377511088,253.1223243648,253.122306207141,"C17 H16 O2"
"X23484_POS_18_255.097592254227",23484,"POS",18,255.09764220934,255.097592254227,255.097548010251,"C11 H14 O5 N2"
"X23485_POS_18_257.153641777155",23485,"POS",18,257.153693807095,257.153641777155,257.153606336061,"C17 H20 O2"
"X23486_POS_18_260.001251171561",23486,"POS",18,260.001303562731,260.001251171561,260.001205270581,"C12 H5 O4 N1 S1"
"X23487_POS_18_265.179811362162",23487,"POS",18,265.179875233471,265.179811362162,265.179821084552,"C16 H24 O3"
"X23489_POS_18_277.179786544629",23489,"POS",18,277.179861341949,277.179786544629,277.179821084552,"C17 H24 O3"
"X23491_POS_18_279.231829862594",23491,"POS",18,279.231904352642,279.231829862594,279.231856658361,"C18 H30 O2"
"X23492_POS_18_282.990682563524",23492,"POS",18,282.990750518178,282.990682563524,282.990700157091,"C11 H6 O7 S1"
"X23493_POS_18_301.16450545625",23493,"POS",18,301.164598602008,301.16450545625,301.164564943261,"C15 H24 O6"
"X23494_POS_18_318.191018881713",23494,"POS",18,318.191126912278,318.191018881713,318.191114044381,"C15 H27 O6 N1"
"X23496_POS_18_323.146402832949",23496,"POS",18,323.146515758975,323.146402832949,323.14641295535,"C21 H22 O1 S1"
"X23499_POS_18_369.151843115026",23499,"POS",18,369.151983164868,369.151843115026,369.151892258951,"C22 H24 O3 S1"
"X23504_POS_18_415.232595543213",23504,"POS",18,415.232789947967,415.232595543213,415.2326445047,"C21 H34 O8"
"X23506_POS_18_455.188636997486",23506,"POS",18,455.18886773964,455.188636997486,455.188671691471,"C26 H30 O5 S1"
"X23510_POS_19_127.05021574145",23510,"POS",19,127.050218731152,127.05021574145,127.050203893701,"C5 H6 O2 N2"
"X23513_POS_19_184.060414123602",23513,"POS",19,184.060425105483,184.060414123602,184.060434225101,"C8 H9 O4 N1"
"X23515_POS_19_208.039347013101",23515,"POS",19,208.039366469143,208.039347013101,208.039304857041,"C13 H5 O2 N1"
"X23516_POS_19_223.111742857526",23516,"POS",19,223.111770561953,223.111742857526,223.11174152311,"C16 H14 O1"
"X23517_POS_19_236.985274474947",23517,"POS",19,236.985312222838,236.985274474947,236.985220853491,"C10 H4 O5 S1"
"X23518_POS_19_239.143060588063",23518,"POS",19,239.143105335599,239.143060588063,239.143041652031,"C17 H18 O1"
"X23521_POS_19_267.177708829802",23521,"POS",19,267.177768496476,267.177708829802,267.177713084271,"C16 H26 O1 S1"
"X23522_POS_19_271.153988246433",23522,"POS",19,271.154056154249,271.153988246433,271.154000259231,"C14 H22 O5"
"X23523_POS_19_271.169242307632",23523,"POS",19,271.169312069521,271.169242307632,271.169256400521,"C18 H22 O2"
"X23524_POS_19_277.216170313605",23524,"POS",19,277.216252456564,277.216170313605,277.216206593901,"C18 H28 O2"
"X23525_POS_19_281.17470810347",23525,"POS",19,281.17478607479,281.17470810347,281.174735704121,"C16 H24 O4"
"X23526_POS_19_281.193332735756",23526,"POS",19,281.193405562181,281.193332735756,281.193363148731,"C17 H28 O1 S1"
"X23527_POS_19_289.162032593195",23527,"POS",19,289.16211045225,289.162032593195,289.162063019811,"C18 H24 O1 S1"
"X23528_POS_19_291.17770311222",23528,"POS",19,291.177784781083,291.17770311222,291.177713084271,"C18 H26 O1 S1"
"X23529_POS_19_293.193347139826",23529,"POS",19,293.193425635018,293.193347139826,293.193363148731,"C18 H28 O1 S1"
"X23530_POS_19_315.195397294396",23530,"POS",19,315.195525302009,315.195397294396,315.195471149011,"C20 H26 O3"
"X23531_POS_19_321.242331021405",23531,"POS",19,321.242477354647,321.242331021405,321.242421342391,"C20 H32 O3"
"X23532_POS_19_334.295077524346",23532,"POS",19,334.295211865597,334.295077524346,334.295185192001,"C18 H39 O4 N1"
"X23533_POS_19_340.190605506345",23533,"POS",19,340.190721664085,340.190605506345,340.190720121211,"C21 H25 O3 N1"
"X23534_POS_19_359.240253273858",23534,"POS",19,359.24043043486,359.240253273858,359.240313342111,"C23 H34 O1 S1"
"X23535_POS_19_401.21688861545",23535,"POS",19,401.217051325616,401.21688861545,401.216994440241,"C20 H32 O8"
"X23536_POS_19_404.264162728228",23536,"POS",19,404.264325840891,404.264162728228,404.264278986251,"C20 H37 O7 N1"
"X23539_POS_19_456.171040412128",23539,"POS",19,456.171239706973,456.171040412128,456.171166445831,"C17 H29 O13 N1"
"X23540_POS_19_462.269669328383",23540,"POS",19,462.269875635344,462.269669328383,462.269758289851,"C22 H39 O9 N1"
"X23542_POS_19_600.431626950877",23542,"POS",19,600.431985504666,600.431626950877,600.431738238051,"C29 H61 O11 N1"
"X23543_POS_19_658.473487295396",23543,"POS",19,658.473911943336,658.473487295396,658.473603051,"C32 H67 O12 N1"
"X23545_POS_19_720.517171295381",23545,"POS",19,720.517627755087,720.517171295381,720.517263474591,"C49 H69 O1 N1 S1"
"X23547_POS_20_127.050227081507",23547,"POS",20,127.050217112788,127.050227081507,127.050203893701,"C5 H6 O2 N2"
"X23549_POS_20_166.049870382394",23549,"POS",20,166.049871743789,166.049870382394,166.049869541071,"C8 H7 O3 N1"
"X23550_POS_20_184.060413891494",23550,"POS",20,184.060421896464,184.060413891494,184.060434225101,"C8 H9 O4 N1"
"X23551_POS_20_190.107392265736",23551,"POS",20,190.107404224524,190.107392265736,190.107384418481,"C8 H15 O4 N1"
"X23552_POS_20_285.130743411195",23552,"POS",20,285.130820840578,285.130743411195,285.130762890891,"C18 H20 O1 S1"
"X23553_POS_20_291.17767941939",23553,"POS",20,291.177767693015,291.17767941939,291.177713084271,"C18 H26 O1 S1"
"X23554_POS_20_293.193313916437",23554,"POS",20,293.1934067019,293.193313916437,293.193363148731,"C18 H28 O1 S1"
"X23556_POS_20_303.177649762979",23556,"POS",20,303.17775058707,303.177649762979,303.177713084271,"C19 H26 O1 S1"
"X23557_POS_20_305.193311617046",23557,"POS",20,305.193419707125,305.193311617046,305.193363148731,"C19 H28 O1 S1"
"X23558_POS_20_317.193289810367",23558,"POS",20,317.193399529439,317.193289810367,317.193363148731,"C20 H28 O1 S1"
"X23559_POS_20_319.208937378218",23559,"POS",20,319.209052233554,319.208937378218,319.209013213191,"C20 H30 O1 S1"
"X23560_POS_20_329.153502913377",23560,"POS",20,329.153645556579,329.153502913377,329.153606336062,"C23 H20 O2"
"X23572_POS_21_127.050196802485",23572,"POS",21,127.050214889944,127.050196802485,127.050203893701,"C5 H6 O2 N2"
"X23573_POS_21_166.049875411393",23573,"POS",21,166.049876219825,166.049875411393,166.049869541071,"C8 H7 O3 N1"
"X23574_POS_21_184.060415361679",23574,"POS",21,184.060415090841,184.060415361679,184.060434225101,"C8 H9 O4 N1"
"X23575_POS_21_185.023352576531",23575,"POS",21,185.02335239341,185.023352576531,185.023320439951,"C11 H4 O3"
"X23576_POS_21_190.107386738426",23576,"POS",21,190.107387263128,190.107386738426,190.107384418481,"C8 H15 O4 N1"
"X23578_POS_21_259.205660484421",23578,"POS",21,259.205711728134,259.205660484421,259.205641909871,"C18 H26 O1"
"X23579_POS_21_278.247802456333",23579,"POS",21,278.247878930646,278.247802456333,278.247841075451,"C18 H31 O1 N1"
"X23580_POS_21_290.247789821207",23580,"POS",21,290.247888592203,290.247789821207,290.247841075451,"C19 H31 O1 N1"
"X23581_POS_21_296.200838393704",23581,"POS",21,296.200947496693,296.200838393704,296.200890882071,"C20 H25 O1 N1"
"X23582_POS_21_298.216459659265",23582,"POS",21,298.216572642424,298.216459659265,298.216540946531,"C20 H27 O1 N1"
"X23583_POS_21_305.193281408073",23583,"POS",21,305.193410577667,305.193281408073,305.193363148731,"C19 H28 O1 S1"
"X23584_POS_21_311.146312105055",23584,"POS",21,311.146451977328,311.146312105055,311.146412955351,"C20 H22 O1 S1"
"X23585_POS_21_389.111375327346",23585,"POS",21,389.11178717289,389.111375327346,389.111209215511,"C13 H24 O11 S1"
"X23586_POS_21_435.277629501043",23586,"POS",21,435.278224012579,435.277629501043,435.2774866978,"C22 H42 O6 S1"
"X23587_POS_21_610.18263103164",23587,"POS",21,610.1843584738,610.18263103164,610.182518976202,"C20 H35 O20 N1"
"X23589_POS_21_678.476351713446",23589,"POS",21,678.478769768681,678.476351713446,678.476186507981,"C39 H67 O6 N1 S1"
"X23590_POS_21_679.507970499201",23590,"POS",21,679.510375267667,679.507970499201,679.50782098953,"C39 H70 O5 N2 S1"
"X23592_POS_21_707.502699267613",23592,"POS",21,707.505356393023,707.502699267613,707.502735609101,"C40 H70 O6 N2 S1"
"X23593_POS_21_721.518275387884",23593,"POS",21,721.521026573642,721.518275387884,721.518385673561,"C41 H72 O6 N2 S1"
"X23595_POS_2_113.034604489222",23595,"POS",2,113.034603797513,113.034604489222,113.034553829241,"C4 H4 O2 N2"
"X23596_POS_2_113.059753292677",23596,"POS",2,113.059749809529,113.059753292677,113.059705949301,"C6 H8 O2"
"X23605_POS_2_189.123400257901",23605,"POS",2,189.123416026784,189.123400257901,189.123368835571,"C8 H16 O3 N2"
"X23625_POS_3_167.081486631587",23625,"POS",3,167.081515467757,167.081486631587,167.081504022621,"C8 H10 O2 N2"
"X23630_POS_3_191.081495679138",23630,"POS",3,191.08153060901,191.081495679138,191.081504022621,"C10 H10 O2 N2"
"X23631_POS_3_199.060086340404",23631,"POS",3,199.060122675238,199.060086340404,199.060099872471,"C9 H10 O5"
"X23632_POS_3_208.09679155617",23632,"POS",3,208.096830359835,208.09679155617,208.096819734451,"C11 H13 O3 N1"
"X23633_POS_3_209.096076296145",23633,"POS",3,209.096116258497,209.096076296145,209.096091458651,"C15 H12 O1"
"X23686_POS_4_173.092050482566",23686,"POS",4,173.092062713063,173.092050482566,173.09206870665,"C7 H12 O3 N2"
"X23709_POS_6_150.076085670137",23709,"POS",6,150.076090912103,150.076085670137,150.076084289561,"C5 H11 O4 N1"
"X23714_POS_6_183.112796041712",23714,"POS",6,183.112812639334,183.112796041712,183.112804151541,"C9 H14 O2 N2"
"X23715_POS_6_191.081506671791",23715,"POS",6,191.08152611718,191.081506671791,191.081504022621,"C10 H10 O2 N2"
"X23721_POS_6_328.320942377236",23721,"POS",6,328.321014919837,328.320942377236,328.321006017321,"C20 H41 O2 N1"
"X23729_POS_7_104.107022229839",23729,"POS",7,104.107015968099,104.107022229839,104.106990495311,"C5 H13 O1 N1"
"X23737_POS_7_196.081555750549",23737,"POS",7,196.08157632281,196.081555750549,196.081563593161,"C6 H13 O6 N1"
"X23740_POS_7_263.23695051931",23740,"POS",7,263.236998354408,263.23695051931,263.236942038791,"C18 H30 O1"
"X23741_POS_7_276.107789158428",23741,"POS",7,276.107841431951,276.107789158428,276.107778341651,"C11 H17 O7 N1"
"X23747_POS_7_668.176255297064",23747,"POS",7,668.176564496427,668.176255297064,668.176251826262,"C36 H29 O12 N1"
"X23751_POS_8_157.064800282609",23751,"POS",8,157.064805924477,157.064800282609,157.064791329731,"C11 H8 O1"
"X23754_POS_8_185.023330843745",23754,"POS",8,185.023345288833,185.023330843745,185.023320439951,"C11 H4 O3"
"X23761_POS_8_309.227123688154",23761,"POS",8,309.227186746164,309.227123688154,309.227165201101,"C15 H32 O6"
"X23782_POS_9_130.049884973885",23782,"POS",9,130.049874908727,130.049884973885,130.049869541071,"C5 H7 O3 N1"
"X23788_POS_9_194.081147411368",23788,"POS",9,194.081169901942,194.081147411368,194.081169669991,"C10 H11 O3 N1"
"X23790_POS_9_230.102301578725",23790,"POS",9,230.102338954521,230.102301578725,230.102299038051,"C10 H15 O5 N1"
"X24220_POS_10_176.128108604815",24220,"POS",10,176.128119474223,176.128108604815,176.128119863371,"C8 H17 O3 N1"
"X24222_POS_10_192.065514792656",24222,"POS",10,192.06553053937,192.065514792656,192.065519605531,"C10 H9 O3 N1"
"X24225_POS_10_219.170329332333",24225,"POS",10,219.170349914943,219.170329332333,219.170319028951,"C10 H22 O3 N2"
"X24226_POS_10_222.185251446677",24226,"POS",10,222.185273682649,222.185251446677,222.185240817611,"C14 H23 O1 N1"
"X24227_POS_10_238.164954478038",24227,"POS",10,238.164981849114,238.164954478038,238.164899295891,"C10 H23 O5 N1"
"X24228_POS_10_244.154371875069",24228,"POS",10,244.154401302864,244.154371875069,244.154334611861,"C12 H21 O4 N1"
"X24229_POS_10_249.123402036337",24229,"POS",10,249.123431383672,249.123402036337,249.123368835571,"C13 H16 O3 N2"
"X25387_POS_11_196.096804004353",25387,"POS",11,196.09681963534,196.096804004353,196.096819734451,"C10 H13 O3 N1"
"X25391_POS_11_239.164194322439",25391,"POS",11,239.164218015772,239.164194322439,239.164171020091,"C14 H22 O3"
"X25393_POS_11_262.14379001223",25393,"POS",11,262.14381819932,262.14379001223,262.143769927831,"C15 H19 O3 N1"
"X25394_POS_11_281.138364220571",25394,"POS",11,281.138395126017,281.138364220571,281.138350194771,"C15 H20 O5"
"X25395_POS_11_281.247523030669",25395,"POS",11,281.247552609222,281.247523030669,281.247506722821,"C18 H32 O2"
"X25397_POS_11_295.117636147188",25397,"POS",11,295.117669603417,295.117636147188,295.117614749881,"C15 H18 O6"
"X25398_POS_11_297.133297416087",25398,"POS",11,297.133331943598,297.133297416087,297.133264814341,"C15 H20 O6"
"X25421_POS_11_495.241162455954",25421,"POS",11,495.241229833531,495.241162455954,495.241101188452,"C26 H38 O7 S1"
"X25823_POS_12_144.138305610922",25823,"POS",12,144.13828695653,144.138305610922,144.138290624231,"C8 H17 O1 N1"
"X25824_POS_12_165.054618932939",25824,"POS",12,165.054617212956,165.054618932939,165.054620568871,"C9 H8 O3"
"X25825_POS_12_170.153952217617",25825,"POS",12,170.153954721139,170.153952217617,170.153940688691,"C10 H19 O1 N1"
"X25828_POS_12_186.076076193768",25828,"POS",12,186.076091926882,186.076076193768,186.076084289561,"C8 H11 O4 N1"
"X25831_POS_12_209.080814709849",25831,"POS",12,209.080849463369,209.080814709849,209.080835317361,"C11 H12 O4"
"X25833_POS_12_217.122288742105",25833,"POS",12,217.122329102055,217.122288742105,217.122306207141,"C14 H16 O2"
"X25834_POS_12_219.065189553401",25834,"POS",12,219.065230476615,219.065189553401,219.065185252901,"C12 H10 O4"
"X25837_POS_12_256.154345010099",25837,"POS",12,256.154414221365,256.154345010099,256.154334611861,"C13 H21 O4 N1"
"X25838_POS_12_265.175794259233",25838,"POS",12,265.175868311238,265.175794259233,265.175798332551,"C11 H24 O5 N2"
"X25841_POS_12_282.990687988691",25841,"POS",12,282.990772381643,282.990687988691,282.990700157091,"C11 H6 O7 S1"
"X25843_POS_12_307.117590447641",25843,"POS",12,307.117697086627,307.117590447641,307.117614749881,"C16 H18 O6"
"X25844_POS_12_309.133266336686",25844,"POS",12,309.133369690669,309.133266336686,309.133264814341,"C16 H20 O6"
"X25845_POS_12_311.112494998601",25845,"POS",12,311.112598316105,311.112494998601,311.112529369451,"C15 H18 O7"
"X25846_POS_12_319.128770519119",25846,"POS",12,319.128883305736,319.128770519119,319.128848139171,"C16 H18 O5 N2"
"X25847_POS_12_327.143827412696",25847,"POS",12,327.14394232632,327.143827412696,327.143829498371,"C16 H22 O7"
"X25848_POS_12_339.143827250066",25848,"POS",12,339.143946142046,339.143827250066,339.143829498371,"C17 H22 O7"
"X25850_POS_12_367.138665675429",25850,"POS",12,367.138796457985,367.138665675429,367.138744117941,"C18 H22 O8"
"X25851_POS_12_372.165193467261",25851,"POS",12,372.16533021725,372.165193467261,372.165293219061,"C17 H25 O8 N1"
"X26518_POS_13_126.091364572077",26518,"POS",13,126.091325909908,126.091364572077,126.091340430851,"C7 H11 O1 N1"
"X26519_POS_13_131.070303898298",26519,"POS",13,131.07027039671,131.070303898298,131.070270633331,"C6 H10 O3"
"X26522_POS_13_154.122668269342",26522,"POS",13,154.122653205888,154.122668269342,154.122640559771,"C9 H15 O1 N1"
"X26528_POS_13_231.170306023132",26528,"POS",13,231.170355914771,231.170306023132,231.170319028951,"C11 H22 O3 N2"
"X26531_POS_13_304.248168284551",26531,"POS",13,304.24827193475,304.248168284551,304.248234998621,"C16 H33 O4 N1"
"X26532_POS_13_309.133271294289",26532,"POS",13,309.133374296774,309.133271294289,309.133264814341,"C16 H20 O6"
"X26533_POS_13_313.128162353875",26533,"POS",13,313.128269703012,313.128162353875,313.128179433911,"C15 H20 O7"
"X26534_POS_13_315.177665001395",26534,"POS",13,315.177770067895,315.177665001395,315.177713084271,"C20 H26 O1 S1"
"X26535_POS_13_316.172908048075",26535,"POS",13,316.173016485356,316.172908048075,316.17296205647,"C19 H25 O1 N1 S1"
"X26536_POS_13_323.148929457556",26536,"POS",13,323.149043312923,323.148929457556,323.148914878801,"C17 H22 O6"
"X26951_POS_13_741.726492846181",26951,"POS",13,741.726630714849,741.726492846181,741.7265279688,"C46 H96 O2 N2 S1"
"X26952_POS_13_742.189281976191",26952,"POS",13,742.189402272619,742.189281976191,742.189399967271,"C46 H31 O7 N1 S1"
"X27537_POS_14_90.0549709583368",27537,"POS",14,90.0549449547406,90.0549709583368,90.054954921501,"C3 H7 O2 N1"
"X27539_POS_14_164.10698454742",27539,"POS",14,164.106980694068,164.10698454742,164.106990495311,"C10 H13 O1 N1"
"X27544_POS_14_189.12738585511",27544,"POS",14,189.12739689565,189.12738585511,189.127391587571,"C13 H16 O1"
"X27546_POS_14_219.101566221755",27546,"POS",14,219.101599098108,219.101566221755,219.101570762251,"C13 H14 O3"
"X27547_POS_14_230.211469625508",27547,"POS",14,230.211505208563,230.211469625508,230.211455566101,"C13 H27 O2 N1"
"X27550_POS_14_307.154013545707",27550,"POS",14,307.154099529577,307.154013545707,307.154000259231,"C17 H22 O5"
"X27556_POS_14_358.183515206358",27556,"POS",14,358.183598615967,358.183515206358,358.183526740501,"C21 H27 O2 N1 S1"
"X27887_POS_15_95.0491536196692",27887,"POS",15,95.0491407458026,95.0491536196692,95.0491412652708,"C6 H6 O1"
"X27898_POS_15_150.054969239322",27898,"POS",15,150.054958001285,150.054969239322,150.054954921501,"C8 H7 O2 N1"
"X27902_POS_15_190.122642497866",27902,"POS",15,190.122651695409,190.122642497866,190.122640559771,"C12 H15 O1 N1"
"X27905_POS_15_268.096821398609",27905,"POS",15,268.096878502293,268.096821398609,268.096819734451,"C16 H13 O3 N1"
"X27906_POS_15_273.188325230682",27906,"POS",15,273.188388069945,273.188325230682,273.188277768301,"C15 H28 O2 S1"
"X27907_POS_15_307.190385571755",27907,"POS",15,307.19048016965,307.190385571755,307.190385768581,"C18 H26 O4"
"X27973_POS_16_174.112474255685",27973,"POS",16,174.112473021413,174.112474255685,174.112469798911,"C8 H15 O3 N1"
"X27974_POS_16_186.185249881306",27974,"POS",16,186.185253047086,186.185249881306,186.185240817611,"C11 H23 O1 N1"
"X27977_POS_16_239.127870108038",27977,"POS",16,239.127911595791,239.127870108038,239.12778551074,"C13 H18 O4"
"X27980_POS_16_331.190312182113",27980,"POS",16,331.19044763678,331.190312182113,331.190385768581,"C20 H26 O4"
"X27981_POS_16_362.326365098908",27981,"POS",16,362.326497533466,362.326365098908,362.326485320921,"C20 H43 O4 N1"
"X27985_POS_16_514.358491404137",27985,"POS",16,514.358718209401,514.358491404137,514.35857329618,"C24 H51 O10 N1"
"X28019_POS_17_188.091734818808",28019,"POS",17,188.091738815598,188.091734818808,188.091734354021,"C8 H13 O4 N1"
"X28020_POS_17_263.164127441162",28020,"POS",17,263.164188084022,263.164127441162,263.164171020091,"C16 H22 O3"
"X28025_POS_17_424.290398788045",28025,"POS",17,424.29057381057,424.290398788045,424.290493734741,"C20 H41 O8 N1"
"X28066_POS_18_233.153617308997",28066,"POS",18,233.153657334776,233.153617308997,233.153606336061,"C15 H20 O2"
"X28067_POS_18_263.146413999984",28067,"POS",18,263.146468621924,263.146413999984,263.146412955351,"C16 H22 O1 S1"
"X28073_POS_19_251.164188506212",28073,"POS",19,251.164242337714,251.164188506212,251.16417102009,"C15 H22 O3"
"X28085_POS_20_345.184806591895",28085,"POS",20,345.184951458576,345.184806591895,345.184906464981,"C24 H24 O2"
"X28088_POS_21_144.10188907846",28088,"POS",21,144.101900854294,144.10188907846,144.101905114881,"C7 H13 O2 N1"
"X28091_POS_21_269.211090691673",28091,"POS",21,269.211153474084,269.211090691673,269.211121213471,"C16 H28 O3"
"X28097_POS_2_102.091383092934",28097,"POS",2,102.091378212447,102.091383092934,102.091340430851,"C5 H11 O1 N1"
"X28098_POS_2_108.044429633642",28098,"POS",2,108.044422732905,108.044429633642,108.044390237471,"C6 H5 O1 N1"
"X28124_POS_3_173.128426218468",28124,"POS",3,173.128454902156,173.128426218468,173.128454216001,"C8 H16 O2 N2"
"X28125_POS_3_179.081470266513",28125,"POS",3,179.081501976288,179.081470266513,179.081504022621,"C9 H10 O2 N2"
"X28126_POS_3_181.097141579076",28126,"POS",3,181.097173807914,181.097141579076,181.097154087081,"C9 H12 O2 N2"
"X28129_POS_3_195.112785753164",28129,"POS",3,195.112821643402,195.112785753164,195.112804151541,"C10 H14 O2 N2"
"X28130_POS_3_201.159739451692",28130,"POS",3,201.159776889167,201.159739451692,201.159754344921,"C10 H20 O2 N2"
"X28139_POS_3_274.164885988808",28139,"POS",3,274.164940678777,274.164885988808,274.164899295891,"C13 H23 O5 N1"
"X28142_POS_3_360.201636464315",28142,"POS",3,360.201700373724,360.201636464315,360.201678728411,"C17 H29 O7 N1"
"X28197_POS_4_125.070952190263",28197,"POS",4,125.07094997271,125.070952190263,125.070939338591,"C6 H8 O1 N2"
"X28198_POS_4_160.133204909474",28198,"POS",4,160.133213730877,160.133204909474,160.133205243801,"C8 H17 O2 N1"
"X28199_POS_4_169.15868018758",28199,"POS",4,169.158692525575,169.15868018758,169.158691716491,"C11 H20 O1"
"X28206_POS_5_113.096128615186",28206,"POS",5,113.096121951732,113.096128615186,113.096091458651,"C7 H12 O1"
"X28225_POS_6_314.268933809507",28225,"POS",6,314.269002484386,314.268933809507,314.268970443511,"C18 H35 O3 N1"
"X28233_POS_7_191.091396504049",28233,"POS",7,191.091415008022,191.091396504049,191.091400001391,"C8 H14 O5"
"X28250_POS_8_247.190399089119",28250,"POS",8,247.190436778069,247.190399089119,247.190385768581,"C13 H26 O4"
"X28261_POS_9_162.058337310766",28261,"POS",9,162.058344425763,162.058337310766,162.058326224821,"C6 H11 O2 N1 S1"
"X28265_POS_9_197.12840955296",28265,"POS",9,197.128432886212,197.12840955296,197.128454216001,"C10 H16 O2 N2"
"X28266_POS_9_197.164821725902",28266,"POS",9,197.164844818969,197.164821725902,197.164839725351,"C11 H20 O1 N2"
"X28721_POS_10_197.128425644488",28721,"POS",10,197.128441696589,197.128425644488,197.128454216001,"C10 H16 O2 N2"
"X28723_POS_10_199.038957141075",28723,"POS",10,199.038974268783,199.038957141075,199.038970504411,"C12 H6 O3"
"X28727_POS_10_223.144100621033",28727,"POS",10,223.144123044507,223.144100621033,223.144104280461,"C12 H18 O2 N2"
"X28728_POS_10_225.112136317667",28728,"POS",10,225.112159128757,225.112136317667,225.112135446281,"C12 H16 O4"
"X28729_POS_10_261.130867134478",28729,"POS",10,261.130909066878,261.130867134478,261.130762890891,"C16 H20 O1 S1"
"X29870_POS_11_235.132886487311",29870,"POS",11,235.132909183643,235.132886487311,235.132870891171,"C14 H18 O3"
"X29871_POS_11_258.133582886036",29871,"POS",11,258.133610366985,258.133582886036,258.133599166971,"C12 H19 O5 N1"
"X29873_POS_11_283.117640591707",29873,"POS",11,283.117669812472,283.117640591707,283.117614749881,"C14 H18 O6"
"X30355_POS_12_152.016485401794",30355,"POS",12,152.016472801754,152.016485401794,152.016461411871,"C7 H5 O1 N1 S1"
"X30360_POS_12_220.096806620182",30360,"POS",12,220.096851194733,220.096806620182,220.096819734451,"C12 H13 O3 N1"
"X30361_POS_12_233.117219123932",30361,"POS",12,233.117270440042,233.117219123932,233.117220826711,"C14 H16 O3"
"X30364_POS_12_265.107012257287",30364,"POS",12,265.107087956553,265.107012257287,265.107050065851,"C14 H16 O5"
"X30365_POS_12_281.101924450155",30365,"POS",12,281.102007867736,281.101924450155,281.101964685421,"C14 H16 O6"
"X30366_POS_12_293.138340406743",30366,"POS",12,293.138434542675,293.138340406743,293.138350194771,"C16 H20 O5"
"X30686_POS_12_713.05558448439",30686,"POS",12,713.055842902337,713.05558448439,713.055544812872,"C30 H20 O17 N2 S1"
"X31062_POS_13_279.104964495679",31062,"POS",13,279.105048903541,279.104964495679,279.104942065571,"C15 H18 O3 S1"
"X31063_POS_13_282.990664972902",31063,"POS",13,282.990744457844,282.990664972902,282.990700157091,"C11 H6 O7 S1"
"X31064_POS_13_291.159051951829",31064,"POS",13,291.159143848707,291.159051951829,291.159085639661,"C17 H22 O4"
"X31066_POS_13_323.185268870876",31066,"POS",13,323.18538460071,323.185268870876,323.185300388151,"C18 H26 O5"
"X31067_POS_13_339.18024900009",31067,"POS",13,339.180375190013,339.18024900009,339.180215007721,"C18 H26 O6"
"X31073_POS_13_384.222717722001",31073,"POS",13,384.222860493396,384.222717722001,384.222808096471,"C16 H33 O9 N1"
"X31078_POS_13_445.269785762896",31078,"POS",13,445.26996074736,445.269785762896,445.269698719311,"C25 H36 O5 N2"
"X31137_POS_13_603.154877942061",31137,"POS",13,603.155012820188,603.154877942061,603.15506288766,"C38 H22 O6 N2"
"X31944_POS_14_217.122304680948",31944,"POS",14,217.122335229062,217.122304680948,217.122306207141,"C14 H16 O2"
"X31945_POS_14_233.09953728348",31945,"POS",14,233.099575757866,233.09953728348,233.099462761971,"C14 H16 O1 S1"
"X31948_POS_14_267.122670314075",31948,"POS",14,267.122733122952,267.122670314075,267.122700130311,"C14 H18 O5"
"X31950_POS_14_353.19590331105",31950,"POS",14,353.196024161746,353.19590331105,353.195865072181,"C19 H28 O6"
"X31951_POS_14_405.224726266958",31951,"POS",14,405.224871188806,405.224726266958,405.224663277651,"C27 H32 O1 S1"
"X31952_POS_14_488.300685412638",31952,"POS",14,488.300789033372,488.300685412638,488.300664495601,"C28 H41 O6 N1"
"X32265_POS_15_219.101575172408",32265,"POS",15,219.101602875308,219.101575172408,219.101570762251,"C13 H14 O3"
"X32266_POS_15_263.16416436261",32266,"POS",15,263.164222213492,263.16416436261,263.164171020091,"C16 H22 O3"
"X32269_POS_15_389.193410831416",32269,"POS",15,389.193577670872,389.193410831416,389.193363148731,"C26 H28 O1 S1"
"X32355_POS_16_90.0913604743247",32355,"POS",16,90.0913304502634,90.0913604743247,90.091340430851,"C4 H11 O1 N1"
"X32382_POS_17_223.132876133353",32382,"POS",17,223.132899511244,223.132876133353,223.132870891171,"C13 H18 O3"
"X32383_POS_17_235.132884279342",32383,"POS",17,235.132918782556,235.132884279342,235.132870891171,"C14 H18 O3"
"X32431_POS_21_287.148872267651",32431,"POS",21,287.14896839093,287.148872267651,287.148914878801,"C14 H22 O6"
"X32433_POS_2_235.165252465603",32433,"POS",2,235.16528518378,235.165252465603,235.165233648521,"C10 H22 O4 N2"
"X32442_POS_3_209.128440880282",32442,"POS",3,209.12847827474,209.128440880282,209.128454216001,"C11 H16 O2 N2"
"X32443_POS_3_253.118318842415",32443,"POS",3,253.118364934743,253.118318842415,253.118283455141,"C12 H16 O4 N2"
"X32474_POS_5_191.091389382679",32474,"POS",5,191.091406478093,191.091389382679,191.091400001391,"C8 H14 O5"
"X32476_POS_5_218.138686602025",32476,"POS",5,218.138713238829,218.138686602025,218.138684547401,"C10 H19 O4 N1"
"X32489_POS_8_101.07096171232",32489,"POS",8,101.070952116004,101.07096171232,101.070939338591,"C4 H8 O1 N2"
"X32509_POS_9_215.139013576576",32509,"POS",9,215.139046714538,215.139013576576,215.139018900031,"C10 H18 O3 N2"
"X32889_POS_10_372.186398880862",32889,"POS",10,372.186427398493,372.186398880862,372.186422587121,"C14 H29 O10 N1"
"X33917_POS_11_280.154355127312",33917,"POS",11,280.154386759982,280.154355127312,280.15433461186,"C15 H21 O4 N1"
"X33918_POS_11_290.175075818575",33918,"POS",11,290.175111100361,290.175075818575,290.175070056751,"C17 H23 O3 N1"
"X33920_POS_11_316.139079016905",33920,"POS",11,316.139111820752,316.139079016905,316.139078470571,"C14 H21 O7 N1"
"X34351_POS_12_191.070258266988",34351,"POS",12,191.070278055873,191.070258266988,191.070270633331,"C11 H10 O3"
"X34356_POS_12_302.157318376844",34356,"POS",12,302.15741578497,302.157318376844,302.157311992011,"C18 H23 O1 N1 S1"
"X34357_POS_12_309.190715625198",34357,"POS",12,309.19081661462,309.190715625198,309.190779691751,"C14 H28 O7"
"X34358_POS_12_341.123035766174",34358,"POS",12,341.123154833719,341.123035766174,341.123094053481,"C16 H20 O8"
"X34360_POS_12_386.180886028687",34360,"POS",12,386.181031249671,386.180886028687,386.180943283521,"C18 H27 O8 N1"
"X34958_POS_13_358.258682054854",34958,"POS",13,358.258811880484,358.258682054854,358.258799682651,"C19 H35 O5 N1"
"X34959_POS_13_359.167476207248",34959,"POS",13,359.167612931718,359.167476207248,359.167542323411,"C21 H26 O3 S1"
"X35735_POS_14_233.117214443612",35735,"POS",14,233.117253680254,233.117214443612,233.117220826711,"C14 H16 O3"
"X35736_POS_14_250.164925895298",35736,"POS",14,250.16497680092,250.164925895298,250.164899295891,"C11 H23 O5 N1"
"X35738_POS_14_405.245781148875",35738,"POS",14,405.245911026272,405.245781148875,405.245792645711,"C24 H36 O3 S1"
"X36018_POS_15_387.235175278477",36018,"POS",15,387.235329311025,387.235175278477,387.235227961682,"C24 H34 O2 S1"
"X36022_POS_15_677.475068429545",36022,"POS",15,677.475365436302,677.475068429545,677.475064309011,"C47 H64 O1 S1"
"X36071_POS_16_337.200934434695",36071,"POS",16,337.201089020288,337.200934434695,337.200950452611,"C19 H28 O5"
"X36087_POS_17_249.148538161433",36087,"POS",17,249.148587281536,249.148538161433,249.148520955631,"C15 H20 O3"
"X36116_POS_18_694.501465169352",36116,"POS",18,694.502014713355,694.501465169352,694.501613410131,"C47 H67 O1 N1 S1"
"X36119_POS_19_105.10227074673",36119,"POS",19,105.102261233524,105.10227074673,105.102239467511,"C4 H12 O1 N2"
"X36147_POS_3_209.092024887417",36147,"POS",3,209.092063401113,209.092024887417,209.092068706651,"C10 H12 O3 N2"
"X36148_POS_3_213.1233556859",36148,"POS",3,213.123395805602,213.1233556859,213.123368835571,"C10 H16 O3 N2"
"X36150_POS_3_225.123366185621",36150,"POS",3,225.123408201598,225.123366185621,225.123368835571,"C11 H16 O3 N2"
"X36153_POS_3_236.091720873283",36153,"POS",3,236.091766337587,236.091720873283,236.091734354021,"C12 H13 O4 N1"
"X36191_POS_5_118.122658520777",36191,"POS",5,118.122653505367,118.122658520777,118.122640559771,"C6 H15 O1 N1"
"X36232_POS_9_102.054983637399",36232,"POS",9,102.054979912747,102.054983637399,102.054954921501,"C4 H7 O2 N1"
"X36234_POS_9_190.143766838429",36234,"POS",9,190.143788030393,190.143766838429,190.143769927831,"C9 H19 O3 N1"
"X36584_POS_10_215.12780031509",36584,"POS",10,215.127822115715,215.12780031509,215.12778551074,"C11 H18 O4"
"X36586_POS_10_238.10741499598",36586,"POS",10,238.107440345384,238.10741499598,238.107384418481,"C12 H15 O4 N1"
"X36589_POS_10_334.222395434098",36589,"POS",10,334.222430298525,334.222395434098,334.222414173301,"C16 H31 O6 N1"
"X37582_POS_11_250.180176522095",37582,"POS",11,250.18020534916,250.180176522095,250.180155437181,"C15 H23 O2 N1"
"X37987_POS_12_346.149562827507",37987,"POS",12,346.14968749261,346.149562827507,346.149643154601,"C15 H23 O8 N1"
"X38619_POS_13_152.107012415379",38619,"POS",13,152.106995287122,152.107012415379,152.106990495311,"C9 H13 O1 N1"
"X38623_POS_13_288.216886155011",38623,"POS",13,288.216979677276,288.216886155011,288.216934869702,"C15 H29 O4 N1"
"X39351_POS_14_152.091733400036",39351,"POS",14,152.091725826656,152.091733400036,152.091734354021,"C5 H13 O4 N1"
"X39353_POS_14_375.235208773997",39353,"POS",14,375.235318848335,375.235208773997,375.235227961682,"C23 H34 O2 S1"
"X39609_POS_15_188.106984297442",39609,"POS",15,188.106992540047,188.106984297442,188.106990495311,"C12 H13 O1 N1"
"X39611_POS_15_370.258695125416",39611,"POS",15,370.258824985,370.258695125416,370.258799682651,"C20 H35 O5 N1"
"X39672_POS_16_97.0396556548592",39672,"POS",16,97.0396317601814,97.0396556548592,97.0396392096709,"C4 H4 O1 N2"
"X39745_POS_19_302.196114336189",39745,"POS",19,302.196245921603,302.196114336189,302.196199424811,"C15 H27 O5 N1"
"X39761_POS_3_121.039640911091",39761,"POS",3,121.039656791719,121.039640911091,121.039639209671,"C6 H4 O1 N2"
"X39762_POS_3_198.112444507656",39762,"POS",3,198.112481175439,198.112444507656,198.112469798911,"C10 H15 O3 N1"
"X39764_POS_3_226.107372189873",39764,"POS",3,226.107413767928,226.107372189873,226.107384418481,"C11 H15 O4 N1"
"X39765_POS_3_229.11824271717",39765,"POS",3,229.118286469534,229.11824271717,229.118283455141,"C10 H16 O4 N2"
"X39785_POS_4_107.049187919756",39785,"POS",4,107.049184550301,107.049187919756,107.049141265271,"C7 H6 O1"
"X39793_POS_5_174.14882904415",39793,"POS",5,174.148839370014,174.14882904415,174.148855308261,"C9 H19 O2 N1"
"X39807_POS_7_206.117555758946",39807,"POS",7,206.117580111443,206.117555758946,206.117555179341,"C12 H15 O2 N1"
"X40145_POS_10_201.159746638013",40145,"POS",10,201.159763305164,201.159746638013,201.159754344921,"C10 H20 O2 N2"
"X40146_POS_10_232.117959288125",40146,"POS",10,232.117985446713,232.117959288125,232.117949102511,"C10 H17 O5 N1"
"X40147_POS_10_276.180548643457",40147,"POS",10,276.180583693393,276.180548643457,276.180549360351,"C13 H25 O5 N1"
"X41136_POS_11_220.133213710428",41136,"POS",11,220.133235413456,220.133213710428,220.133205243801,"C13 H17 O2 N1"
"X41518_POS_12_288.216895684284",41518,"POS",12,288.216985740857,288.216895684284,288.216934869701,"C15 H29 O4 N1"
"X41521_POS_12_363.177782921861",41521,"POS",12,363.177916498355,363.177782921861,363.177713084271,"C24 H26 O1 S1"
"X41792_POS_12_751.202164349238",41792,"POS",12,751.202487501496,751.202164349238,751.202132222121,"C41 H34 O14"
"X42013_POS_13_311.148925917079",42013,"POS",13,311.149036125492,311.148925917079,311.148914878801,"C16 H22 O6"
"X43041_POS_15_101.059730506207",43041,"POS",15,101.059726765072,101.059730506207,101.059705949301,"C5 H8 O2"
"X43042_POS_15_101.096111992886",43042,"POS",15,101.096102481396,101.096111992886,101.096091458651,"C6 H12 O1"
"X43045_POS_15_217.122313193339",43045,"POS",15,217.122339793196,217.122313193339,217.122306207141,"C14 H16 O2"
"X43047_POS_15_359.203867682172",43047,"POS",15,359.203998962217,359.203867682172,359.203927832761,"C22 H30 O2 S1"
"X43159_POS_18_333.263452473034",43159,"POS",18,333.263574742661,333.263452473034,333.263550710451,"C18 H36 O5"
"X43226_POS_2_104.107020571611",43226,"POS",2,104.107012343856,104.107020571611,104.106990495311,"C5 H13 O1 N1"
"X43237_POS_3_161.070922684735",43237,"POS",3,161.070950354303,161.070922684735,161.070939338591,"C9 H8 O1 N2"
"X43241_POS_3_226.143763004791",43241,"POS",3,226.143806026772,226.143763004791,226.143769927831,"C12 H19 O3 N1"
"X43242_POS_3_229.154625554101",43242,"POS",3,229.154668850199,229.154625554101,229.154668964491,"C11 H20 O3 N2"
"X43244_POS_3_241.154665012451",43244,"POS",3,241.154710790639,241.154665012451,241.154668964491,"C12 H20 O3 N2"
"X43245_POS_3_246.133597504058",43245,"POS",3,246.133643865085,246.133597504058,246.133599166971,"C11 H19 O5 N1"
"X43246_POS_3_248.185634324215",43246,"POS",3,248.185682498938,248.185634324215,248.185634740781,"C12 H25 O4 N1"
"X43247_POS_3_260.149256168722",43247,"POS",3,260.149305908325,260.149256168722,260.149249231431,"C12 H21 O5 N1"
"X43248_POS_3_266.159791475461",43248,"POS",3,266.159837031351,266.159791475461,266.159813915461,"C11 H23 O6 N1"
"X43249_POS_3_267.097541349888",43249,"POS",3,267.097591650519,267.097541349888,267.097548010251,"C12 H14 O5 N2"
"X43250_POS_3_276.14415249466",43250,"POS",3,276.1441968604,276.14415249466,276.144163851001,"C12 H21 O6 N1"
"X43251_POS_3_278.159784554844",43251,"POS",3,278.159832805467,278.159784554844,278.159813915461,"C12 H23 O6 N1"
"X43252_POS_3_304.175439604919",43252,"POS",3,304.175494437722,304.175439604919,304.175463979921,"C14 H25 O6 N1"
"X43284_POS_4_191.081496467362",43284,"POS",4,191.081516600851,191.081496467362,191.081504022621,"C10 H10 O2 N2"
"X43294_POS_6_218.138692646062",43294,"POS",6,218.138721607542,218.138692646062,218.138684547401,"C10 H19 O4 N1"
"X43300_POS_7_124.075695603278",43300,"POS",7,124.075693278747,124.075695603278,124.075690366391,"C7 H9 O1 N1"
"X43304_POS_7_143.117897880229",43304,"POS",7,143.11790102608,143.117897880229,143.117889531971,"C7 H14 O1 N2"
"X43310_POS_7_247.190388327446",43310,"POS",7,247.190427331932,247.190388327446,247.190385768581,"C13 H26 O4"
"X43348_POS_9_120.044399197639",43348,"POS",9,120.044385976959,120.044399197639,120.044390237471,"C7 H5 O1 N1"
"X43350_POS_9_162.148863657457",43350,"POS",9,162.14886950027,162.148863657457,162.148855308261,"C8 H19 O2 N1"
"X43353_POS_9_181.097142465335",43353,"POS",9,181.097158457282,181.097142465335,181.097154087081,"C9 H12 O2 N2"
"X43355_POS_9_194.153918132421",43355,"POS",9,194.153939683333,194.153918132421,194.153940688691,"C12 H19 O1 N1"
"X43356_POS_9_195.112794142381",43356,"POS",9,195.112817119877,195.112794142381,195.112804151541,"C10 H14 O2 N2"
"X43359_POS_9_205.097131287197",43359,"POS",9,205.09715786454,205.097131287197,205.097154087081,"C11 H12 O2 N2"
"X43360_POS_9_213.075754147548",43360,"POS",9,213.075784545444,213.075754147548,213.075749936931,"C10 H12 O5"
"X43362_POS_9_221.117228445523",43362,"POS",9,221.117259354509,221.117228445523,221.117220826711,"C13 H16 O3"
"X43366_POS_9_247.128790301485",43366,"POS",9,247.128842946657,247.128790301485,247.128848139171,"C10 H18 O5 N2"
"X44828_POS_10_167.0160863951",44828,"POS",10,167.016098561085,167.0160863951,167.016127059241,"C8 H6 O2 S1"
"X44829_POS_10_188.070595928463",44829,"POS",10,188.070611159756,188.070595928463,188.070604985961,"C11 H9 O2 N1"
"X44830_POS_10_205.097136686013",44830,"POS",10,205.0971568291,205.097136686013,205.097154087081,"C11 H12 O2 N2"
"X44831_POS_10_237.096911860603",44831,"POS",10,237.096937662916,237.096911860603,237.096879304991,"C9 H16 O7"
"X44832_POS_10_254.123481915461",44832,"POS",10,254.123512286858,254.123481915461,254.123428406111,"C9 H19 O7 N1"
"X44835_POS_10_261.144529835595",44835,"POS",10,261.144561967052,261.144529835595,261.144498203631,"C11 H20 O5 N2"
"X44836_POS_10_295.128845731908",44836,"POS",10,295.128875588569,295.128845731908,295.128848139171,"C14 H18 O5 N2"
"X45949_POS_11_145.085927962706",45949,"POS",11,145.085932797674,145.085927962706,145.085920697791,"C7 H12 O3"
"X45950_POS_11_148.039306890177",45950,"POS",11,148.039312490566,148.039306890177,148.039304857041,"C8 H5 O2 N1"
"X45954_POS_11_181.097134379567",45954,"POS",11,181.097147164734,181.097134379567,181.097154087081,"C9 H12 O2 N2"
"X45955_POS_11_182.081148574254",45955,"POS",11,182.081161033164,182.081148574254,182.081169669991,"C9 H11 O3 N1"
"X45956_POS_11_191.091411799539",45956,"POS",11,191.09142639156,191.091411799539,191.091400001391,"C8 H14 O5"
"X45957_POS_11_197.09204536695",45957,"POS",11,197.092061668776,197.09204536695,197.092068706651,"C9 H12 O3 N2"
"X45958_POS_11_199.144103625778",45958,"POS",11,199.144120516617,199.144103625778,199.144104280461,"C10 H18 O2 N2"
"X45959_POS_11_206.117567809293",45959,"POS",11,206.117586061843,206.117567809293,206.117555179341,"C12 H15 O2 N1"
"X45960_POS_11_212.12812686365",45960,"POS",11,212.128146157461,212.12812686365,212.128119863371,"C11 H17 O3 N1"
"X45962_POS_11_221.080843024868",45962,"POS",11,221.08086383016,221.080843024868,221.080835317361,"C12 H12 O4"
"X45963_POS_11_226.071007668143",45963,"POS",11,226.07103110919,226.071007668143,226.070998909131,"C10 H11 O5 N1"
"X45965_POS_11_239.09139343331",45965,"POS",11,239.091416636635,239.09139343331,239.091400001391,"C12 H14 O5"
"X45966_POS_11_240.086699164322",45966,"POS",11,240.086726313599,240.086699164322,240.086648973591,"C11 H13 O5 N1"
"X45967_POS_11_253.143390276257",45967,"POS",11,253.143414004582,253.143390276257,253.143435575201,"C14 H20 O4"
"X45968_POS_11_260.164533337013",45968,"POS",11,260.164569992889,260.164533337013,260.164505372721,"C16 H21 O2 N1"
"X45969_POS_11_264.195838548256",45969,"POS",11,264.195865921933,264.195838548256,264.195805501641,"C16 H25 O2 N1"
"X45971_POS_11_266.159858476584",45971,"POS",11,266.159886500682,266.159858476584,266.159813915461,"C11 H23 O6 N1"
"X45972_POS_11_267.191472206979",45972,"POS",11,267.191500422979,267.191472206979,267.191448397011,"C11 H26 O5 N2"
"X45974_POS_11_272.149269131182",45974,"POS",11,272.149299272818,272.149269131182,272.149249231431,"C13 H21 O5 N1"
"X45976_POS_11_280.211858187413",45976,"POS",11,280.21188988381,280.211858187413,280.211849489271,"C13 H29 O5 N1"
"X45977_POS_11_281.123095457117",45977,"POS",11,281.123125919645,281.123095457117,281.123094053481,"C11 H20 O8"
"X45978_POS_11_282.133610880513",45978,"POS",11,282.133647711252,282.133610880513,282.133599166971,"C14 H19 O5 N1"
"X45979_POS_11_282.15474497926",45979,"POS",11,282.154773960663,282.15474497926,282.154728535031,"C11 H23 O7 N1"
"X45980_POS_11_287.146490898951",45980,"POS",11,287.146527253445,287.146490898951,287.14641295535,"C18 H22 O1 S1"
"X45982_POS_11_306.22749559727",45982,"POS",11,306.227528773649,306.22749559727,306.22749955373,"C15 H31 O5 N1"
"X45983_POS_11_314.159800638933",45983,"POS",11,314.159836639447,314.159800638933,314.159813915461,"C15 H23 O6 N1"
"X45985_POS_11_341.216948746549",45985,"POS",11,341.216986032458,341.216948746549,341.216994440241,"C15 H32 O8"
"X45986_POS_11_347.131153930072",45986,"POS",11,347.131196684697,347.131153930072,347.13115681406,"C19 H22 O4 S1"
"X45987_POS_11_360.201637185442",45987,"POS",11,360.201675980569,360.201637185442,360.201678728411,"C17 H29 O7 N1"
"X45988_POS_11_370.207129361599",45988,"POS",11,370.20717322567,370.207129361599,370.207158032011,"C15 H31 O9 N1"
"X47208_POS_12_145.08594197239",47208,"POS",12,145.085924467213,145.08594197239,145.085920697791,"C7 H12 O3"
"X47209_POS_12_171.065188576512",47209,"POS",12,171.065192155491,171.065188576512,171.065185252901,"C8 H10 O4"
"X47210_POS_12_189.112121299523",47210,"POS",12,189.112139417215,189.112121299523,189.112135446281,"C9 H16 O4"
"X47212_POS_12_190.143758510107",47212,"POS",12,190.143777237443,190.143758510107,190.143769927831,"C9 H19 O3 N1"
"X47213_POS_12_198.148836742233",47213,"POS",12,198.148862600208,198.148836742233,198.148855308261,"C11 H19 O2 N1"
"X47215_POS_12_207.065169778175",47215,"POS",12,207.065202551417,207.065169778175,207.065185252901,"C11 H10 O4"
"X47218_POS_12_211.107725183136",47218,"POS",12,211.107762637308,211.107725183136,211.107718771111,"C10 H14 O3 N2"
"X47221_POS_12_219.159072889221",47221,"POS",12,219.159113176737,219.159072889221,219.159085639661,"C11 H22 O4"
"X47222_POS_12_220.117948859635",47222,"POS",12,220.117990595648,220.117948859635,220.117949102511,"C9 H17 O5 N1"
"X47223_POS_12_223.153983225504",47223,"POS",12,223.154028246872,223.153983225504,223.15400025923,"C10 H22 O5"
"X47225_POS_12_236.149253941634",47225,"POS",12,236.14930854549,236.149253941634,236.149249231431,"C10 H21 O5 N1"
"X47227_POS_12_254.102295007718",47227,"POS",12,254.10236325857,254.102295007718,254.102299038051,"C12 H15 O5 N1"
"X47228_POS_12_263.148909463448",47228,"POS",12,263.148983577776,263.148909463448,263.148914878801,"C12 H22 O6"
"X47229_POS_12_264.180540292566",47229,"POS",12,264.18061489759,264.180540292566,264.180549360351,"C12 H25 O5 N1"
"X47230_POS_12_268.139054512451",47230,"POS",12,268.139133003873,268.139054512451,268.139078470572,"C10 H21 O7 N1"
"X47231_POS_12_270.169963254869",47231,"POS",12,270.170042134816,270.169963254869,270.169984676321,"C14 H23 O4 N1"
"X47232_POS_12_273.094434478935",47232,"POS",12,273.094519955832,273.094434478935,273.094377381541,"C16 H16 O2 S1"
"X47234_POS_12_277.128163536026",47234,"POS",12,277.128248348418,277.128163536026,277.128179433911,"C12 H20 O7"
"X47236_POS_12_280.21182017251",47236,"POS",12,280.211901843094,280.21182017251,280.211849489271,"C13 H29 O5 N1"
"X47237_POS_12_291.180175636012",47237,"POS",12,291.180266070683,291.180175636012,291.18021500772,"C14 H26 O6"
"X47240_POS_12_299.11005945042",47240,"POS",12,299.110156356007,299.11005945042,299.110027446001,"C18 H18 O2 S1"
"X47241_POS_12_300.144121365493",47241,"POS",12,300.144221882918,300.144121365493,300.144163851001,"C14 H21 O6 N1"
"X47243_POS_12_314.159763036043",47243,"POS",12,314.159871634955,314.159763036043,314.159813915461,"C15 H23 O6 N1"
"X47244_POS_12_317.120560436474",47244,"POS",12,317.120675004704,317.120560436474,317.120592130031,"C18 H20 O3 S1"
"X47245_POS_12_318.22741950987",47245,"POS",12,318.227526967855,318.22741950987,318.22749955373,"C16 H31 O5 N1"
"X47248_POS_12_340.196507769177",47248,"POS",12,340.196633780191,340.196507769177,340.196593347981,"C14 H29 O8 N1"
"X47251_POS_12_361.183153305424",47251,"POS",12,361.183285635429,361.183153305424,361.183192387871,"C21 H28 O3 S1"
"X47257_POS_12_391.157325856776",47257,"POS",12,391.157484773695,391.157325856776,391.157371562551,"C21 H26 O5 S1"
"X48123_POS_13_143.070303898172",48123,"POS",13,143.070278355695,143.070303898172,143.070270633331,"C7 H10 O3"
"X48124_POS_13_145.085949054961",48124,"POS",13,145.085926697861,145.085949054961,145.085920697791,"C7 H12 O3"
"X48125_POS_13_159.101579029149",48125,"POS",13,159.101569085879,159.101579029149,159.101570762251,"C8 H14 O3"
"X48126_POS_13_190.143763699293",48126,"POS",13,190.143781639154,190.143763699293,190.143769927831,"C9 H19 O3 N1"
"X48127_POS_13_191.091381407222",48127,"POS",13,191.091402238444,191.091381407222,191.091400001391,"C8 H14 O5"
"X48128_POS_13_191.127783800391",48128,"POS",13,191.127803258816,191.127783800391,191.127785510741,"C9 H18 O4"
"X48130_POS_13_206.117547945601",48130,"POS",13,206.117580396923,206.117547945601,206.117555179341,"C12 H15 O2 N1"
"X48133_POS_13_219.122687276802",48133,"POS",13,219.122730853688,219.122687276802,219.122700130311,"C10 H18 O5"
"X48135_POS_13_264.144139720118",48135,"POS",13,264.144221387292,264.144139720118,264.144163851001,"C11 H21 O6 N1"
"X48136_POS_13_264.18054197096",48136,"POS",13,264.180620114768,264.18054197096,264.180549360351,"C12 H25 O5 N1"
"X48138_POS_13_269.099512512878",48138,"POS",13,269.099596666104,269.099512512878,269.099462761971,"C17 H16 O1 S1"
"X48139_POS_13_273.130818125023",48139,"POS",13,273.130904746245,273.130818125023,273.130762890891,"C17 H20 O1 S1"
"X48140_POS_13_274.113214025742",48140,"POS",13,274.113293805569,274.113214025742,274.113257645251,"C8 H19 O9 N1"
"X48141_POS_13_277.128123656701",48141,"POS",13,277.128221318252,277.128123656701,277.128179433911,"C12 H20 O7"
"X48142_POS_13_278.196156429362",48142,"POS",13,278.196242350669,278.196156429362,278.196199424811,"C13 H27 O5 N1"
"X48143_POS_13_285.133232331967",48143,"POS",13,285.133324920777,285.133232331967,285.133264814341,"C14 H20 O6"
"X48145_POS_13_294.154676983966",48145,"POS",13,294.154786208633,294.154676983966,294.154728535031,"C12 H23 O7 N1"
"X48147_POS_13_299.110054482333",48147,"POS",13,299.110168813684,299.110054482333,299.110027446001,"C18 H18 O2 S1"
"X48148_POS_13_299.146404933066",48148,"POS",13,299.146504606932,299.146404933066,299.14641295535,"C19 H22 O1 S1"
"X48149_POS_13_308.170316501548",48149,"POS",13,308.170433579353,308.170316501548,308.170378599491,"C13 H25 O7 N1"
"X48154_POS_13_325.164605616864",48154,"POS",13,325.164728169231,325.164605616864,325.164564943261,"C17 H24 O6"
"X48156_POS_13_360.237965529684",48156,"POS",13,360.238100883025,360.237965529684,360.238064237761,"C18 H33 O6 N1"
"X48158_POS_13_384.259094606944",48158,"POS",13,384.259235948796,384.259094606944,384.259193605821,"C17 H37 O8 N1"
"X48162_POS_13_421.21957937471",48162,"POS",13,421.219757167598,421.21957937471,421.219577897221,"C27 H32 O2 S1"
"X48167_POS_13_458.29588415439",48167,"POS",13,458.296065873463,458.29588415439,458.295973038341,"C20 H43 O10 N1"
"X48170_POS_13_488.270082030294",48170,"POS",13,488.270275015796,488.270082030294,488.270152213021,"C20 H41 O12 N1"
"X49030_POS_14_143.07030159979",49030,"POS",14,143.070283867833,143.07030159979,143.070270633331,"C7 H10 O3"
"X49032_POS_14_175.132847770707",49032,"POS",14,175.132851660763,175.132847770707,175.132870891171,"C9 H18 O3"
"X49033_POS_14_217.143433278387",49033,"POS",14,217.143462171926,217.143433278387,217.143435575201,"C11 H20 O4"
"X49036_POS_14_248.185643976644",49036,"POS",14,248.185695127351,248.185643976644,248.185634740781,"C12 H25 O4 N1"
"X49037_POS_14_249.169674666356",49037,"POS",14,249.169724536718,249.169674666356,249.169650323691,"C12 H24 O5"
"X49038_POS_14_283.190374174547",49038,"POS",14,283.19044901608,283.190374174547,283.190385768581,"C16 H26 O4"
"X49039_POS_14_288.253282170092",49039,"POS",14,288.253354478777,288.253282170092,288.253320379052,"C16 H33 O3 N1"
"X49040_POS_14_289.200935064366",49040,"POS",14,289.201012710075,289.200935064366,289.200950452611,"C15 H28 O5"
"X49041_POS_14_291.143791847693",49041,"POS",14,291.143869523848,291.143791847693,291.143829498371,"C13 H22 O7"
"X49042_POS_14_304.248186073939",49042,"POS",14,304.248271795542,304.248186073939,304.248234998621,"C16 H33 O4 N1"
"X49043_POS_14_307.190363097242",49043,"POS",14,307.190452865659,307.190363097242,307.190385768581,"C18 H26 O4"
"X49045_POS_14_308.170328246827",49045,"POS",14,308.17041535502,308.170328246827,308.170378599491,"C13 H25 O7 N1"
"X49046_POS_14_313.125702127995",49046,"POS",14,313.125792758065,313.125702127995,313.125677510461,"C19 H20 O2 S1"
"X49047_POS_14_322.185968148413",49047,"POS",14,322.186053211786,322.185968148413,322.186028663951,"C14 H27 O7 N1"
"X49048_POS_14_322.222344027175",49048,"POS",14,322.22243859545,322.222344027175,322.222414173301,"C15 H31 O6 N1"
"X49049_POS_14_323.185315287776",49049,"POS",14,323.185418111705,323.185315287776,323.185300388151,"C18 H26 O5"
"X49050_POS_14_323.206375430284",49050,"POS",14,323.206458322741,323.206375430284,323.20642975621,"C15 H30 O7"
"X49051_POS_14_329.099552979836",49051,"POS",14,329.099659364174,329.099552979836,329.099462761971,"C22 H16 O1 S1"
"X49055_POS_14_362.290000371626",49055,"POS",14,362.290118169485,362.290000371626,362.29009981157,"C19 H39 O5 N1"
"X49056_POS_14_363.164879058441",49056,"POS",14,363.164996724006,363.164879058441,363.164958866431,"C16 H26 O9"
"X49057_POS_14_368.26419021455",49057,"POS",14,368.264297995801,368.26419021455,368.264278986251,"C17 H37 O7 N1"
"X49058_POS_14_380.191398361156",49058,"POS",14,380.191526273656,380.191398361156,380.191507967551,"C16 H29 O9 N1"
"X49059_POS_14_385.146780107389",49059,"POS",14,385.146910640808,385.146780107389,385.146806878521,"C22 H24 O4 S1"
"X49060_POS_14_389.214489868433",49060,"POS",14,389.214605277238,389.214489868433,389.214492516791,"C23 H32 O3 S1"
"X49065_POS_14_428.285347981246",49065,"POS",14,428.285486178128,428.285347981246,428.285408354311,"C19 H41 O9 N1"
"X49066_POS_14_433.277124846504",49066,"POS",14,433.277263037457,433.277124846504,433.277092774631,"C26 H40 O3 S1"
"X49067_POS_14_441.305752593378",49067,"POS",14,441.305884001014,441.305752593378,441.305809446571,"C21 H44 O9"
"X49068_POS_14_442.300979812119",49068,"POS",14,442.301135961028,442.300979812119,442.301058418771,"C20 H43 O9 N1"
"X49069_POS_14_463.287686168234",49069,"POS",14,463.28783860902,463.287686168234,463.287657458662,"C27 H42 O4 S1"
"X49339_POS_15_191.12778718",49339,"POS",15,191.127796848414,191.12778718,191.127785510741,"C9 H18 O4"
"X49340_POS_15_193.133506617999",49340,"POS",15,193.133513704483,193.133506617999,193.133539596431,"C11 H16 O1 N2"
"X49341_POS_15_231.159097334812",49341,"POS",15,231.159131059945,231.159097334812,231.159085639661,"C12 H22 O4"
"X49343_POS_15_285.130820328767",49343,"POS",15,285.130893342149,285.130820328767,285.130762890891,"C18 H20 O1 S1"
"X49344_POS_15_289.200922074173",49344,"POS",15,289.200999603781,289.200922074173,289.200950452611,"C15 H28 O5"
"X49345_POS_15_315.141332096131",49345,"POS",15,315.141433117272,315.141332096131,315.141327574921,"C19 H22 O2 S1"
"X49346_POS_15_337.222001832275",49346,"POS",15,337.222115361459,337.222001832275,337.222079820671,"C16 H32 O7"
"X49349_POS_15_399.162385148912",49349,"POS",15,399.162594441086,399.162385148912,399.162456942981,"C23 H26 O4 S1"
"X49393_POS_16_218.117559505494",49393,"POS",16,218.117583987047,218.117559505494,218.117555179341,"C13 H15 O2 N1"
"X49395_POS_16_307.190344624358",49395,"POS",16,307.190462581143,307.190344624358,307.190385768581,"C18 H26 O4"
"X49415_POS_17_240.19582030251",49415,"POS",17,240.195858613111,240.19582030251,240.195805501641,"C14 H25 O2 N1"
"X49416_POS_17_279.195423987734",49416,"POS",17,279.195513914626,279.195423987734,279.195471149011,"C17 H26 O3"
"X49417_POS_17_355.232765601721",49417,"POS",17,355.232941251274,355.232765601721,355.232644504701,"C16 H34 O8"
"X49437_POS_18_246.148873333692",49437,"POS",18,246.148924239177,246.148873333692,246.148855308261,"C15 H19 O2 N1"
"X49438_POS_18_253.162036351817",49438,"POS",18,253.162090613266,253.162036351817,253.162063019811,"C15 H24 O1 S1"
"X49441_POS_18_470.332229027016",49441,"POS",18,470.332478706002,470.332229027016,470.33235854769,"C22 H47 O9 N1"
"X49445_POS_19_147.080445217477",49445,"POS",19,147.080450021254,147.080445217477,147.080441394191,"C10 H10 O1"
"X49449_POS_19_267.195449760478",49449,"POS",19,267.195526361165,267.195449760478,267.195471149011,"C16 H26 O3"
"X49467_POS_20_283.226798169211",49467,"POS",20,283.22684592772,283.226798169211,283.226771277931,"C17 H30 O3"
"X49473_POS_20_311.257990375726",49473,"POS",20,311.258116402837,311.257990375726,311.258071406851,"C19 H34 O3"
"X49474_POS_20_313.143365929074",49474,"POS",20,313.143478969501,313.143365929074,313.143435575201,"C19 H20 O4"
"X49536_POS_3_177.06582325642",49536,"POS",3,177.06585427901,177.06582325642,177.065853958161,"C9 H8 O2 N2"
"X49537_POS_3_179.117882114522",49537,"POS",3,179.117913147645,179.117882114522,179.117889531971,"C10 H14 O1 N2"
"X49548_POS_3_239.102631256312",49548,"POS",3,239.102674640999,239.102631256312,239.102633390681,"C11 H14 O4 N2"
"X49549_POS_3_240.12303636838",49549,"POS",3,240.123081794266,240.12303636838,240.123034482941,"C12 H17 O4 N1"
"X49550_POS_3_241.118304971904",49550,"POS",3,241.118350200127,241.118304971904,241.118283455141,"C11 H16 O4 N2"
"X49551_POS_3_241.143450608266",49551,"POS",3,241.143496847056,241.143450608266,241.143435575201,"C13 H20 O4"
"X49552_POS_3_244.154350207175",49552,"POS",3,244.154395798088,244.154350207175,244.154334611861,"C12 H21 O4 N1"
"X49560_POS_3_264.216946181155",49560,"POS",3,264.216994970189,264.216946181155,264.216934869701,"C13 H29 O4 N1"
"X49564_POS_3_361.216239085361",49564,"POS",3,361.216278842268,361.216239085361,361.216206593901,"C25 H28 O2"
"X49606_POS_4_118.122658637932",49606,"POS",4,118.122654214104,118.122658637932,118.122640559771,"C6 H15 O1 N1"
"X49607_POS_4_139.050225094611",49607,"POS",4,139.050227726317,139.050225094611,139.050203893701,"C6 H6 O2 N2"
"X49619_POS_4_192.101902014855",49619,"POS",4,192.101921810974,192.101902014855,192.101905114881,"C11 H13 O2 N1"
"X49621_POS_4_200.128101207466",49621,"POS",4,200.128125275275,200.128101207466,200.128119863371,"C10 H17 O3 N1"
"X49640_POS_4_452.321762417879",49640,"POS",4,452.321900053286,452.321762417879,452.321793863662,"C22 H45 O8 N1"
"X49645_POS_5_157.064794877634",49645,"POS",5,157.064799943726,157.064794877634,157.064791329731,"C11 H8 O1"
"X49660_POS_5_229.179826882475",49660,"POS",5,229.179857761245,229.179826882475,229.179821084551,"C13 H24 O3"
"X49665_POS_5_452.321769286747",49665,"POS",5,452.321922088412,452.321769286747,452.321793863662,"C22 H45 O8 N1"
"X49676_POS_6_174.148826944681",49676,"POS",6,174.14884003459,174.148826944681,174.148855308261,"C9 H19 O2 N1"
"X49678_POS_6_188.070609009198",49678,"POS",6,188.070625761726,188.070609009198,188.070604985961,"C11 H9 O2 N1"
"X49690_POS_6_232.154339926669",49690,"POS",6,232.15437356258,232.154339926669,232.154334611861,"C11 H21 O4 N1"
"X49699_POS_6_346.222338975329",49699,"POS",6,346.22241738502,346.222338975329,346.222414173301,"C17 H31 O6 N1"
"X49729_POS_8_191.081504954789",49729,"POS",8,191.081521403833,191.081504954789,191.081504022621,"C10 H10 O2 N2"
"X49730_POS_8_198.054948013645",49730,"POS",8,198.054966738159,198.054948013645,198.054954921501,"C12 H7 O2 N1"
"X49770_POS_9_157.049539210793",49770,"POS",9,157.049543401863,157.049539210793,157.049535188441,"C7 H8 O4"
"X49772_POS_9_180.065544322514",49772,"POS",9,180.065560153411,180.065544322514,180.065519605531,"C9 H9 O3 N1"
"X49777_POS_9_200.091711204117",49777,"POS",9,200.091736343006,200.091711204117,200.091734354021,"C9 H13 O4 N1"
"X49779_POS_9_202.086223323358",49779,"POS",9,202.086247889725,202.086223323358,202.086255050421,"C12 H11 O2 N1"
"X49780_POS_9_209.128446631792",49780,"POS",9,209.12847473476,209.128446631792,209.128454216001,"C11 H16 O2 N2"
"X49784_POS_9_224.164521486831",49784,"POS",9,224.164560989644,224.164521486831,224.164505372721,"C13 H21 O2 N1"
"X49791_POS_9_244.154353255857",49791,"POS",9,244.154395343405,244.154353255857,244.154334611861,"C12 H21 O4 N1"
"X49794_POS_9_261.242424449188",49794,"POS",9,261.242468660036,261.242424449188,261.242421342391,"C15 H32 O3"
"X49795_POS_9_267.231865044766",49795,"POS",9,267.231913199395,267.231865044766,267.231856658361,"C17 H30 O2"
"X49802_POS_9_390.24858605211",49802,"POS",9,390.248673718768,390.24858605211,390.248628921791,"C19 H35 O7 N1"
"X50495_POS_10_156.065532047215",50495,"POS",10,156.065540149489,156.065532047215,156.065519605531,"C7 H9 O3 N1"
"X50497_POS_10_161.11722118946",50497,"POS",10,161.117228585515,161.11722118946,161.117220826711,"C8 H16 O3"
"X50500_POS_10_179.081495756498",50500,"POS",10,179.081509619189,179.081495756498,179.081504022621,"C9 H10 O2 N2"
"X50501_POS_10_180.065529196728",50501,"POS",10,180.065542335218,180.065529196728,180.065519605531,"C9 H9 O3 N1"
"X50502_POS_10_182.117532531151",50502,"POS",10,182.117546262766,182.117532531151,182.117555179341,"C10 H15 O2 N1"
"X50505_POS_10_189.112123552717",50505,"POS",10,189.112139198381,189.112123552717,189.112135446281,"C9 H16 O4"
"X50507_POS_10_192.101906571194",50507,"POS",10,192.101923069792,192.101906571194,192.101905114881,"C11 H13 O2 N1"
"X50509_POS_10_198.112458274543",50509,"POS",10,198.11247504215,198.112458274543,198.112469798911,"C10 H15 O3 N1"
"X50510_POS_10_201.075709139976",50510,"POS",10,201.075726829887,201.075709139976,201.075749936931,"C9 H12 O5"
"X50511_POS_10_204.123027948864",50511,"POS",10,204.123048341779,204.123027948864,204.12303448294,"C9 H17 O4 N1"
"X50515_POS_10_209.080846201456",50515,"POS",10,209.080866469298,209.080846201456,209.080835317361,"C11 H12 O4"
"X50516_POS_10_210.076081195628",50516,"POS",10,210.076103053898,210.076081195628,210.076084289561,"C10 H11 O4 N1"
"X50518_POS_10_215.09138805998",50518,"POS",10,215.09140999605,215.09138805998,215.091400001391,"C10 H14 O5"
"X50521_POS_10_224.091754275008",50521,"POS",10,224.09177791705,224.091754275008,224.091734354021,"C11 H13 O4 N1"
"X50524_POS_10_234.170012181182",50524,"POS",10,234.170037860079,234.170012181182,234.169984676321,"C11 H23 O4 N1"
"X50525_POS_10_236.12814575527",50525,"POS",10,236.128172873698,236.12814575527,236.128119863371,"C13 H17 O3 N1"
"X50527_POS_10_236.16452931187",50527,"POS",10,236.164557246536,236.16452931187,236.164505372721,"C14 H21 O2 N1"
"X50528_POS_10_238.128542047267",50528,"POS",10,238.128568129783,238.128542047267,238.128513786541,"C9 H19 O6 N1"
"X50529_POS_10_238.143795992201",50529,"POS",10,238.143824917463,238.143795992201,238.143769927831,"C13 H19 O3 N1"
"X50534_POS_10_252.159448534452",50534,"POS",10,252.159482009897,252.159448534452,252.159419992291,"C14 H21 O3 N1"
"X50535_POS_10_252.180585583075",50535,"POS",10,252.180615779834,252.180585583075,252.180549360351,"C11 H25 O5 N1"
"X50538_POS_10_260.185666931556",50538,"POS",10,260.185696468492,260.185666931556,260.185634740781,"C13 H25 O4 N1"
"X50539_POS_10_265.154700639325",50539,"POS",10,265.154732869828,265.154700639325,265.154668964491,"C14 H20 O3 N2"
"X50541_POS_10_268.139081962473",50541,"POS",10,268.139115718623,268.139081962473,268.139078470571,"C10 H21 O7 N1"
"X50543_POS_10_272.149284262049",50543,"POS",10,272.149312963435,272.149284262049,272.149249231431,"C13 H21 O5 N1"
"X50544_POS_10_275.258075028343",50544,"POS",10,275.258107783351,275.258075028343,275.258071406851,"C16 H34 O3"
"X50549_POS_10_282.133605170036",50549,"POS",10,282.133637674958,282.133605170036,282.133599166971,"C14 H19 O5 N1"
"X52349_POS_11_113.023345490661",52349,"POS",11,113.02334897103,113.023345490661,113.023320439951,"C5 H4 O3"
"X52352_POS_11_188.070582449504",52352,"POS",11,188.070597376832,188.070582449504,188.070604985961,"C11 H9 O2 N1"
"X52356_POS_11_207.065174665079",52356,"POS",11,207.065191572312,207.065174665079,207.065185252901,"C11 H10 O4"
"X52357_POS_11_208.096814362035",52357,"POS",11,208.096833707157,208.096814362035,208.096819734451,"C11 H13 O3 N1"
"X52363_POS_11_237.075784526824",52363,"POS",11,237.07581192302,237.075784526824,237.075749936931,"C12 H12 O5"
"X52364_POS_11_238.107403556489",52364,"POS",11,238.107431250319,238.107403556489,238.107384418481,"C12 H15 O4 N1"
"X52365_POS_11_250.143797315376",52365,"POS",11,250.143822360771,250.143797315376,250.143769927831,"C14 H19 O3 N1"
"X52367_POS_11_255.159015863665",52367,"POS",11,255.159041486931,255.159015863665,255.159085639661,"C14 H22 O4"
"X52371_POS_11_288.216945536232",52371,"POS",11,288.216976122322,288.216945536232,288.216934869701,"C15 H29 O4 N1"
"X52373_POS_11_291.19143779827",52373,"POS",11,291.191469810479,291.19143779827,291.191448397011,"C13 H26 O5 N2"
"X52376_POS_11_318.154713418233",52376,"POS",11,318.154746091391,318.154713418233,318.154728535031,"C14 H23 O7 N1"
"X52378_POS_11_346.186014907251",52378,"POS",11,346.186052730969,346.186014907251,346.18602866395,"C16 H27 O7 N1"
"X52380_POS_11_370.243508098732",52380,"POS",11,370.243538971468,370.243508098732,370.243543541361,"C16 H35 O8 N1"
"X53278_POS_12_147.101600434005",53278,"POS",12,147.101584958645,147.101600434005,147.101570762251,"C7 H14 O3"
"X53279_POS_12_149.117235143659",53279,"POS",12,149.117221100852,149.117235143659,149.117220826711,"C7 H16 O3"
"X53281_POS_12_159.1015787698",53281,"POS",12,159.10157246991,159.1015787698,159.101570762251,"C8 H14 O3"
"X53282_POS_12_179.127773338101",53282,"POS",12,179.127783682369,179.127773338101,179.127785510741,"C8 H18 O4"
"X53284_POS_12_193.049515538498",53284,"POS",12,193.049537969736,193.049515538498,193.049535188441,"C10 H8 O4"
"X53285_POS_12_207.086305901402",53285,"POS",12,207.086339086676,207.086305901402,207.086314620961,"C8 H14 O6"
"X53286_POS_12_221.080834083779",53286,"POS",12,221.080877365376,221.080834083779,221.080835317361,"C12 H12 O4"
"X53287_POS_12_235.154016621066",53287,"POS",12,235.154069659662,235.154016621066,235.154000259231,"C11 H22 O5"
"X53290_POS_12_241.12565535095",53290,"POS",12,241.125713734271,241.12565535095,241.125677510461,"C13 H20 O2 S1"
"X53291_POS_12_247.132873600719",53291,"POS",12,247.132936571362,247.132873600719,247.132870891171,"C15 H18 O3"
"X53292_POS_12_250.164910908047",53292,"POS",12,250.16497607031,250.164910908047,250.164899295891,"C11 H23 O5 N1"
"X53294_POS_12_254.211495716211",53294,"POS",12,254.21156399186,254.211495716211,254.211455566101,"C15 H27 O2 N1"
"X53298_POS_12_296.17031960564",53298,"POS",12,296.170418723505,296.17031960564,296.170378599491,"C12 H25 O7 N1"
"X53301_POS_12_334.18594028048",53301,"POS",12,334.186062133291,334.18594028048,334.18602866395,"C15 H27 O7 N1"
"X54042_POS_13_189.127380783351",54042,"POS",13,189.127398269782,189.127380783351,189.127391587571,"C13 H16 O1"
"X54044_POS_13_196.133180289256",54044,"POS",13,196.133202941139,196.133180289256,196.133205243801,"C11 H17 O2 N1"
"X54045_POS_13_201.196125613024",54045,"POS",13,201.196152572771,201.196125613024,201.196139854271,"C11 H24 O1 N2"
"X54046_POS_13_203.106649198871",54046,"POS",13,203.106678154293,203.106649198871,203.106656142681,"C13 H14 O2"
"X54048_POS_13_249.133269111918",54048,"POS",13,249.133333540091,249.133269111918,249.133264814341,"C11 H20 O6"
"X54050_POS_13_270.169956759054",54050,"POS",13,270.17003893268,270.169956759054,270.169984676321,"C14 H23 O4 N1"
"X54051_POS_13_271.19034837614",54051,"POS",13,271.190432473313,271.19034837614,271.190385768581,"C15 H26 O4"
"X54052_POS_13_292.1754137229",54052,"POS",13,292.175509688245,292.1754137229,292.175463979921,"C13 H25 O6 N1"
"X54057_POS_13_313.125643896576",54057,"POS",13,313.125756659672,313.125643896576,313.125677510461,"C19 H20 O2 S1"
"X54059_POS_13_328.175394410791",54059,"POS",13,328.175510803289,328.175394410791,328.175463979921,"C16 H25 O6 N1"
"X54061_POS_13_336.201591134617",54061,"POS",13,336.201716892225,336.201591134617,336.201678728411,"C15 H29 O7 N1"
"X54062_POS_13_348.237961312477",54062,"POS",13,348.238092643457,348.237961312477,348.238064237761,"C17 H33 O6 N1"
"X54065_POS_13_368.264170026598",54065,"POS",13,368.264303413202,368.264170026598,368.264278986251,"C17 H37 O7 N1"
"X54857_POS_14_347.185242517607",54857,"POS",14,347.185360989829,347.185242517607,347.185300388151,"C20 H26 O5"
"X54858_POS_14_349.200925257531",54858,"POS",14,349.201041224435,349.200925257531,349.200950452611,"C20 H28 O5"
"X55170_POS_15_256.19074230422",55170,"POS",15,256.190794417078,256.19074230422,256.190720121211,"C14 H25 O3 N1"
"X55250_POS_16_119.049153152842",55250,"POS",16,119.049161484956,119.049153152842,119.049141265271,"C8 H6 O1"
"X55252_POS_16_221.117223878592",55252,"POS",16,221.117249933644,221.117223878592,221.117220826711,"C13 H16 O3"
"X55282_POS_17_246.206396977892",55282,"POS",17,246.206444596579,246.206396977892,246.206370185671,"C13 H27 O3 N1"
"X55283_POS_17_267.15905730044",55283,"POS",17,267.159128879366,267.15905730044,267.159085639661,"C15 H22 O4"
"X55284_POS_17_277.143398372935",55284,"POS",17,277.143481144293,277.143398372935,277.143435575201,"C16 H20 O4"
"X55285_POS_17_281.174693333067",55285,"POS",17,281.174787724372,281.174693333067,281.174735704121,"C16 H24 O4"
"X55287_POS_17_331.002019729047",55287,"POS",17,331.002203341049,331.002019729047,331.001933546381,"C14 H6 O6 N2 S1"
"X55301_POS_18_283.226797573287",55301,"POS",18,283.226877579908,283.226797573287,283.226771277931,"C17 H30 O3"
"X55302_POS_18_332.206674134354",55302,"POS",18,332.206792572197,332.206674134354,332.206764108841,"C16 H29 O6 N1"
"X55306_POS_18_614.447205540929",55306,"POS",18,614.447639774743,614.447205540929,614.447388302511,"C30 H63 O11 N1"
"X55310_POS_19_255.195492529779",55310,"POS",19,255.195552961473,255.195492529779,255.195471149011,"C15 H26 O3"
"X55325_POS_20_299.221635412119",55325,"POS",20,299.221725804328,299.221635412119,299.221685897501,"C17 H30 O4"
"X55329_POS_20_550.404405212842",55329,"POS",20,550.405692344328,550.404405212842,550.404341720052,"C39 H51 O1 N1"
"X55347_POS_21_685.200752939664",55347,"POS",21,685.203063053992,685.200752939664,685.200812068181,"C27 H40 O18 S1"
"X55379_POS_3_220.096800806085",55379,"POS",3,220.096841834462,220.096800806085,220.096819734451,"C12 H13 O3 N1"
"X55380_POS_3_223.107692308041",55380,"POS",3,223.107733262107,223.107692308041,223.107718771111,"C11 H14 O3 N2"
"X55381_POS_3_227.139006686582",55381,"POS",3,227.139049143436,227.139006686582,227.139018900031,"C11 H18 O3 N2"
"X55386_POS_3_252.123041400344",55386,"POS",3,252.123089450469,252.123041400344,252.123034482941,"C13 H17 O4 N1"
"X55448_POS_4_196.096803487229",55448,"POS",4,196.096825857226,196.096803487229,196.096819734451,"C10 H13 O3 N1"
"X55454_POS_4_211.107718453947",55454,"POS",4,211.107746621271,211.107718453947,211.107718771111,"C10 H14 O3 N2"
"X55481_POS_5_193.143409792036",55481,"POS",5,193.143426642062,193.143409792036,193.143435575201,"C9 H20 O4"
"X55524_POS_7_171.044059529655",55524,"POS",7,171.044071908863,171.044059529655,171.044055884841,"C11 H6 O2"
"X55548_POS_8_113.070961600736",55548,"POS",8,113.070954043696,113.070961600736,113.070939338591,"C5 H8 O1 N2"
"X55573_POS_9_179.081487751811",55573,"POS",9,179.081502387049,179.081487751811,179.081504022621,"C9 H10 O2 N2"
"X55580_POS_9_223.107705291205",55580,"POS",9,223.107740244711,223.107705291205,223.107718771111,"C11 H14 O3 N2"
"X55587_POS_9_264.216942375066",55587,"POS",9,264.216991681931,264.216942375066,264.216934869701,"C13 H29 O4 N1"
"X56137_POS_10_174.148833823347",56137,"POS",10,174.14884410519,174.148833823347,174.148855308261,"C9 H19 O2 N1"
"X56144_POS_10_212.091745681598",56144,"POS",10,212.091768509108,212.091745681598,212.091734354021,"C10 H13 O4 N1"
"X56145_POS_10_214.107370617381",56145,"POS",10,214.107391468066,214.107370617381,214.107384418481,"C10 H15 O4 N1"
"X56149_POS_10_227.091394678876",56149,"POS",10,227.091418822235,227.091394678876,227.091400001391,"C11 H14 O5"
"X56151_POS_10_234.133642612631",56151,"POS",10,234.133667861983,234.133642612631,234.133599166971,"C10 H19 O5 N1"
"X56153_POS_10_241.107072730542",56153,"POS",10,241.107101012453,241.107072730542,241.107050065851,"C12 H16 O5"
"X56154_POS_10_244.11796290012",56154,"POS",10,244.117988485751,244.11796290012,244.117949102511,"C11 H17 O5 N1"
"X56162_POS_10_288.144182796056",56162,"POS",10,288.144223991383,288.144182796056,288.144163851001,"C13 H21 O6 N1"
"X56166_POS_10_337.125740159992",56166,"POS",10,337.12578836962,337.125740159992,337.125677510461,"C21 H20 O2 S1"
"X57706_POS_11_117.054635785621",57706,"POS",11,117.054639572512,117.054635785621,117.054620568871,"C5 H8 O3"
"X57712_POS_11_194.081149689587",57712,"POS",11,194.0811659481,194.081149689587,194.081169669991,"C10 H11 O3 N1"
"X57714_POS_11_204.1230109863",57714,"POS",11,204.123027843129,204.1230109863,204.123034482941,"C9 H17 O4 N1"
"X57715_POS_11_214.107362444858",57715,"POS",11,214.107381858909,214.107362444858,214.107384418481,"C10 H15 O4 N1"
"X57717_POS_11_225.075759276645",57717,"POS",11,225.075781330241,225.075759276645,225.075749936931,"C11 H12 O5"
"X57718_POS_11_233.185988975988",57718,"POS",11,233.186012427552,233.185988975988,233.185969093411,"C11 H24 O3 N2"
"X57719_POS_11_237.159799661164",57719,"POS",11,237.159820807816,237.159799661164,237.159754344921,"C13 H20 O2 N2"
"X57723_POS_11_246.133628317059",57723,"POS",11,246.133654808393,246.133628317059,246.133599166971,"C11 H19 O5 N1"
"X57724_POS_11_265.107035707953",57724,"POS",11,265.10706333381,265.107035707953,265.107050065851,"C14 H16 O5"
"X57725_POS_11_269.101973969093",57725,"POS",11,269.102002922782,269.101973969093,269.101964685421,"C13 H16 O6"
"X57727_POS_11_285.096885799015",57727,"POS",11,285.096922858663,285.096885799015,285.096879304991,"C13 H16 O7"
"X57728_POS_11_288.144169836189",57728,"POS",11,288.144204987032,288.144169836189,288.144163851001,"C13 H21 O6 N1"
"X57730_POS_11_300.144169284745",57730,"POS",11,300.144208262988,300.144169284745,300.144163851001,"C14 H21 O6 N1"
"X57733_POS_11_325.128219443658",57733,"POS",11,325.128254385205,325.128219443658,325.128179433911,"C16 H20 O7"
"X57735_POS_11_342.191060846402",57735,"POS",11,342.191099762341,342.191060846402,342.191114044381,"C17 H27 O6 N1"
"X57736_POS_11_344.170356655546",57736,"POS",11,344.170394658767,344.170356655546,344.170378599491,"C16 H25 O7 N1"
"X58502_POS_12_195.065160529048",58502,"POS",12,195.065183763032,195.065160529048,195.065185252901,"C10 H10 O4"
"X58503_POS_12_196.096795546707",58503,"POS",12,196.096819362679,196.096795546707,196.096819734451,"C10 H13 O3 N1"
"X58504_POS_12_236.128120209109",58504,"POS",12,236.128175256775,236.128120209109,236.128119863371,"C13 H17 O3 N1"
"X58505_POS_12_251.091409666491",58505,"POS",12,251.091475199166,251.091409666491,251.091400001391,"C13 H14 O5"
"X58506_POS_12_251.112544623164",58506,"POS",12,251.112612381654,251.112544623164,251.112529369451,"C10 H18 O7"
"X58507_POS_12_269.101936954191",58507,"POS",12,269.102016260881,269.101936954191,269.101964685421,"C13 H16 O6"
"X58509_POS_12_295.153987527942",58509,"POS",12,295.154083122852,295.153987527942,295.154000259231,"C16 H22 O5"
"X59147_POS_13_167.143050270531",59147,"POS",13,167.14304776196,167.143050270531,167.143041652031,"C11 H18 O1"
"X59154_POS_13_346.185921970189",59154,"POS",13,346.18604892358,346.185921970189,346.186028663951,"C16 H27 O7 N1"
"X59155_POS_13_350.217226623187",59155,"POS",13,350.217354554323,350.217226623187,350.217328792871,"C16 H31 O7 N1"
"X59157_POS_13_358.185947173447",59157,"POS",13,358.186080585419,358.185947173447,358.186028663951,"C17 H27 O7 N1"
"X59161_POS_13_384.201579068901",59161,"POS",13,384.201718238693,384.201579068901,384.201678728411,"C19 H29 O7 N1"
"X59164_POS_13_400.217593241932",59164,"POS",13,400.217749056113,400.217593241932,400.21772271604,"C16 H33 O10 N1"
"X59180_POS_13_532.296353228829",59180,"POS",13,532.296546747035,532.296353228829,532.296366961512,"C22 H45 O13 N1"
"X59866_POS_14_159.101569078276",59866,"POS",14,159.101562729479,159.101569078276,159.101570762251,"C8 H14 O3"
"X59867_POS_14_168.138290680443",59867,"POS",14,168.138289563125,168.138290680443,168.138290624231,"C10 H17 O1 N1"
"X59872_POS_14_265.179821276496",59872,"POS",14,265.179881257151,265.179821276496,265.179821084551,"C16 H24 O3"
"X60116_POS_15_164.106991837644",60116,"POS",15,164.106989699602,164.106991837644,164.106990495311,"C10 H13 O1 N1"
"X60118_POS_15_244.154361569679",60118,"POS",15,244.154405252497,244.154361569679,244.154334611861,"C12 H21 O4 N1"
"X60119_POS_15_251.127778491055",60119,"POS",15,251.127826907662,251.127778491055,251.12778551074,"C14 H18 O4"
"X60120_POS_15_255.122697214048",60120,"POS",15,255.122750879574,255.122697214048,255.122700130311,"C13 H18 O5"
"X60121_POS_15_274.201268988388",60121,"POS",15,274.201336610478,274.201268988388,274.20128480524,"C14 H27 O4 N1"
"X60122_POS_15_277.200929951693",60122,"POS",15,277.200994874501,277.200929951693,277.200950452611,"C14 H28 O5"
"X60124_POS_15_321.169652608453",60124,"POS",15,321.169760884242,321.169652608453,321.169650323691,"C18 H24 O5"
"X60127_POS_15_333.205955285737",60127,"POS",15,333.206084098891,333.205955285737,333.206035833041,"C20 H28 O4"
"X60241_POS_18_258.169996199328",60241,"POS",18,258.170054958395,258.169996199328,258.169984676321,"C13 H23 O4 N1"
"X60249_POS_19_279.19542301718",60249,"POS",19,279.195518543887,279.19542301718,279.195471149011,"C17 H26 O3"
"X60305_POS_3_235.107717329731",60305,"POS",3,235.107761248493,235.107717329731,235.107718771111,"C12 H14 O3 N2"
"X60307_POS_3_243.133929733596",60307,"POS",3,243.133975116321,243.133929733596,243.133933519601,"C11 H18 O4 N2"
"X60308_POS_3_249.123379993924",60308,"POS",3,249.123424823733,249.123379993924,249.123368835571,"C13 H16 O3 N2"
"X60310_POS_3_251.102637833469",60310,"POS",3,251.102684510077,251.102637833469,251.102633390681,"C12 H14 O4 N2"
"X60312_POS_3_254.138684852282",60312,"POS",3,254.138733573226,254.138684852282,254.138684547401,"C13 H19 O4 N1"
"X60356_POS_4_177.065846791771",60356,"POS",4,177.065861679763,177.065846791771,177.065853958161,"C9 H8 O2 N2"
"X60397_POS_5_216.123043885578",60397,"POS",5,216.123069773405,216.123043885578,216.123034482941,"C10 H17 O4 N1"
"X60466_POS_9_207.065182595933",60466,"POS",9,207.0652098582,207.065182595933,207.065185252901,"C11 H10 O4"
"X60468_POS_9_208.096810155116",60468,"POS",9,208.096839423113,208.096810155116,208.096819734451,"C11 H13 O3 N1"
"X60473_POS_9_249.123383764947",60473,"POS",9,249.12343588865,249.123383764947,249.123368835571,"C13 H16 O3 N2"
"X60915_POS_10_175.03895960039",60915,"POS",10,175.038970085462,175.03895960039,175.038970504411,"C10 H6 O3"
"X60916_POS_10_181.097142776621",60916,"POS",10,181.097156367463,181.097142776621,181.097154087081,"C9 H12 O2 N2"
"X60920_POS_10_205.107038524077",60920,"POS",10,205.107059294772,205.107038524077,205.107050065851,"C9 H16 O5"
"X60928_POS_10_232.190727688014",60928,"POS",10,232.190752547072,232.190727688014,232.190720121211,"C12 H25 O3 N1"
"X60931_POS_10_238.180174945142",60931,"POS",10,238.180200934986,238.180174945142,238.180155437181,"C14 H23 O2 N1"
"X60937_POS_10_246.133634036094",60937,"POS",10,246.133665374824,246.133634036094,246.133599166971,"C11 H19 O5 N1"
"X60938_POS_10_250.107424336133",60938,"POS",10,250.107453791772,250.107424336133,250.107384418481,"C13 H15 O4 N1"
"X60941_POS_10_257.10199522791",60941,"POS",10,257.102028920477,257.10199522791,257.101964685421,"C12 H16 O6"
"X60943_POS_10_263.139030057675",60943,"POS",10,263.139059028142,263.139030057675,263.139018900031,"C14 H18 O3 N2"
"X62261_POS_11_162.148857506423",62261,"POS",11,162.148866619412,162.148857506423,162.148855308261,"C8 H19 O2 N1"
"X62264_POS_11_203.10665559074",62264,"POS",11,203.106672454514,203.10665559074,203.106656142681,"C13 H14 O2"
"X62267_POS_11_219.101571922429",62267,"POS",11,219.101591578059,219.101571922429,219.101570762251,"C13 H14 O3"
"X62269_POS_11_228.123046289489",62269,"POS",11,228.123069029554,228.123046289489,228.123034482941,"C11 H17 O4 N1"
"X62274_POS_11_267.08634277695",62274,"POS",11,267.086373490988,267.08634277695,267.086314620961,"C13 H14 O6"
"X62276_POS_11_273.096882773661",62276,"POS",11,273.096910262274,273.096882773661,273.096879304991,"C12 H16 O7"
"X62277_POS_11_278.19620383892",62277,"POS",11,278.196232852416,278.19620383892,278.196199424811,"C13 H27 O5 N1"
"X62278_POS_11_292.139114223929",62278,"POS",11,292.139151494662,292.139114223929,292.139078470571,"C12 H21 O7 N1"
"X62280_POS_11_299.112556491045",62280,"POS",11,299.112589858534,299.112556491045,299.112529369451,"C14 H18 O7"
"X62282_POS_11_312.144146985848",62282,"POS",11,312.144180847193,312.144146985848,312.144163851001,"C15 H21 O6 N1"
"X62283_POS_11_315.10745434968",62283,"POS",11,315.107497223192,315.10745434968,315.107443989021,"C14 H18 O8"
"X62287_POS_11_327.143855110348",62287,"POS",11,327.143890001238,327.143855110348,327.143829498371,"C16 H22 O7"
"X63011_POS_12_167.143040884834",63011,"POS",12,167.143041066916,167.143040884834,167.143041652031,"C11 H18 O1"
"X63014_POS_12_194.081129435504",63014,"POS",12,194.081152262852,194.081129435504,194.081169669991,"C10 H11 O3 N1"
"X63016_POS_12_198.112450080096",63016,"POS",12,198.112475583217,198.112450080096,198.112469798911,"C10 H15 O3 N1"
"X63021_POS_12_228.123031439385",63021,"POS",12,228.123080297838,228.123031439385,228.123034482941,"C11 H17 O4 N1"
"X63026_POS_12_248.16450603035",63026,"POS",12,248.164569644164,248.16450603035,248.164505372721,"C15 H21 O2 N1"
"X63027_POS_12_257.101963145135",63027,"POS",12,257.102034628905,257.101963145135,257.101964685421,"C12 H16 O6"
"X63033_POS_12_284.149198120592",63033,"POS",12,284.149288400241,284.149198120592,284.149249231431,"C14 H21 O5 N1"
"X63037_POS_12_298.164856966065",63037,"POS",12,298.164958513007,298.164856966065,298.164899295891,"C15 H23 O5 N1"
"X63039_POS_12_299.1464039327",63039,"POS",12,299.146501243578,299.1464039327,299.146412955351,"C19 H22 O1 S1"
"X63041_POS_12_304.139020597658",63041,"POS",12,304.139124296254,304.139020597658,304.139078470571,"C13 H21 O7 N1"
"X63042_POS_12_312.180469088758",63042,"POS",12,312.18057499497,312.180469088758,312.180549360351,"C16 H25 O5 N1"
"X63043_POS_12_320.170307019951",63043,"POS",12,320.170416867972,320.170307019951,320.170378599491,"C14 H25 O7 N1"
"X63046_POS_12_328.175400590219",63046,"POS",12,328.175516523697,328.175400590219,328.175463979921,"C16 H25 O6 N1"
"X63050_POS_12_361.146748109819",63050,"POS",12,361.146891473838,361.146748109819,361.146806878521,"C20 H24 O4 S1"
"X63054_POS_12_376.232900159171",63054,"POS",12,376.23304392148,376.232900159171,376.232978857331,"C18 H33 O7 N1"
"X63055_POS_12_378.248535504812",63055,"POS",12,378.248676673481,378.248535504812,378.248628921791,"C18 H35 O7 N1"
"X63740_POS_13_209.080820320094",63740,"POS",13,209.080854080585,209.080820320094,209.080835317361,"C11 H12 O4"
"X63743_POS_13_263.164182625519",63743,"POS",13,263.164255992002,263.164182625519,263.164171020091,"C16 H22 O3"
"X63745_POS_13_273.133233242793",63745,"POS",13,273.133317272815,273.133233242793,273.133264814341,"C13 H20 O6"
"X63748_POS_13_290.232550991794",63748,"POS",13,290.232643604183,290.232550991794,290.232584934161,"C15 H31 O4 N1"
"X63749_POS_13_297.130748585999",63749,"POS",13,297.13085208673,297.130748585999,297.130762890891,"C19 H20 O1 S1"
"X63753_POS_13_335.185265161278",63753,"POS",13,335.185385314734,335.185265161278,335.185300388151,"C19 H26 O5"
"X63755_POS_13_363.180239062986",63755,"POS",13,363.180383121345,363.180239062986,363.180215007721,"C20 H26 O6"
"X64388_POS_14_241.107076871747",64388,"POS",14,241.107122992063,241.107076871747,241.107050065851,"C12 H16 O5"
"X64390_POS_14_245.13836219416",64390,"POS",14,245.138412451154,245.13836219416,245.138350194771,"C12 H20 O5"
"X64393_POS_14_261.148509695239",64393,"POS",14,261.148571388204,261.148509695239,261.148520955631,"C16 H20 O3"
"X64398_POS_14_284.185608290963",64398,"POS",14,284.185681483471,284.185608290963,284.185634740781,"C15 H25 O4 N1"
"X64399_POS_14_315.141304144573",64399,"POS",14,315.141400104648,315.141304144573,315.141327574921,"C19 H22 O2 S1"
"X64400_POS_14_316.175400071113",64400,"POS",14,316.175493980247,316.175400071113,316.175463979921,"C15 H25 O6 N1"
"X64403_POS_14_344.20666984105",64403,"POS",14,344.206777925208,344.20666984105,344.206764108841,"C17 H29 O6 N1"
"X64667_POS_15_187.132858551004",64667,"POS",15,187.132866898879,187.132858551004,187.132870891171,"C10 H18 O3"
"X64674_POS_15_310.201226722206",64674,"POS",15,310.201318682669,310.201226722206,310.20128480524,"C17 H27 O4 N1"
"X64677_POS_15_349.20092368934",64677,"POS",15,349.201060190231,349.20092368934,349.200950452611,"C20 H28 O5"
"X64678_POS_15_357.188229835439",64678,"POS",15,357.188353004967,357.188229835439,357.188277768301,"C22 H28 O2 S1"
"X64717_POS_16_157.122313887204",64717,"POS",16,157.122309395163,157.122313887204,157.122306207141,"C9 H16 O2"
"X64721_POS_16_231.137974502028",64721,"POS",16,231.138007382568,231.137974502028,231.137956271601,"C15 H18 O2"
"X64722_POS_16_244.154370046596",64722,"POS",16,244.154416048918,244.154370046596,244.154334611861,"C12 H21 O4 N1"
"X64724_POS_16_265.143408372753",64724,"POS",16,265.143475068113,265.143408372753,265.143435575201,"C15 H20 O4"
"X64726_POS_16_277.143385700687",64726,"POS",16,277.143469675698,277.143385700687,277.143435575201,"C16 H20 O4"
"X64727_POS_16_291.195452444691",64727,"POS",16,291.195552729787,291.195452444691,291.195471149011,"C18 H26 O3"
"X64729_POS_16_295.153981865089",64729,"POS",16,295.154092226461,295.153981865089,295.154000259231,"C16 H22 O5"
"X64731_POS_16_309.169617918754",64731,"POS",16,309.16974704547,309.169617918754,309.169650323691,"C17 H24 O5"
"X64760_POS_17_241.216245322189",64760,"POS",17,241.216287750029,241.216245322189,241.216206593901,"C15 H28 O2"
"X64761_POS_17_253.143437102404",64761,"POS",17,253.143491002183,253.143437102404,253.143435575201,"C14 H20 O4"
"X64786_POS_18_250.216562510729",64786,"POS",18,250.216616182497,250.216562510729,250.216540946531,"C16 H27 O1 N1"
"X64798_POS_19_281.211080744943",64798,"POS",19,281.211175645553,281.211080744943,281.211121213471,"C17 H28 O3"
"X64800_POS_19_303.231780219759",64800,"POS",19,303.23191531465,303.231780219759,303.231856658361,"C20 H30 O2"
"X64841_POS_3_221.09205350466",64841,"POS",3,221.092093783003,221.09205350466,221.092068706651,"C11 H12 O3 N2"
"X64846_POS_3_264.123018623477",64846,"POS",3,264.123068740206,264.123018623477,264.12303448294,"C14 H17 O4 N1"
"X64881_POS_4_103.050229625222",64881,"POS",4,103.050221515355,103.050229625222,103.050203893701,"C3 H6 O2 N2"
"X64887_POS_4_214.143773033054",64887,"POS",4,214.143801378556,214.143773033054,214.143769927831,"C11 H19 O3 N1"
"X64993_POS_9_234.148825058084",64993,"POS",9,234.148870153399,234.148825058084,234.148855308261,"C14 H19 O2 N1"
"X65000_POS_9_284.185600867044",65000,"POS",9,284.185656134577,284.185600867044,284.185634740781,"C15 H25 O4 N1"
"X65487_POS_10_190.086256530361",65487,"POS",10,190.086271981343,190.086256530361,190.086255050421,"C11 H11 O2 N1"
"X65492_POS_10_209.128457333333",65492,"POS",10,209.128475455675,209.128457333333,209.128454216001,"C11 H16 O2 N2"
"X65494_POS_10_219.112796855091",65494,"POS",10,219.11282182776,219.112796855091,219.112804151541,"C12 H14 O2 N2"
"X65500_POS_10_233.128473957313",65500,"POS",10,233.128500414463,233.128473957313,233.128454216001,"C13 H16 O2 N2"
"X65505_POS_10_270.16998423157",65505,"POS",10,270.170019975082,270.16998423157,270.169984676321,"C14 H23 O4 N1"
"X65506_POS_10_276.1441815806",65506,"POS",10,276.144222698414,276.1441815806,276.144163851001,"C12 H21 O6 N1"
"X66686_POS_11_203.09140587635",66686,"POS",11,203.09142190861,203.09140587635,203.091400001391,"C9 H14 O5"
"X66687_POS_11_204.065507062446",66687,"POS",11,204.06552370078,204.065507062446,204.065519605531,"C11 H9 O3 N1"
"X66688_POS_11_206.08116019212",66688,"POS",11,206.081180986731,206.08116019212,206.081169669991,"C11 H11 O3 N1"
"X66697_POS_11_251.091433663623",66697,"POS",11,251.091460261515,251.091433663623,251.091400001391,"C13 H14 O5"
"X66698_POS_11_255.086345323414",66698,"POS",11,255.08637488053,255.086345323414,255.086314620961,"C12 H14 O6"
"X66701_POS_11_262.128536047842",66701,"POS",11,262.128568056728,262.128536047842,262.128513786541,"C11 H19 O6 N1"
"X66706_POS_11_281.101989891447",66706,"POS",11,281.102020715385,281.101989891447,281.101964685421,"C14 H16 O6"
"X66708_POS_11_323.112532361111",66708,"POS",11,323.112567942419,323.112532361111,323.112529369451,"C16 H18 O7"
"X66710_POS_11_327.107444241546",66710,"POS",11,327.107482699444,327.107444241546,327.107443989021,"C15 H18 O8"
"X66712_POS_11_360.165278530099",66712,"POS",11,360.16531892429,360.165278530099,360.165293219061,"C16 H25 O8 N1"
"X66715_POS_11_402.175849683359",66715,"POS",11,402.175894894866,402.175849683359,402.175857903091,"C18 H27 O9 N1"
"X67422_POS_12_138.091361176785",67422,"POS",12,138.091336456108,138.091361176785,138.091340430851,"C8 H11 O1 N1"
"X67423_POS_12_141.054644987395",67423,"POS",12,141.054623858771,141.054644987395,141.054620568871,"C7 H8 O3"
"X67425_POS_12_190.180150131542",67425,"POS",12,190.180169370144,190.180150131542,190.180155437181,"C10 H23 O2 N1"
"X67429_POS_12_213.075746750202",67429,"POS",12,213.075784899255,213.075746750202,213.075749936931,"C10 H12 O5"
"X67430_POS_12_218.138673491203",67430,"POS",12,218.138714701496,218.138673491203,218.138684547401,"C10 H19 O4 N1"
"X67432_POS_12_242.138697014955",67432,"POS",12,242.138757376133,242.138697014955,242.138684547401,"C12 H19 O4 N1"
"X67435_POS_12_261.206035376757",67435,"POS",12,261.206109979967,261.206035376757,261.206035833041,"C14 H28 O4"
"X67439_POS_12_301.128166523347",67439,"POS",12,301.128265774258,301.128166523347,301.128179433911,"C14 H20 O7"
"X67440_POS_12_307.153987016162",67440,"POS",12,307.15409040407,307.153987016162,307.154000259231,"C17 H22 O5"
"X67441_POS_12_316.139002169732",67441,"POS",12,316.139105458385,316.139002169732,316.139078470571,"C14 H21 O7 N1"
"X67443_POS_12_323.148927282948",67443,"POS",12,323.14904086907,323.148927282948,323.148914878801,"C17 H22 O6"
"X67447_POS_12_353.15947425683",67447,"POS",12,353.159609513033,353.15947425683,353.159479562831,"C18 H24 O7"
"X68030_POS_13_156.138301604877",68030,"POS",13,156.138287999767,156.138301604877,156.138290624231,"C9 H17 O1 N1"
"X68031_POS_13_160.075707071586",68031,"POS",13,160.075697842361,160.075707071586,160.075690366391,"C10 H9 O1 N1"
"X68032_POS_13_188.128158047121",68032,"POS",13,188.128174327412,188.128158047121,188.128119863371,"C9 H17 O3 N1"
"X68037_POS_13_231.137945033009",68037,"POS",13,231.137998852628,231.137945033009,231.137956271601,"C15 H18 O2"
"X68040_POS_13_283.11757999722",68040,"POS",13,283.117670840036,283.11757999722,283.117614749881,"C14 H18 O6"
"X68042_POS_13_298.164850302821",68042,"POS",13,298.164949518254,298.164850302821,298.164899295891,"C15 H23 O5 N1"
"X68043_POS_13_309.1696683242",68043,"POS",13,309.169780838245,309.1696683242,309.169650323691,"C17 H24 O5"
"X68046_POS_13_386.217252036593",68046,"POS",13,386.217406854687,386.217252036593,386.217328792871,"C19 H31 O7 N1"
"X68668_POS_14_286.16487621056",68668,"POS",14,286.164949783428,286.16487621056,286.164899295891,"C14 H23 O5 N1"
"X68669_POS_14_295.115130467006",68669,"POS",14,295.11521153132,295.115130467006,295.115112826431,"C19 H18 O1 S1"
"X68670_POS_14_309.169687628617",68670,"POS",14,309.169775174859,309.169687628617,309.169650323691,"C17 H24 O5"
"X68934_POS_15_263.127787386559",68934,"POS",15,263.127842931802,263.127787386559,263.127785510741,"C15 H18 O4"
"X68990_POS_16_155.070278326468",68990,"POS",16,155.070269987497,155.070278326468,155.070270633331,"C8 H10 O3"
"X68992_POS_16_283.153960336128",68992,"POS",16,283.154049682246,283.153960336128,283.154000259231,"C15 H22 O5"
"X69065_POS_3_227.10260684625",69065,"POS",3,227.102650690188,227.10260684625,227.102633390681,"C10 H14 O4 N2"
"X69069_POS_3_266.138677370849",69069,"POS",3,266.138726846188,266.138677370849,266.138684547401,"C14 H19 O4 N1"
"X69160_POS_7_118.1226497265",69160,"POS",7,118.122645640374,118.1226497265,118.122640559771,"C6 H15 O1 N1"
"X69200_POS_9_214.107360570479",69200,"POS",9,214.107391508349,214.107360570479,214.107384418481,"C10 H15 O4 N1"
"X69203_POS_9_219.112823655264",69203,"POS",9,219.112857052278,219.112823655264,219.112804151541,"C12 H14 O2 N2"
"X69652_POS_10_226.107416449545",69652,"POS",10,226.107436830394,226.107416449545,226.107384418481,"C11 H15 O4 N1"
"X70800_POS_11_180.065544589577",70800,"POS",11,180.065557671078,180.065544589577,180.065519605531,"C9 H9 O3 N1"
"X70802_POS_11_190.049860580393",70802,"POS",11,190.049874802302,190.049860580393,190.049869541071,"C10 H7 O3 N1"
"X70803_POS_11_192.06552908012",70803,"POS",11,192.065545831045,192.06552908012,192.065519605531,"C10 H9 O3 N1"
"X70807_POS_11_208.060471246934",70807,"POS",11,208.060494065913,208.060471246934,208.060434225101,"C10 H9 O4 N1"
"X70810_POS_11_243.08633202977",70810,"POS",11,243.086355443807,243.08633202977,243.086314620961,"C11 H14 O6"
"X70811_POS_11_263.127787368659",70811,"POS",11,263.127817838953,263.127787368659,263.127785510741,"C15 H18 O4"
"X70813_POS_11_273.133235272785",70813,"POS",11,273.13326379495,273.133235272785,273.133264814341,"C13 H20 O6"
"X70817_POS_11_283.154010332539",70817,"POS",11,283.154042609301,283.154010332539,283.15400025923,"C15 H22 O5"
"X70818_POS_11_292.175475900291",70818,"POS",11,292.175508348535,292.175475900291,292.175463979921,"C13 H25 O6 N1"
"X70819_POS_11_298.16491115335",70819,"POS",11,298.164950687422,298.16491115335,298.164899295891,"C15 H23 O5 N1"
"X70823_POS_11_349.125723742227",70823,"POS",11,349.125760037556,349.125723742227,349.125677510461,"C22 H20 O2 S1"
"X70824_POS_11_358.149619886574",70824,"POS",11,358.149658561472,358.149619886574,358.149643154601,"C16 H23 O8 N1"
"X70826_POS_11_388.160219585427",70826,"POS",11,388.160266092051,388.160219585427,388.160207838631,"C17 H25 O9 N1"
"X70827_POS_11_396.2380084523",70827,"POS",11,396.238034365322,396.2380084523,396.238064237761,"C21 H33 O6 N1"
"X71489_POS_12_261.11213086692",71489,"POS",12,261.112202178991,261.11213086692,261.112135446281,"C15 H16 O4"
"X71491_POS_12_270.133596782198",71491,"POS",12,270.133678465548,270.133596782198,270.133599166971,"C13 H19 O5 N1"
"X71494_POS_12_299.112500768234",71494,"POS",12,299.112602591098,299.112500768234,299.112529369451,"C14 H18 O7"
"X71499_POS_12_351.143802263545",71499,"POS",12,351.143930049484,351.143802263545,351.143829498371,"C18 H22 O7"
"X71500_POS_12_376.196495855361",71500,"POS",12,376.196636171494,376.196495855361,376.196593347981,"C17 H29 O8 N1"
"X72068_POS_13_246.133617196774",72068,"POS",13,246.133679088615,246.133617196774,246.133599166971,"C11 H19 O5 N1"
"X72070_POS_13_261.148516848297",72070,"POS",13,261.148593225616,261.148516848297,261.148520955631,"C16 H20 O3"
"X72071_POS_13_271.11755060914",72071,"POS",13,271.117630826084,271.11755060914,271.117614749881,"C13 H18 O6"
"X72072_POS_13_277.107006276066",72072,"POS",13,277.107090062696,277.107006276066,277.107050065851,"C15 H16 O5"
"X72074_POS_13_319.153942315167",72074,"POS",13,319.154055670564,319.153942315167,319.154000259231,"C18 H22 O5"
"X72667_POS_14_276.180538717053",72667,"POS",14,276.180608913548,276.180538717053,276.180549360351,"C13 H25 O5 N1"
"X72668_POS_14_291.159087618446",72668,"POS",14,291.159161450596,291.159087618446,291.159085639661,"C17 H22 O4"
"X72670_POS_14_305.174713916229",72670,"POS",14,305.174802626728,305.174713916229,305.174735704121,"C18 H24 O4"
"X72879_POS_15_347.185255676983",72879,"POS",15,347.185395390959,347.185255676983,347.185300388151,"C20 H26 O5"
"X72924_POS_16_213.112134960624",72924,"POS",16,213.112152972917,213.112134960624,213.112135446281,"C11 H16 O4"
"X72926_POS_16_247.132890428128",72926,"POS",16,247.132937901409,247.132890428128,247.132870891171,"C15 H18 O3"
"X72927_POS_16_279.195413423699",72927,"POS",16,279.195499874257,279.195413423699,279.195471149011,"C17 H26 O3"
"X72928_POS_16_293.174716366519",72928,"POS",16,293.174823223709,293.174716366519,293.174735704121,"C17 H24 O4"
"X72968_POS_18_229.179822649305",72968,"POS",18,229.179861187278,229.179822649305,229.179821084551,"C13 H24 O3"
"X73007_POS_3_234.112466760245",73007,"POS",3,234.112511378013,234.112466760245,234.112469798911,"C13 H15 O3 N1"
"X73008_POS_3_237.123377296158",73008,"POS",3,237.123420683103,237.123377296158,237.123368835571,"C12 H16 O3 N2"
"X73506_POS_10_195.076381554397",73506,"POS",10,195.076400391848,195.076381554397,195.076418642191,"C9 H10 O3 N2"
"X73507_POS_10_200.091708227349",73507,"POS",10,200.091727022498,200.091708227349,200.091734354021,"C9 H13 O4 N1"
"X73508_POS_10_208.096819067283",73508,"POS",10,208.096838954601,208.096819067283,208.096819734451,"C11 H13 O3 N1"
"X73520_POS_10_274.180177347151",73520,"POS",10,274.180208974847,274.180177347151,274.180155437181,"C17 H23 O2 N1"
"X74640_POS_11_212.09175421623",74640,"POS",11,212.091774411788,212.09175421623,212.091734354021,"C10 H13 O4 N1"
"X74642_POS_11_244.117946749107",74642,"POS",11,244.117971717924,244.117946749107,244.117949102511,"C11 H17 O5 N1"
"X74645_POS_11_252.123081956576",74645,"POS",11,252.123115193649,252.123081956576,252.123034482941,"C13 H17 O4 N1"
"X74653_POS_11_297.096883118963",74653,"POS",11,297.096920357804,297.096883118963,297.096879304991,"C14 H16 O7"
"X74656_POS_11_328.139074604907",74656,"POS",11,328.139113066134,328.139074604907,328.139078470571,"C15 H21 O7 N1"
"X74658_POS_11_332.133987080935",74658,"POS",11,332.134024525524,332.133987080935,332.133993090141,"C14 H21 O8 N1"
"X75296_POS_12_208.096803352557",75296,"POS",12,208.096836247813,208.096803352557,208.096819734451,"C11 H13 O3 N1"
"X75297_POS_12_233.185963220438",75297,"POS",12,233.186015324589,233.185963220438,233.185969093411,"C11 H24 O3 N2"
"X75298_POS_12_240.12303323038",75298,"POS",12,240.123091746049,240.12303323038,240.123034482941,"C12 H17 O4 N1"
"X75300_POS_12_337.164569260608",75300,"POS",12,337.164689350174,337.164569260608,337.164564943261,"C18 H24 O6"
"X75302_POS_12_360.165202493296",75302,"POS",12,360.165335795867,360.165202493296,360.165293219062,"C16 H25 O8 N1"
"X75304_POS_12_388.196514458837",75304,"POS",12,388.19665875372,388.196514458837,388.196593347981,"C18 H29 O8 N1"
"X75876_POS_13_275.127772076671",75876,"POS",13,275.127855085998,275.127772076671,275.127785510741,"C16 H18 O4"
"X75878_POS_13_290.159784196434",75878,"POS",13,290.159879792765,290.159784196434,290.159813915461,"C13 H23 O6 N1"
"X75879_POS_13_293.174700940729",75879,"POS",13,293.174799076209,293.174700940729,293.174735704121,"C17 H24 O4"
"X75884_POS_13_388.19649284081",75884,"POS",13,388.196643856676,388.19649284081,388.196593347981,"C18 H29 O8 N1"
"X75887_POS_13_414.233280421592",75887,"POS",13,414.233455842722,414.233280421592,414.233372780501,"C17 H35 O10 N1"
"X76455_POS_14_231.137951514347",76455,"POS",14,231.137992606572,231.137951514347,231.137956271601,"C15 H18 O2"
"X76461_POS_14_317.174666409374",76461,"POS",14,317.17475695719,317.174666409374,317.174735704121,"C19 H24 O4"
"X76464_POS_14_363.180242147711",76464,"POS",14,363.180349617395,363.180242147711,363.180215007721,"C20 H26 O6"
"X76672_POS_15_170.153951439201",76672,"POS",15,170.153951164927,170.153951439201,170.153940688691,"C10 H19 O1 N1"
"X76674_POS_15_217.15869049835",76674,"POS",15,217.158716442756,217.15869049835,217.158691716491,"C15 H20 O1"
"X76675_POS_15_237.112137681954",76675,"POS",15,237.112176730044,237.112137681954,237.112135446281,"C13 H16 O4"
"X76677_POS_15_284.185588852621",76677,"POS",15,284.185667691329,284.185588852621,284.185634740781,"C15 H25 O4 N1"
"X76678_POS_15_295.154002795171",76678,"POS",15,295.154088645279,295.154002795171,295.154000259231,"C16 H22 O5"
"X76680_POS_15_305.174725636559",76680,"POS",15,305.174826224449,305.174725636559,305.174735704121,"C18 H24 O4"
"X76681_POS_15_314.196132750705",76681,"POS",15,314.196230934203,314.196132750705,314.196199424811,"C16 H27 O5 N1"
"X76682_POS_15_335.221630243464",76682,"POS",15,335.221762521032,335.221630243464,335.221685897501,"C20 H30 O4"
"X76751_POS_18_281.174702003281",76751,"POS",18,281.174779312036,281.174702003281,281.174735704121,"C16 H24 O4"
"X76764_POS_20_477.357604247899",76764,"POS",20,477.358461754281,477.357604247899,477.35745109721,"C29 H48 O5"
"X76765_POS_20_679.507903089464",76765,"POS",20,679.510397920388,679.507903089464,679.50782098953,"C39 H70 O5 N2 S1"
"X76786_POS_3_237.08697681997",76786,"POS",3,237.087020191037,237.08697681997,237.086983326221,"C11 H12 O4 N2"
"X78358_POS_11_256.117965767455",78358,"POS",11,256.117997850658,256.117965767455,256.117949102511,"C12 H17 O5 N1"
"X78360_POS_11_272.112880227119",78360,"POS",11,272.112917347747,272.112880227119,272.112863722081,"C12 H17 O6 N1"
"X78363_POS_11_309.133330433635",78363,"POS",11,309.133366689128,309.133330433635,309.133264814341,"C16 H20 O6"
"X78365_POS_11_348.165254741321",78365,"POS",11,348.165293827799,348.165254741321,348.165293219061,"C15 H25 O8 N1"
"X78366_POS_11_374.180929367773",78366,"POS",11,374.180966313773,374.180929367773,374.180943283521,"C17 H27 O8 N1"
"X79025_POS_12_226.143779234605",79025,"POS",12,226.143827193753,226.143779234605,226.143769927831,"C12 H19 O3 N1"
"X79040_POS_12_489.280651477969",79040,"POS",12,489.280844080596,489.280651477969,489.280657326511,"C23 H40 O9 N2"
"X79561_POS_13_261.112119515106",79561,"POS",13,261.112196758238,261.112119515106,261.112135446281,"C15 H16 O4"
"X79566_POS_13_328.211770936323",79566,"POS",13,328.211885744272,328.211770936323,328.211849489271,"C17 H29 O5 N1"
"X80090_POS_14_249.217297498025",80090,"POS",14,249.217349186871,249.217297498025,249.217269222331,"C12 H28 O3 N2"
"X80093_POS_14_298.164856964094",80093,"POS",14,298.164935837944,298.164856964094,298.164899295891,"C15 H23 O5 N1"
"X80095_POS_14_321.130741679313",80095,"POS",14,321.130838139227,321.130741679313,321.130762890891,"C21 H20 O1 S1"
"X80097_POS_14_339.141257951367",80097,"POS",14,339.141365313299,339.141257951367,339.141327574921,"C21 H22 O2 S1"
"X80327_POS_15_260.185649060482",80327,"POS",15,260.185707833791,260.185649060482,260.185634740781,"C13 H25 O4 N1"
"X80329_POS_15_281.138317577108",80329,"POS",15,281.138388479083,281.138317577108,281.138350194771,"C15 H20 O5"
"X80330_POS_15_289.179806195696",80330,"POS",15,289.179887580587,289.179806195696,289.179821084551,"C18 H24 O3"
"X80332_POS_15_319.190335070709",80332,"POS",15,319.190439724543,319.190335070709,319.190385768581,"C19 H26 O4"
"X80333_POS_15_331.19031439869",80333,"POS",15,331.190435894033,331.19031439869,331.190385768581,"C20 H26 O4"
"X80391_POS_16_129.091018650008",80391,"POS",16,129.091021479297,129.091018650008,129.091006078221,"C7 H12 O2"
"X80393_POS_16_335.221623242297",80393,"POS",16,335.221764299115,335.221623242297,335.221685897501,"C20 H30 O4"
"X80394_POS_16_349.200880140307",80394,"POS",16,349.201047937645,349.200880140307,349.200950452611,"C20 H28 O5"
"X80414_POS_17_297.205992016977",80414,"POS",17,297.206112441159,297.205992016977,297.206035833041,"C17 H28 O4"
"X80562_POS_9_250.107384609312",80562,"POS",9,250.107432063769,250.107384609312,250.107384418481,"C13 H15 O4 N1"
"X82103_POS_11_222.076087998146",82103,"POS",11,222.076111197878,222.076087998146,222.076084289561,"C11 H11 O4 N1"
"X82104_POS_11_240.123073484508",82104,"POS",11,240.123101932565,240.123073484508,240.123034482941,"C12 H17 O4 N1"
"X82107_POS_11_301.128218921267",82107,"POS",11,301.128259953696,301.128218921267,301.128179433911,"C14 H20 O7"
"X82108_POS_11_320.170378168848",82108,"POS",11,320.170413979541,320.170378168848,320.170378599491,"C14 H25 O7 N1"
"X82111_POS_11_341.123067523923",82111,"POS",11,341.123106479728,341.123067523923,341.123094053481,"C16 H20 O8"
"X82112_POS_11_353.12310395575",82112,"POS",11,353.123141206995,353.12310395575,353.123094053481,"C17 H20 O8"
"X82114_POS_11_372.165281106442",82114,"POS",11,372.165327099467,372.165281106442,372.165293219061,"C17 H25 O8 N1"
"X82115_POS_11_374.14452867088",82115,"POS",11,374.144572353116,374.14452867088,374.144557774171,"C16 H23 O9 N1"
"X82727_POS_12_254.138680157112",82727,"POS",12,254.138750985515,254.138680157112,254.138684547401,"C13 H19 O4 N1"
"X83295_POS_13_233.185957318578",83295,"POS",13,233.18601010258,233.185957318578,233.185969093411,"C11 H24 O3 N2"
"X83300_POS_13_305.174711893174",83300,"POS",13,305.174815211125,305.174711893174,305.174735704121,"C18 H24 O4"
"X83819_POS_14_319.154006070548",83819,"POS",14,319.15409994659,319.154006070548,319.154000259231,"C18 H22 O5"
"X83992_POS_15_309.169674863778",83992,"POS",15,309.169774790145,309.169674863778,309.169650323691,"C17 H24 O5"
"X83993_POS_15_309.20602672488",83993,"POS",15,309.206129018727,309.20602672488,309.206035833041,"C18 H28 O4"
"X84028_POS_16_441.209361367066",84028,"POS",16,441.209570802062,441.209361367066,441.209407136361,"C26 H32 O4 S1"
"X84039_POS_17_125.096087898239",84039,"POS",17,125.096103224145,125.096087898239,125.096091458651,"C8 H12 O1"
"X85682_POS_11_334.149646330254",85682,"POS",11,334.149692925842,334.149646330254,334.149643154601,"C14 H23 O8 N1"
"X85683_POS_11_386.253693086731",85683,"POS",11,386.253737731088,386.253693086731,386.253714302221,"C20 H35 O6 N1"
"X85684_POS_11_402.248623192345",85684,"POS",11,402.248673580349,402.248623192345,402.248628921791,"C20 H35 O7 N1"
"X85686_POS_11_416.264231992098",85686,"POS",11,416.264282041436,416.264231992098,416.264278986251,"C21 H37 O7 N1"
"X86257_POS_12_225.075739157037",86257,"POS",12,225.07578592657,225.075739157037,225.075749936931,"C11 H12 O5"
"X86259_POS_12_321.169562965763",86259,"POS",12,321.16967744303,321.169562965763,321.169650323691,"C18 H24 O5"
"X86260_POS_12_326.196129387243",86260,"POS",12,326.19624891107,326.196129387243,326.196199424811,"C17 H27 O5 N1"
"X86738_POS_13_288.14412991114",86738,"POS",13,288.144223541819,288.14412991114,288.144163851001,"C13 H21 O6 N1"
"X86740_POS_13_312.180489112539",86740,"POS",13,312.180597013089,312.180489112539,312.180549360351,"C16 H25 O5 N1"
"X87266_POS_14_249.11214492287",87266,"POS",14,249.112194473842,249.11214492287,249.112135446281,"C14 H16 O4"
"X87467_POS_16_325.200879346304",87467,"POS",16,325.201026081927,325.200879346304,325.200950452611,"C18 H28 O5"
"X87581_POS_9_204.101912750734",87581,"POS",9,204.10194012719,204.101912750734,204.101905114881,"C12 H13 O2 N1"
"X89068_POS_11_254.138700589394",89068,"POS",11,254.138731422771,254.138700589394,254.138684547401,"C13 H19 O4 N1"
"X89071_POS_11_286.128525353586",89071,"POS",11,286.128564558871,286.128525353586,286.128513786541,"C13 H19 O6 N1"
"X89072_POS_11_290.123429149805",89072,"POS",11,290.123469031868,290.123429149805,290.123428406111,"C12 H19 O7 N1"
"X89073_POS_11_302.12342749128",89073,"POS",11,302.123469494643,302.12342749128,302.123428406111,"C13 H19 O7 N1"
"X89078_POS_11_356.170372488538",89078,"POS",11,356.170413779234,356.170372488538,356.170378599491,"C17 H25 O7 N1"
"X89696_POS_12_249.217267152242",89696,"POS",12,249.217330470429,249.217267152242,249.217269222331,"C12 H28 O3 N2"
"X90181_POS_13_276.144132213406",90181,"POS",13,276.144217577707,276.144132213406,276.144163851001,"C12 H21 O6 N1"
"X90182_POS_13_291.122700067652",90182,"POS",13,291.12279448178,291.122700067652,291.122700130311,"C16 H18 O5"
"X90183_POS_13_335.148904328932",90183,"POS",13,335.14901532593,335.148904328932,335.148914878801,"C18 H22 O6"
"X90666_POS_14_285.133252927861",90666,"POS",14,285.133328437094,285.133252927861,285.133264814341,"C14 H20 O6"
"X90667_POS_14_345.169771743462",90667,"POS",14,345.169898640308,345.169771743462,345.169650323691,"C20 H24 O5"
"X90804_POS_15_351.21661579436",90804,"POS",15,351.216736831772,351.21661579436,351.216600517071,"C20 H30 O5"
"X92472_POS_11_219.137955545164",92472,"POS",11,219.137975328058,219.137955545164,219.137956271601,"C14 H18 O2"
"X92474_POS_11_242.102329338452",92474,"POS",11,242.10235959911,242.102329338452,242.102299038051,"C11 H15 O5 N1"
"X92475_POS_11_264.159449070984",92475,"POS",11,264.159483083071,264.159449070984,264.159419992291,"C15 H21 O3 N1"
"X92476_POS_11_309.096890771043",92476,"POS",11,309.096924983723,309.096890771043,309.096879304991,"C15 H16 O7"
"X93059_POS_12_277.107013176857",93059,"POS",12,277.107096808832,277.107013176857,277.107050065851,"C15 H16 O5"
"X93063_POS_12_349.164512477958",93063,"POS",12,349.164642456584,349.164512477958,349.164564943261,"C19 H24 O6"
"X94065_POS_14_299.148918560918",94065,"POS",14,299.149004453598,299.148918560918,299.148914878801,"C15 H22 O6"
"X94066_POS_14_337.164642865327",94066,"POS",14,337.164745361164,337.164642865327,337.164564943261,"C18 H24 O6"
"X94243_POS_17_191.14304356959",94243,"POS",17,191.143047393319,191.14304356959,191.143041652031,"C13 H18 O1"
"X94252_POS_19_719.539081931845",94252,"POS",19,719.541777472968,719.539081931845,719.539121118451,"C42 H74 O5 N2 S1"
"X95776_POS_11_226.107397246206",95776,"POS",11,226.107424272823,226.107397246206,226.107384418481,"C11 H15 O4 N1"
"X95779_POS_11_254.102326069878",95779,"POS",11,254.102356786116,254.102326069878,254.102299038051,"C12 H15 O5 N1"
"X95781_POS_11_287.112544147282",95781,"POS",11,287.112577907589,287.112544147282,287.112529369451,"C13 H18 O7"
"X95782_POS_11_307.117625015484",95782,"POS",11,307.117653708144,307.117625015484,307.117614749881,"C16 H18 O6"
"X96797_POS_13_227.091397294984",96797,"POS",13,227.091446828641,227.091397294984,227.091400001391,"C11 H14 O5"
"X97251_POS_14_365.156871621566",97251,"POS",14,365.156998509699,365.156871621566,365.156977639381,"C23 H24 O2 S1"
"X97417_POS_15_231.137978248932",97417,"POS",15,231.138012062642,231.137978248932,231.137956271601,"C15 H18 O2"
"X97418_POS_15_291.159073933868",97418,"POS",15,291.159157914839,291.159073933868,291.159085639661,"C17 H22 O4"
"X97458_POS_16_270.169976657679",97458,"POS",16,270.170051004164,270.169976657679,270.169984676321,"C14 H23 O4 N1"
"X98002_POS_10_216.101914414405",98002,"POS",10,216.101933745021,216.101914414405,216.101905114881,"C13 H13 O2 N1"
"X99022_POS_11_284.112869582256",99022,"POS",11,284.112908915351,284.112869582256,284.112863722081,"C13 H17 O6 N1"
"X99556_POS_12_298.128444891919",99556,"POS",12,298.128549638223,298.128444891919,298.128513786541,"C14 H19 O6 N1"
"X100014_POS_13_284.14920205957",100014,"POS",13,284.149294437323,284.14920205957,284.149249231431,"C14 H21 O5 N1"
"X100479_POS_14_312.180494561164",100479,"POS",14,312.18058480285,312.180494561164,312.180549360351,"C16 H25 O5 N1"
"X100712_POS_15_228.159426496321",100712,"POS",15,228.159461514536,228.159426496321,228.159419992291,"C12 H21 O3 N1"
"X100785_POS_17_285.205978407668",100785,"POS",17,285.206073288639,285.205978407668,285.206035833041,"C16 H28 O4"
"X101233_POS_10_251.13906772939",101233,"POS",10,251.139094024958,251.13906772939,251.139018900031,"C13 H18 O3 N2"
"X102115_POS_11_189.065858045537",102115,"POS",11,189.065874380178,189.065858045537,189.065853958161,"C10 H8 O2 N2"
"X102662_POS_12_343.13867725808",102662,"POS",12,343.138801317724,343.13867725808,343.138744117941,"C16 H22 O8"
"X102665_POS_12_402.175786648291",102665,"POS",12,402.175930334865,402.175786648291,402.17585790309,"C18 H27 O9 N1"
"X103097_POS_13_161.080848978608",103097,"POS",13,161.080840045,161.080848978608,161.080835317361,"C7 H12 O4"
"X103103_POS_13_249.217268758899",103103,"POS",13,249.217334148207,249.217268758899,249.217269222331,"C12 H28 O3 N2"
"X103104_POS_13_281.099505434509",103104,"POS",13,281.09959683456,281.099505434509,281.099462761971,"C18 H16 O1 S1"
"X103107_POS_13_307.115071823406",103107,"POS",13,307.115175498772,307.115071823406,307.115112826431,"C20 H18 O1 S1"
"X103583_POS_14_203.106647030059",103583,"POS",14,203.106669083694,203.106647030059,203.106656142681,"C13 H14 O2"
"X103589_POS_14_297.130766534408",103589,"POS",14,297.130848597159,297.130766534408,297.130762890891,"C19 H20 O1 S1"
"X103765_POS_15_257.138363547485",103765,"POS",15,257.138420456224,257.138363547485,257.138350194771,"C13 H20 O5"
"X103823_POS_16_311.185273804337",103823,"POS",16,311.185410136311,311.185273804337,311.185300388151,"C17 H26 O5"
"X103824_POS_16_319.190323608947",103824,"POS",16,319.190460366221,319.190323608947,319.190385768581,"C19 H26 O4"
"X103853_POS_18_705.506189042561",103853,"POS",18,705.506751423386,705.506189042561,705.506364437931,"C49 H68 O1 S1"
"X103942_POS_8_330.227447905093",103942,"POS",8,330.227520916009,330.227447905093,330.22749955373,"C17 H31 O5 N1"
"X105386_POS_11_402.139430933379",105386,"POS",11,402.139478725119,402.139430933379,402.139472393741,"C17 H23 O10 N1"
"X105951_POS_12_384.165200154052",105951,"POS",12,384.165348824763,384.165200154052,384.165293219061,"C18 H25 O8 N1"
"X105953_POS_12_390.175787487386",105953,"POS",12,390.175930653281,390.175787487386,390.175857903091,"C17 H27 O9 N1"
"X105954_POS_12_400.160116268926",105954,"POS",12,400.160267859472,400.160116268926,400.160207838631,"C18 H25 O9 N1"
"X108541_POS_11_329.12308600272",108541,"POS",11,329.123125229479,329.12308600272,329.123094053481,"C15 H20 O8"
"X108546_POS_11_404.155100539196",108546,"POS",11,404.155147244833,404.155100539196,404.155122458201,"C17 H25 O10 N1"
"X110463_POS_10_237.112178453976",110463,"POS",10,237.112206345021,237.112178453976,237.112135446281,"C13 H16 O4"
"X111928_POS_12_323.112488611046",111928,"POS",12,323.112598061951,323.112488611046,323.112529369451,"C16 H18 O7"
"X115103_POS_13_360.165196368561",115103,"POS",13,360.165324737615,360.165196368561,360.165293219061,"C16 H25 O8 N1"
"X115111_POS_13_398.217237952227",115111,"POS",13,398.217381446299,398.217237952227,398.217328792871,"C20 H31 O7 N1"
"X115496_POS_14_323.148964955374",115496,"POS",14,323.149062631445,323.148964955374,323.148914878801,"C17 H22 O6"
"X115683_POS_15_333.169653686374",115683,"POS",15,333.169766819937,333.169653686374,333.169650323691,"C19 H24 O5"
"X115684_POS_15_342.191029108416",115684,"POS",15,342.191155191977,342.191029108416,342.191114044381,"C17 H27 O6 N1"
"X117536_POS_12_305.138361612642",117536,"POS",12,305.138463173781,305.138361612642,305.138350194771,"C17 H20 O5"
"X117537_POS_12_328.138992126237",117537,"POS",12,328.139113777441,328.138992126237,328.139078470571,"C15 H21 O7 N1"
"X117541_POS_12_354.154621922756",117541,"POS",12,354.154755539211,354.154621922756,354.154728535031,"C17 H23 O7 N1"
"X118425_POS_14_309.133309696142",118425,"POS",14,309.133397967081,309.133309696142,309.133264814341,"C16 H20 O6"
"X118579_POS_15_293.138348290151",118579,"POS",15,293.138432075012,293.138348290151,293.138350194771,"C16 H20 O5"
"X118580_POS_15_337.200992962436",118580,"POS",15,337.201119347965,337.200992962436,337.200950452611,"C19 H28 O5"
"X123950_POS_14_311.148958460283",123950,"POS",14,311.149048980992,311.148958460283,311.148914878801,"C16 H22 O6"
"X126551_POS_14_290.159797624008",126551,"POS",14,290.15987696242,290.159797624008,290.159813915461,"C13 H23 O6 N1"
"X126552_POS_14_420.259121715691",126552,"POS",14,420.259283448255,420.259121715691,420.259193605821,"C20 H37 O8 N1"
"X126695_POS_18_257.174656557511",126695,"POS",18,257.174713250295,257.174656557511,257.174735704121,"C14 H24 O4"
"X129504_POS_10_297.133282973458",129504,"POS",10,297.133317910752,297.133282973458,297.133264814341,"C15 H20 O6"
"X130806_POS_12_325.16459322817",130806,"POS",12,325.164711040747,325.16459322817,325.164564943261,"C17 H24 O6"
"X130807_POS_12_339.180186697847",130807,"POS",12,339.180309467839,339.180186697847,339.180215007721,"C18 H26 O6"
"X130810_POS_12_368.170272601556",130810,"POS",12,368.170414493688,368.170272601556,368.170378599491,"C18 H25 O7 N1"
"X130812_POS_12_390.212143241765",130812,"POS",12,390.212286090588,390.212143241765,390.212243412441,"C18 H31 O8 N1"
"X131193_POS_13_327.143856959492",131193,"POS",13,327.143972815414,327.143856959492,327.143829498371,"C16 H22 O7"
"X131194_POS_13_340.175372821428",131194,"POS",13,340.175495240468,340.175372821428,340.175463979921,"C17 H25 O6 N1"
"X131494_POS_14_325.164632185528",131494,"POS",14,325.164734690803,325.164632185528,325.164564943261,"C17 H24 O6"
"X131496_POS_14_346.185948805129",131496,"POS",14,346.186061497172,346.185948805129,346.186028663951,"C16 H27 O7 N1"
"X132005_POS_10_297.096866981959",132005,"POS",10,297.096895384374,297.096866981959,297.096879304991,"C14 H16 O7"
"X133771_POS_13_330.154660884564",133771,"POS",13,330.154774822245,330.154660884564,330.154728535031,"C15 H23 O7 N1"
"X133774_POS_13_362.180861345079",133774,"POS",13,362.181003089711,362.180861345079,362.180943283521,"C16 H27 O8 N1"
"X134202_POS_15_261.148508750933",134202,"POS",15,261.148569154292,261.148508750933,261.148520955631,"C16 H20 O3"
"X134203_POS_15_307.153996222226",134203,"POS",15,307.154093582664,307.153996222226,307.154000259231,"C17 H22 O5"
"X134608_POS_10_276.159427039723",134608,"POS",10,276.159463547583,276.159427039723,276.159419992291,"C16 H21 O3 N1"
"X136267_POS_13_326.159754727473",136267,"POS",13,326.159877045713,326.159754727473,326.159813915461,"C16 H23 O6 N1"
"X136770_POS_16_305.174718842584",136770,"POS",16,305.174833580881,305.174718842584,305.174735704121,"C18 H24 O4"
"X138703_POS_13_355.17512484825",138703,"POS",13,355.175261582362,355.17512484825,355.175129627291,"C18 H26 O7"
"X148208_POS_18_719.541389100062",148208,"POS",18,719.541948442157,719.541389100062,719.541623041901,"C38 H74 O10 N2"
"X149772_POS_12_354.191046028906",149772,"POS",12,354.191187983642,354.191046028906,354.191114044381,"C18 H27 O6 N1"
"X150554_POS_9_358.185966642698",150554,"POS",9,358.186023121664,358.185966642698,358.186028663951,"C17 H27 O7 N1"
"X152847_POS_9_277.103033463125",152847,"POS",9,277.10307439175,277.103033463125,277.103027313851,"C10 H16 O7 N2"
"X153061_POS_9_697.30413759973",153061,"POS",9,697.304106980768,697.30413759973,697.304095369461,"C38 H48 O10 S1"
"X153125_POS_10_155.081506828637",153125,"POS",10,155.08151419026,155.081506828637,155.081504022621,"C7 H10 O2 N2"
"X154797_POS_14_257.134281160841",154797,"POS",14,257.134342171952,257.134281160841,257.134327442771,"C8 H20 O7 N2"
"X159708_POS_10_252.12308009462",159708,"POS",10,252.123110319511,252.12308009462,252.123034482941,"C13 H17 O4 N1"
"X160915_POS_12_278.211423687794",160915,"POS",12,278.211506113065,278.211423687794,278.211455566101,"C17 H27 O2 N1"
"X161808_POS_15_339.177626135703",161808,"POS",15,339.177735951924,339.177626135703,339.177713084271,"C22 H26 O1 S1"
"X161838_POS_16_201.148517567373",161838,"POS",16,201.14852549094,201.148517567373,201.148520955631,"C11 H20 O3"
"X162844_POS_11_370.186001750438",162844,"POS",11,370.186038184269,370.186001750438,370.186028663951,"C18 H27 O7 N1"
"X164013_POS_14_245.117222459325",164013,"POS",14,245.117272434171,245.117222459325,245.117220826711,"C15 H16 O3"
"X165124_POS_11_226.143804292825",165124,"POS",11,226.143829767251,226.143804292825,226.143769927831,"C12 H19 O3 N1"
"X165126_POS_11_270.133637702187",165126,"POS",11,270.133675276869,270.133637702187,270.133599166971,"C13 H19 O5 N1"
"X166397_POS_15_316.175371446853",166397,"POS",15,316.175471453542,316.175371446853,316.175463979921,"C15 H25 O6 N1"
"X166434_POS_17_231.137972896581",166434,"POS",17,231.138004410112,231.137972896581,231.137956271601,"C15 H18 O2"
"X166439_POS_18_197.117202055876",166439,"POS",18,197.117217870791,197.117202055876,197.117220826711,"C11 H16 O3"
"X168595_POS_18_171.101564243748",168595,"POS",18,171.101563686124,171.101564243748,171.101570762251,"C9 H14 O3"
"X171863_POS_11_252.159461492639",171863,"POS",11,252.159489225933,252.159461492639,252.159419992291,"C14 H21 O3 N1"
"X179147_POS_3_282.136949823624",179147,"POS",3,282.136998700512,282.136949823624,282.136970470291,"C11 H23 O5 N1 S1"
"X179178_POS_9_282.133574399233",179178,"POS",9,282.133632062228,282.133574399233,282.133599166971,"C14 H19 O5 N1"
"X179179_POS_9_305.076797875167",179179,"POS",9,305.07685801618,305.076797875167,305.076812565361,"C14 H12 O6 N2"
"X179180_POS_9_313.128133075671",179180,"POS",9,313.128192317717,313.128133075671,313.128179433911,"C15 H20 O7"
"X179181_POS_9_323.08733167021",179181,"POS",9,323.08738753076,323.08733167021,323.087377249391,"C14 H14 O7 N2"
"X179182_POS_9_330.154686214797",179182,"POS",9,330.154746926389,330.154686214797,330.154728535031,"C15 H23 O7 N1"
"X179183_POS_9_335.11006035118",179183,"POS",9,335.110124587152,335.11006035118,335.110027446001,"C21 H18 O2 S1"
"X179446_POS_10_207.028794515233",179446,"POS",10,207.028813343565,207.028794515233,207.028799743551,"C10 H6 O5"
"X179447_POS_10_260.164533848874",179447,"POS",10,260.164565356637,260.164533848874,260.164505372721,"C16 H21 O2 N1"
"X179448_POS_10_283.117652341057",179448,"POS",10,283.117681781574,283.117652341057,283.117614749881,"C14 H18 O6"
"X179449_POS_10_295.117608282633",179449,"POS",10,295.117645466852,295.117608282633,295.117614749881,"C15 H18 O6"
"X179450_POS_10_300.144179024659",179450,"POS",10,300.144203600266,300.144179024659,300.144163851001,"C14 H21 O6 N1"
"X179451_POS_10_305.099534457408",179451,"POS",10,305.099575182422,305.099534457408,305.099462761971,"C20 H16 O1 S1"
"X179452_POS_10_313.128175950759",179452,"POS",10,313.12821641642,313.128175950759,313.128179433911,"C15 H20 O7"
"X179453_POS_10_315.143832415593",179453,"POS",10,315.143870849782,315.143832415593,315.143829498371,"C15 H22 O7"
"X179455_POS_10_328.175417145782",179455,"POS",10,328.175456390733,328.175417145782,328.175463979921,"C16 H25 O6 N1"
"X179456_POS_10_330.15469979229",179456,"POS",10,330.154734428413,330.15469979229,330.154728535031,"C15 H23 O7 N1"
"X179458_POS_10_340.175429315764",179458,"POS",10,340.175465994994,340.175429315764,340.175463979921,"C17 H25 O6 N1"
"X179459_POS_10_342.1910455553",179459,"POS",10,342.1910852039,342.1910455553,342.191114044381,"C17 H27 O6 N1"
"X179460_POS_10_344.170318412745",179460,"POS",10,344.170366352404,344.170318412745,344.170378599491,"C16 H25 O7 N1"
"X179463_POS_10_358.185967424888",179463,"POS",10,358.186010241217,358.185967424888,358.186028663951,"C17 H27 O7 N1"
"X180028_POS_11_191.033884676083",180028,"POS",11,191.033898434736,191.033884676083,191.033885123981,"C10 H6 O4"
"X180029_POS_11_207.028795866235",180029,"POS",11,207.028812348393,207.028795866235,207.028799743551,"C10 H6 O5"
"X180033_POS_11_279.086334357898",180033,"POS",11,279.086362988495,279.086334357898,279.086314620961,"C14 H14 O6"
"X180035_POS_11_294.0430805012",180035,"POS",11,294.043110597473,294.0430805012,294.043070083531,"C13 H11 O5 N1 S1"
"X180037_POS_11_317.099519862923",180037,"POS",11,317.099555399364,317.099519862923,317.099462761971,"C21 H16 O1 S1"
"X180038_POS_11_319.115183815615",180038,"POS",11,319.115217446756,319.115183815615,319.115112826431,"C21 H18 O1 S1"
"X180040_POS_11_326.159832684504",180040,"POS",11,326.159857543032,326.159832684504,326.159813915461,"C16 H23 O6 N1"
"X180042_POS_11_335.110049688636",180042,"POS",11,335.110078270199,335.110049688636,335.110027446001,"C21 H18 O2 S1"
"X180043_POS_11_336.092504570887",180043,"POS",11,336.092532119542,336.092504570887,336.092522200361,"C12 H17 O10 N1"
"X180045_POS_11_337.125697370242",180045,"POS",11,337.125733520506,337.125697370242,337.125677510461,"C21 H20 O2 S1"
"X180046_POS_11_340.175418623848",180046,"POS",11,340.175456198822,340.175418623848,340.175463979921,"C17 H25 O6 N1"
"X180048_POS_11_347.110048864717",180048,"POS",11,347.110073766576,347.110048864717,347.110027446001,"C22 H18 O2 S1"
"X180051_POS_11_370.222373489258",180051,"POS",11,370.22240474664,370.222373489258,370.222414173301,"C19 H31 O6 N1"
"X180052_POS_11_384.201647235862",180052,"POS",11,384.201675795847,384.201647235862,384.201678728411,"C19 H29 O7 N1"
"X180053_POS_11_385.233290256288",180053,"POS",11,385.233319272591,385.233290256288,385.233313209961,"C19 H32 O6 N2"
"X180436_POS_12_278.048104588441",180436,"POS",12,278.048195735409,278.048104588441,278.048155463961,"C13 H11 O4 N1 S1"
"X180451_POS_12_468.243841188407",180451,"POS",12,468.244045609092,468.243841188407,468.243937464531,"C20 H37 O11 N1"
"X180738_POS_13_190.04985365302",180738,"POS",13,190.049871904026,190.04985365302,190.049869541071,"C10 H7 O3 N1"
"X180741_POS_13_289.164513064451",180741,"POS",13,289.164611039281,289.164513064451,289.164564943261,"C14 H24 O6"
"X180745_POS_13_311.185302832938",180745,"POS",13,311.185412259486,311.185302832938,311.185300388151,"C17 H26 O5"
"X180747_POS_13_335.146319066423",180747,"POS",13,335.146445652315,335.146319066423,335.146412955351,"C22 H22 O1 S1"
"X180757_POS_13_397.125622212846",180757,"POS",13,397.125780082225,397.125622212846,397.125677510461,"C26 H20 O2 S1"
"X180759_POS_13_404.2278066099",180759,"POS",13,404.227965325625,404.2278066099,404.227893476901,"C19 H33 O8 N1"
"X181034_POS_14_205.049526691281",181034,"POS",14,205.049549708516,205.049526691281,205.049535188441,"C11 H8 O4"
"X181038_POS_14_303.180183901403",181038,"POS",14,303.180271374065,303.180183901403,303.180215007721,"C15 H26 O6"
"X181040_POS_14_333.130741536399",181040,"POS",14,333.130844751682,333.130741536399,333.130762890891,"C22 H20 O1 S1"
"X181051_POS_14_381.130766753488",181051,"POS",14,381.130897394502,381.130766753488,381.130762890891,"C26 H20 O1 S1"
"X181053_POS_14_385.233197799385",181053,"POS",14,385.233334760362,385.233197799385,385.23331320996,"C19 H32 O6 N2"
"X181060_POS_14_419.20390794239",181060,"POS",14,419.204058627938,419.20390794239,419.203927832761,"C27 H30 O2 S1"
"X181061_POS_14_421.219537574686",181061,"POS",14,421.219713028954,421.219537574686,421.219577897221,"C27 H32 O2 S1"
"X181065_POS_14_511.305330248297",181065,"POS",14,511.305514593694,511.305330248297,511.305415523401,"C31 H42 O6"
"X181185_POS_15_279.122676976931",181185,"POS",15,279.122743600603,279.122676976931,279.122700130311,"C15 H18 O5"
"X181190_POS_15_359.146461325562",181190,"POS",15,359.146607059327,359.146461325562,359.146412955351,"C24 H22 O1 S1"
"X181195_POS_15_397.055302786791",181195,"POS",15,397.055444390197,397.055302786791,397.055408415211,"C20 H12 O9"
"X181229_POS_16_265.227465004014",181229,"POS",16,265.22753010213,265.227465004014,265.227439983191,"C16 H28 O1 N2"
"X181230_POS_16_282.169929301085",181230,"POS",16,282.170003514562,282.169929301085,282.169984676321,"C15 H23 O4 N1"
"X181231_POS_16_323.148848229386",181231,"POS",16,323.148956073188,323.148848229386,323.148914878801,"C17 H22 O6"
"X181234_POS_16_358.164786990926",181234,"POS",16,358.164913372892,358.164786990926,358.164899295891,"C20 H23 O5 N1"
"X181240_POS_16_383.26922652145",181240,"POS",16,383.269387995486,383.26922652145,383.269304796141,"C24 H34 O2 N2"
"X181257_POS_17_273.112110813764",181257,"POS",17,273.112194590792,273.112110813764,273.112135446281,"C16 H16 O4"
"X181260_POS_17_309.205981044846",181260,"POS",17,309.206122901506,309.205981044846,309.206035833041,"C18 H28 O4"
"X181276_POS_19_259.13287056767",181276,"POS",19,259.132935557973,259.13287056767,259.132870891171,"C16 H18 O3"
"X181278_POS_20_192.138296388004",181278,"POS",20,192.138303589149,192.138296388004,192.138290624231,"C12 H17 O1 N1"
"X181279_POS_21_192.138300623192",181279,"POS",21,192.138299861411,192.138300623192,192.138290624231,"C12 H17 O1 N1"
"X181588_POS_10_226.089670387686",181588,"POS",10,226.089688642203,226.089670387686,226.089626353741,"C11 H15 O2 N1 S1"
"X182185_POS_11_264.032556314416",182185,"POS",11,264.032571938325,264.032556314416,264.032505399501,"C12 H9 O4 N1 S1"
"X182188_POS_11_376.196581682643",182188,"POS",11,376.196629752829,376.196581682643,376.196593347981,"C17 H29 O8 N1"
"X182190_POS_11_419.238776217441",182190,"POS",11,419.238819976253,419.238776217441,419.238792513561,"C19 H34 O8 N2"
"X182646_POS_12_262.016835195605",182646,"POS",12,262.01691286034,262.016835195605,262.016855335041,"C12 H7 O4 N1 S1"
"X182647_POS_12_285.169610628947",182647,"POS",12,285.169699701612,285.169610628947,285.169650323691,"C15 H24 O5"
"X182649_POS_12_306.154713646438",182649,"POS",12,306.154816172786,306.154713646438,306.154728535031,"C13 H23 O7 N1"
"X183185_POS_14_325.200956136679",183185,"POS",14,325.201061128005,325.200956136679,325.200950452611,"C18 H28 O5"
"X183188_POS_14_397.219493027528",183188,"POS",14,397.219639546949,397.219493027528,397.219577897221,"C25 H32 O2 S1"
"X183190_POS_14_423.198800692508",183190,"POS",14,423.198962146215,423.198800692508,423.198842452331,"C26 H30 O3 S1"
"X183309_POS_15_379.172531898802",183309,"POS",15,379.172681780966,379.172531898802,379.172627703841,"C24 H26 O2 S1"
"X183354_POS_18_305.279797667918",183354,"POS",18,305.279904134172,305.279797667918,305.279869480171,"C16 H36 O3 N2"
"X184653_POS_12_313.164596980137",184653,"POS",12,313.164707386327,313.164596980137,313.164564943261,"C16 H24 O6"
"X185251_POS_14_439.230129864188",185251,"POS",14,439.230303755688,439.230129864188,439.230142581251,"C27 H34 O3 S1"
"X187048_POS_13_191.033890453425",187048,"POS",13,191.033909824448,191.033890453425,191.033885123981,"C10 H6 O4"
"X188419_POS_11_250.107393472245",188419,"POS",11,250.107421651419,250.107393472245,250.107384418481,"C13 H15 O4 N1"
"X190632_POS_12_259.153963079022",190632,"POS",12,259.154033720887,259.153963079022,259.154000259231,"C13 H22 O5"
"X191228_POS_16_297.169608892173",191228,"POS",16,297.169717364488,297.169608892173,297.169650323691,"C16 H24 O5"
"X191529_POS_10_332.170328261485",191529,"POS",10,332.170367939442,332.170328261485,332.170378599491,"C15 H25 O7 N1"
"X192503_POS_12_263.091381658188",192503,"POS",12,263.091463239505,263.091381658188,263.091400001391,"C14 H14 O5"
"X193180_POS_9_247.165197029673",193180,"POS",9,247.165240015128,247.165197029673,247.165233648521,"C11 H22 O4 N2"
"X194035_POS_11_278.211449754802",194035,"POS",11,278.211479799003,278.211449754802,278.211455566101,"C17 H27 O2 N1"
"X194454_POS_12_334.149577141467",194454,"POS",12,334.149699930177,334.149577141467,334.149643154601,"C14 H23 O8 N1"
"X195836_POS_11_295.081237852189",195836,"POS",11,295.081276966156,295.081237852189,295.081229240531,"C14 H14 O7"
"X196814_POS_15_355.211491441096",196814,"POS",15,355.211625467573,355.211491441096,355.211515136641,"C19 H30 O6"
"X196849_POS_19_211.132885721976",196849,"POS",19,211.132896388195,211.132885721976,211.132870891171,"C12 H18 O3"
"X210840_POS_12_364.196505182154",210840,"POS",12,364.196647630307,364.196505182154,364.196593347981,"C16 H29 O8 N1"
"X216747_POS_15_245.117222430676",216747,"POS",15,245.117266416197,245.117222430676,245.117220826711,"C15 H16 O3"
"X216749_POS_15_423.237658656382",216749,"POS",15,423.237835218813,423.237658656382,423.237729885131,"C23 H34 O7"
"X216790_POS_17_247.132898647373",216790,"POS",17,247.132944444264,247.132898647373,247.132870891171,"C15 H18 O3"
"X216795_POS_18_247.132867703903",216795,"POS",18,247.132922045666,247.132867703903,247.132870891171,"C15 H18 O3"
"X216796_POS_18_261.148524689866",216796,"POS",18,261.148590377119,261.148524689866,261.148520955631,"C16 H20 O3"
"X216797_POS_19_231.137974100299",216797,"POS",19,231.138002736704,231.137974100299,231.137956271601,"C15 H18 O2"
"X216799_POS_20_231.137989038814",216799,"POS",20,231.138010835156,231.137989038814,231.137956271601,"C15 H18 O2"
"X216800_POS_20_233.153630624717",216800,"POS",20,233.153654083753,233.153630624717,233.153606336061,"C15 H20 O2"
"X216801_POS_20_263.164166732217",216801,"POS",20,263.164223954531,263.164166732217,263.164171020091,"C16 H22 O3"
"X216805_POS_3_268.117917384458",216805,"POS",3,268.117966973761,268.117917384458,268.117949102511,"C13 H17 O5 N1"
"X218499_POS_14_302.159777011748",218499,"POS",14,302.159867960884,302.159777011748,302.159813915461,"C14 H23 O6 N1"
"X232390_POS_14_337.200931574024",232390,"POS",14,337.201047871559,337.200931574024,337.200950452611,"C19 H28 O5"
"X232492_POS_15_168.138292880909",232492,"POS",15,168.138290749982,168.138292880909,168.138290624231,"C10 H17 O1 N1"
"X234536_POS_10_223.107728646939",234536,"POS",10,223.107748534025,223.107728646939,223.107718771111,"C11 H14 O3 N2"
"X238363_POS_11_311.148979468085",238363,"POS",11,311.149022042006,311.148979468085,311.148914878801,"C16 H22 O6"
"X240881_POS_15_302.159765072293",240881,"POS",15,302.159859902445,302.159765072293,302.159813915461,"C14 H23 O6 N1"
"X240925_POS_3_279.133926523699",240925,"POS",3,279.133975521797,279.133926523699,279.133933519601,"C14 H18 O4 N2"
"X241222_POS_10_222.076109015255",241222,"POS",10,222.076131161656,222.076109015255,222.076084289561,"C11 H11 O4 N1"
"X241244_POS_10_265.118317296175",241244,"POS",10,265.118345405198,265.118317296175,265.118283455141,"C13 H16 O4 N2"
"X241639_POS_11_218.081182672088",241639,"POS",11,218.081207643483,218.081182672088,218.081169669991,"C12 H11 O3 N1"
"X241643_POS_11_232.096832162247",241643,"POS",11,232.09686050537,232.096832162247,232.096819734451,"C13 H13 O3 N1"
"X241644_POS_11_233.128469530786",241644,"POS",11,233.128497360049,233.128469530786,233.128454216001,"C13 H16 O2 N2"
"X241648_POS_11_236.091747364948",241648,"POS",11,236.091776880902,236.091747364948,236.091734354021,"C12 H13 O4 N1"
"X241651_POS_11_249.159785240935",241651,"POS",11,249.159817560645,249.159785240935,249.159754344921,"C14 H20 O2 N2"
"X241658_POS_11_264.123052747617",241658,"POS",11,264.12308792835,264.123052747617,264.123034482941,"C14 H17 O4 N1"
"X241659_POS_11_265.118282142825",241659,"POS",11,265.118318054281,265.118282142825,265.118283455141,"C13 H16 O4 N2"
"X241661_POS_11_266.102314303617",241661,"POS",11,266.102350689521,266.102314303617,266.102299038051,"C13 H15 O5 N1"
"X241662_POS_11_266.211450363787",241662,"POS",11,266.211486516776,266.211450363787,266.211455566101,"C16 H27 O2 N1"
"X241663_POS_11_268.117947920072",241663,"POS",11,268.117984744703,268.117947920072,268.117949102511,"C13 H17 O5 N1"
"X241671_POS_11_280.117927009059",241671,"POS",11,280.117964530908,280.117927009059,280.117949102511,"C14 H17 O5 N1"
"X241681_POS_11_298.128521005101",241681,"POS",11,298.128563955212,298.128521005101,298.128513786541,"C14 H19 O6 N1"
"X242045_POS_12_195.076373628545",242045,"POS",12,195.076396734529,195.076373628545,195.076418642191,"C9 H10 O3 N2"
"X242053_POS_12_237.075752673445",242053,"POS",12,237.075811316409,237.075752673445,237.075749936931,"C12 H12 O5"
"X242054_POS_12_238.10739407503",242054,"POS",12,238.107452280639,238.10739407503,238.107384418481,"C12 H15 O4 N1"
"X242055_POS_12_242.117552776294",242055,"POS",12,242.117614054537,242.117552776294,242.117555179341,"C15 H15 O2 N1"
"X242061_POS_12_252.123030819418",242061,"POS",12,252.123099994784,252.123030819418,252.123034482941,"C13 H17 O4 N1"
"X242064_POS_12_256.117934405196",242064,"POS",12,256.118007553332,256.117934405196,256.117949102511,"C12 H17 O5 N1"
"X242065_POS_12_258.076060025728",242065,"POS",12,258.076134763731,258.076060025728,258.076084289561,"C14 H11 O4 N1"
"X242066_POS_12_260.128113354899",242066,"POS",12,260.128189208116,260.128113354899,260.128119863371,"C15 H17 O3 N1"
"X242071_POS_12_282.133593194322",242071,"POS",12,282.133684489176,282.133593194322,282.133599166971,"C14 H19 O5 N1"
"X242083_POS_12_307.115076198546",242083,"POS",12,307.115184572628,307.115076198546,307.115112826431,"C20 H18 O1 S1"
"X242084_POS_12_309.169634466606",242084,"POS",12,309.16974721081,309.169634466606,309.169650323691,"C17 H24 O5"
"X242361_POS_13_252.123057558871",242361,"POS",13,252.123121671139,252.123057558871,252.123034482941,"C13 H17 O4 N1"
"X242364_POS_13_269.055644330227",242364,"POS",13,269.05572296883,269.055644330227,269.055683197301,"C14 H8 O4 N2"
"X242371_POS_13_296.149224228667",242371,"POS",13,296.149318242335,296.149224228667,296.149249231431,"C15 H21 O5 N1"
"X242376_POS_13_318.154641834893",242376,"POS",13,318.154752180504,318.154641834893,318.154728535031,"C14 H23 O7 N1"
"X242640_POS_14_289.143450271195",242640,"POS",14,289.143527659884,289.143450271195,289.143435575201,"C17 H20 O4"
"X242643_POS_14_303.15906169962",242643,"POS",14,303.159152283983,303.15906169962,303.159085639661,"C18 H22 O4"
"X242650_POS_14_333.169689556966",242650,"POS",14,333.169799685003,333.169689556966,333.169650323691,"C19 H24 O5"
"X242785_POS_15_237.102245777635",242785,"POS",15,237.102287657395,237.102245777635,237.102239467511,"C15 H12 O1 N2"
"X242788_POS_15_252.105307379429",242788,"POS",15,252.10536039132,252.105307379429,252.105276418201,"C13 H17 O2 N1 S1"
"X242790_POS_15_267.122682175107",242790,"POS",15,267.122746098042,267.122682175107,267.122700130311,"C14 H18 O5"
"X242797_POS_15_303.159036777195",242797,"POS",15,303.159132007858,303.159036777195,303.159085639661,"C18 H22 O4"
"X242798_POS_15_312.162724951287",242798,"POS",15,312.162827652228,312.162724951287,312.162791295611,"C16 H25 O3 N1 S1"
"X242799_POS_15_317.174690044255",242799,"POS",15,317.174797267559,317.174690044255,317.174735704121,"C19 H24 O4"
"X242800_POS_15_319.153987493062",242800,"POS",15,319.154096511404,319.153987493062,319.154000259231,"C18 H22 O5"
"X242801_POS_15_321.206007581541",242801,"POS",15,321.206121934599,321.206007581541,321.206035833041,"C19 H28 O4"
"X242802_POS_15_325.164623629706",242802,"POS",15,325.164736502864,325.164623629706,325.164564943261,"C17 H24 O6"
"X242805_POS_15_328.211757065598",242805,"POS",15,328.211873863098,328.211757065598,328.211849489271,"C17 H29 O5 N1"
"X242809_POS_15_358.222327269816",242809,"POS",15,358.222467515342,358.222327269816,358.222414173301,"C18 H31 O6 N1"
"X242840_POS_16_245.11724046687",242840,"POS",16,245.117289880381,245.11724046687,245.117220826711,"C15 H16 O3"
"X242843_POS_16_262.180140288756",242843,"POS",16,262.180204537921,262.180140288756,262.180155437181,"C16 H23 O2 N1"
"X242855_POS_16_323.185270407095",242855,"POS",16,323.185413322086,323.185270407095,323.185300388151,"C18 H26 O5"
"X242857_POS_16_335.18529702892",242857,"POS",16,335.185451646284,335.18529702892,335.185300388151,"C19 H26 O5"
"X242870_POS_17_265.143413619835",242870,"POS",17,265.143485526897,265.143413619835,265.143435575201,"C15 H20 O4"
"X242871_POS_17_268.100166806339",242871,"POS",17,268.100238313118,268.100166806339,268.100191037771,"C13 H17 O3 N1 S1"
"X242876_POS_17_293.174707422078",242876,"POS",17,293.174814522559,293.174707422078,293.174735704121,"C17 H24 O4"
"X242880_POS_17_307.190344014484",242880,"POS",17,307.190483794026,307.190344014484,307.190385768581,"C18 H26 O4"
"X242881_POS_17_333.20595280653",242881,"POS",17,333.206138161458,333.20595280653,333.206035833041,"C20 H28 O4"
"X242902_POS_19_280.263429583588",242902,"POS",19,280.263525152484,280.263429583588,280.263491139911,"C18 H33 O1 N1"
"X242903_POS_19_296.258325668385",242903,"POS",19,296.258453671367,296.258325668385,296.258405759481,"C18 H33 O2 N1"
"X242905_POS_20_296.258337672978",242905,"POS",20,296.258438866471,296.258337672978,296.258405759481,"C18 H33 O2 N1"
"X243703_POS_11_246.148885449946",243703,"POS",11,246.148917202487,246.148885449946,246.148855308261,"C15 H19 O2 N1"
"X244028_POS_12_296.14919597099",244028,"POS",12,296.14929571015,296.14919597099,296.149249231431,"C15 H21 O5 N1"
"X244295_POS_13_207.112761723319",244295,"POS",13,207.112794090187,207.112761723319,207.112804151541,"C11 H14 O2 N2"
"X244544_POS_14_283.117583243172",244544,"POS",14,283.117657297216,283.117583243172,283.117614749881,"C14 H18 O6"
"X244545_POS_14_291.122694887427",244545,"POS",14,291.122777197324,291.122694887427,291.122700130311,"C16 H18 O5"
"X244669_POS_15_266.15982524808",244669,"POS",15,266.159888055347,266.15982524808,266.159813915461,"C11 H23 O6 N1"
"X244678_POS_15_339.180237171232",244678,"POS",15,339.180365771064,339.180237171232,339.180215007721,"C18 H26 O6"
"X268693_POS_12_262.053235376154",268693,"POS",12,262.053313818928,262.053235376154,262.053240844391,"C13 H11 O3 N1 S1"
"X269265_POS_19_467.314860464517",269265,"POS",19,467.315677918976,467.314860464517,467.314934835581,"C22 H46 O6 N2 S1"
"X269266_POS_19_485.32537648281",269266,"POS",19,485.326287322853,485.32537648281,485.325499519611,"C22 H48 O7 N2 S1"
"X270602_POS_14_497.180513906266",270602,"POS",14,497.180714158776,497.180513906266,497.180608930891,"C27 H28 O9"
